Price,Close,High,Low,Open,Volume
Ticker,EWA,EWA,EWA,EWA,EWA
Date,,,,,
2021-08-09,21.36263084411621,21.427760754657253,21.338206545355987,21.427760754657253,1291700
2021-08-10,21.47661018371582,21.484751617539764,21.37891608346792,21.37891608346792,766000
2021-08-11,21.58244514465332,21.623150756943662,21.52545666631901,21.598728010697286,2044600
2021-08-12,21.517314910888672,21.5498790896691,21.46032643340826,21.50917347798868,2075500
2021-08-13,21.663860321044922,21.672001754968463,21.582447534629253,21.60687183639988,1188700
2021-08-16,21.435901641845703,21.468467372696917,21.346347434824377,21.419618776420098,2285200
2021-08-17,20.91486358642578,21.0044162458327,20.784603761088803,20.97185206590826,5909000
2021-08-18,20.752037048339844,20.939285344316588,20.752037048339844,20.84973268913875,2222600
2021-08-19,20.581073760986328,20.662484991839637,20.491519543664058,20.515943844611865,2991700
2021-08-20,20.62177848815918,20.638061354756356,20.467094361125245,20.48337722772242,1479600
2021-08-23,20.825307846069336,20.857873576423756,20.662482299936205,20.662482299936205,992600
2021-08-24,21.004417419433594,21.05326602127903,20.89044045410029,20.906723321382103,928900
2021-08-25,21.061405181884766,21.110252225638735,20.979992407081806,21.004415152549026,958800
2021-08-26,20.86601448059082,20.988134422595778,20.849733167433783,20.963710123630875,1903300
2021-08-27,21.175386428833008,21.191669297659324,20.92300817330448,20.9311480548978,1196800
2021-08-30,21.1672420501709,21.207947663754915,21.12653643658688,21.175383483451625,1176900
2021-08-31,21.10211181640625,21.19166602831517,21.093970383249115,21.159100295686617,1634100
2021-09-01,21.31378746032715,21.40334168501048,21.289363157371742,21.321928894645616,1817900
2021-09-02,21.49289321899414,21.525458954543915,21.468470470151548,21.468470470151548,1909600
2021-09-03,21.606868743896484,21.655715787626708,21.533597401891388,21.533597401891388,1653800
2021-09-07,21.49289321899414,21.59873030671117,21.49289321899414,21.57430600504884,2373600
2021-09-08,21.370771408081055,21.501031223866658,21.338205677724908,21.46846704633,2225900
2021-09-09,21.159103393554688,21.28936323750082,21.118397774628956,21.22423331552775,1799500
2021-09-10,21.004417419433594,21.264938637483517,21.004417419433594,21.25679720384261,1531000
2021-09-13,21.175386428833008,21.297504839390694,21.110256506347586,21.281221970564378,2362700
2021-09-14,20.963712692260742,21.216090934543086,20.947429824289042,21.216090934543086,1885000
2021-09-15,21.1672420501709,21.183524916732356,21.012557923476308,21.028840790037766,1861400
2021-09-16,21.10211181640625,21.11025324956339,20.963710558374103,21.077687516934837,1634000
2021-09-17,20.711332321166992,20.898580625136,20.646202408794313,20.86601489253986,2446500
2021-09-20,20.174009323120117,20.22285636717836,19.954195295628725,20.14958502468123,2859100
2021-09-21,20.410104751586914,20.54850600436609,20.353116274469528,20.48337609440057,2747500
2021-09-22,20.540363311767578,20.72761159733198,20.49965770284295,20.540363311767578,3083300
2021-09-23,20.849735260009766,20.90672374382794,20.71947542476259,20.74389817335911,1321300
2021-09-24,20.62177848815918,20.654344221353536,20.548507141291505,20.564790007888686,2225200
2021-09-27,20.743896484375,20.760179350660064,20.638060959161276,20.64620239230381,1075100
2021-09-28,20.1333065032959,20.336837709078072,20.060035144988728,20.312414958188928,3779200
2021-09-29,20.07631492614746,20.21471618690434,20.0518906261952,20.15772770650203,2463100
2021-09-30,20.206575393676758,20.385683826694414,20.157728345044525,20.32869379166718,5083900
2021-10-01,20.30426788330078,20.385680653561987,20.12515947816224,20.255419289452394,5192000
2021-10-04,20.393823623657227,20.548507755313366,20.279846659710422,20.4833778397981,3202800
2021-10-05,20.613636016845703,20.686907360023742,20.483376196266864,20.499659062044106,3463700
2021-10-06,20.458953857421875,20.475236724758897,20.149587142116907,20.206575624976793,3464800
2021-10-07,20.71947479248047,20.784604708116532,20.572932094094412,20.572932094094412,1543900
2021-10-08,20.73575210571289,20.825306304739946,20.72761067372685,20.809023440767866,1875100
2021-10-11,20.752037048339844,20.971851075522736,20.752037048339844,20.817166957932606,1432200
2021-10-12,20.874156951904297,20.947428299624118,20.78460429021757,20.849734204544117,1579400
2021-10-13,20.963712692260742,20.979995560232442,20.760181501073745,20.833452854126644,1819800
2021-10-14,21.199810028076172,21.207949909399186,21.085831502896767,21.134678554933778,1377300
2021-10-15,21.297502517700195,21.297502517700195,21.15910125340364,21.207948301737815,3999300
2021-10-18,21.191667556762695,21.216090305176,21.061407722492707,21.09397190465035,1647200
2021-10-19,21.484750747680664,21.533599348646593,21.378915217893816,21.411479399051437,1297900
2021-10-20,21.680139541625977,21.720846707311097,21.541738283935747,21.566162583346824,2154700
2021-10-21,21.47661018371582,21.58244727060739,21.444046001239762,21.517317352835548,3280200
2021-10-22,21.606868743896484,21.663857220385,21.46846749264458,21.574303012863318,2781800
2021-10-25,21.73712730407715,21.785974344979728,21.623148804878554,21.69642014264214,1460900
2021-10-26,21.696420669555664,21.785974874068145,21.647573627466798,21.785974874068145,1467000
2021-10-27,21.623153686523438,21.777837829259116,21.623153686523438,21.72899077732882,2172200
2021-10-28,21.859251022338867,21.859251022338867,21.68014257391257,21.68014257391257,1711100
2021-10-29,21.541738510131836,21.574304243021885,21.403338803807955,21.41962011743337,3122900
2021-11-01,21.549877166748047,21.549877166748047,21.435900221957517,21.46846595065162,1265600
2021-11-02,21.305639266967773,21.346344872826773,21.28121497176078,21.321922130439106,1594400
2021-11-03,21.468469619750977,21.47660950049625,21.264938439086297,21.346349669096426,1788400
2021-11-04,21.36263084411621,21.403338008716585,21.28121806773502,21.370772277036284,1641300
2021-11-05,21.517314910888672,21.541737656769108,21.444043567608272,21.49289061218869,3436500
2021-11-08,21.55802345275879,21.615011937985138,21.55802345275879,21.574306320771964,1161700
2021-11-09,21.39519691467285,21.501032438671032,21.330067003100222,21.492891005622006,2247400
2021-11-10,21.13467788696289,21.40334054672471,21.118396572011658,21.370774811182766,2612700
2021-11-11,21.03697967529297,21.110251013125183,21.020696810703715,21.0858267162413,2636600
2021-11-12,21.224231719970703,21.24865602118191,21.11839618702822,21.159101802893858,1714700
2021-11-15,21.24051284790039,21.354489805245517,21.224229981759777,21.34634837217521,2119600
2021-11-16,21.11839485168457,21.20794751149038,21.110253418462293,21.159100464976337,2147900
2021-11-17,20.776460647583008,20.87415473227482,20.73575348494519,20.85787342003917,2031100
2021-11-18,20.792743682861328,20.817166427824485,20.662482314173378,20.76017795248447,2068200
2021-11-19,20.62177848815918,20.752038315297348,20.62177848815918,20.71133270162403,1605900
2021-11-22,20.59735107421875,20.7438937457988,20.581069762902715,20.670622410008775,1286000
2021-11-23,20.86601448059082,20.87415591357912,20.719473345260088,20.76017895738203,2129700
2021-11-24,20.784605026245117,20.792746459926697,20.621779458252924,20.646203759297663,1813300
2021-11-26,19.994905471801758,20.149589624924076,19.929775547248134,20.149589624924076,2374200
2021-11-29,20.149587631225586,20.19029324773653,19.99490349340847,20.19029324773653,2983300
2021-11-30,19.913488388061523,20.13330241838425,19.7506643881636,20.06817250786117,4639200
2021-12-01,19.742525100708008,20.247283126729673,19.734383666905433,20.19029309011164,4980300
2021-12-02,20.07631492614746,20.14958627318461,19.880925184988268,19.90534948494053,3324500
2021-12-03,19.791370391845703,20.051890039096886,19.612263522565414,20.035608725758372,4733700
2021-12-06,20.07631492614746,20.14144483986719,19.90534948494053,19.97862083197768,2360200
2021-12-07,20.458953857421875,20.532225207618787,20.27170554150519,20.27170554150519,3735600
2021-12-08,20.6380615234375,20.654344390167765,20.532224442510433,20.58107304270122,2028600
2021-12-09,20.51594352722168,20.548507708495283,20.45895349255845,20.51594352722168,2645400
2021-12-10,20.548507690429688,20.597354738706983,20.434530726842777,20.57293199097817,2805400
2021-12-13,20.320213317871094,20.462371257081188,20.295127654754754,20.454008837719602,3478600
2021-12-14,20.236597061157227,20.362030191067415,20.152974442894173,20.228234639834042,3524000
2021-12-15,20.46237564086914,20.46237564086914,20.07771383763818,20.286769581559895,3287300
2021-12-16,20.345304489135742,20.470737613748256,20.270044295374493,20.445651945806983,5981000
2021-12-17,20.111162185668945,20.32858035353716,20.102801359377157,20.286769842203135,4430700
2021-12-20,20.127885818481445,20.15297308075535,20.00245269704928,20.15297308075535,3232800
2021-12-21,20.470739364624023,20.479101786309265,20.303495715825786,20.303495715825786,1768500
2021-12-22,20.771778106689453,20.771778106689453,20.487462177445774,20.512549440015047,2757400
2021-12-23,20.90557289123535,20.922297732340812,20.746690090670747,20.755052511223475,2272700
2021-12-27,21.047731399536133,21.047731399536133,20.805225982089276,20.805225982089276,2057600
2021-12-28,20.989200592041016,21.131358585975953,20.989200592041016,21.08118405049137,3193900
2021-12-29,21.0811824798584,21.18989237033998,21.056096808954113,21.0811824798584,1680500
2021-12-30,21.088773727416992,21.215306047992346,21.07190232228808,21.12251653767482,1078900
2021-12-31,20.94537353515625,21.01285755811058,20.88632521618947,20.88632521618947,1795200
2022-01-03,20.97911262512207,21.021289528622958,20.77665898326974,20.827273198205692,5582500
2022-01-04,21.29966163635254,21.417758255315217,21.265918825822766,21.29966163635254,2185300
2022-01-05,21.03816032409668,21.358708964675607,21.021288919606818,21.29966065790678,3351600
2022-01-06,20.6669979095459,20.78509452559496,20.54890129349684,20.692305016818864,6735000
2022-01-07,20.76822280883789,20.77665690153642,20.59107629220287,20.692303102986536,2811000
2022-01-10,20.607948303222656,20.624819707008403,20.354882073273316,20.557335700811038,5936000
2022-01-11,20.869447708129883,20.869447708129883,20.489850793321725,20.582640292170538,3453900
2022-01-12,21.063465118408203,21.088772224297788,20.936932806851544,20.970675614704323,2714100
2022-01-13,20.987545013427734,21.232175538904723,20.95380381515764,21.215304135296876,7452500
2022-01-14,20.75135040283203,20.85257559977886,20.599510998466293,20.734479000359062,4457500
2022-01-18,20.405498504638672,20.540466531717197,20.34645019391004,20.4898539237992,5451800
2022-01-19,20.498287200927734,20.633255222628577,20.430803190077313,20.582642616727195,4803500
2022-01-20,20.34644889831543,20.709174442400677,20.32957749376848,20.599513530736896,3362200
2022-01-21,19.77283477783203,20.14399603850474,19.764399075233232,20.076512026660087,7493700
2022-01-24,19.612558364868164,19.62099406691578,18.954588085665055,19.34262233512709,10036300
2022-01-25,19.561948776245117,19.705352515263403,19.17391446698262,19.36793081714092,10864400
2022-01-26,19.38479995727539,19.78126992352843,19.241396235024535,19.713785913583656,11020700
2022-01-27,18.954587936401367,19.33418648082652,18.903975333459893,19.22452557296239,10808900
2022-01-28,19.038942337036133,19.06424944163686,18.71839372348801,18.920845733457174,11528000
2022-01-31,19.266706466674805,19.266706466674805,19.005206086848357,19.030511589090484,4220600
2022-02-01,19.51976776123047,19.536639165766452,19.216090524311227,19.34262284043972,4806100
2022-02-02,19.637866973876953,19.688479581090323,19.511333042424866,19.612559865797383,4939700
2022-02-03,19.418542861938477,19.62099489276551,19.401671457133126,19.536639477684485,5336500
2022-02-04,19.494461059570312,19.578814859149915,19.292009044477197,19.410105651045114,4070400
2022-02-07,19.654735565185547,19.772833786703238,19.595687258899538,19.620994365427403,4317900
2022-02-08,20.025897979736328,20.059640787704726,19.815010256770766,19.90780136973822,5571700
2022-02-09,20.34644889831543,20.363318693916685,20.262093484526375,20.29583468467458,5511400
2022-02-10,20.16086769104004,20.591078875182273,20.110255083772064,20.219916001010308,5427100
2022-02-11,19.95841407775879,20.321141220599394,19.9246728785585,20.228350107143708,6749700
2022-02-14,20.000593185424805,20.093384309117038,19.85719106182165,20.051207403227384,8242200
2022-02-15,20.32957649230957,20.33801219416749,20.11025307084044,20.177737076758202,5009700
2022-02-16,20.548898696899414,20.582639893387377,20.304268184343222,20.31270388570159,4833700
2022-02-17,20.38862419128418,20.574204799814037,20.338011590584323,20.53202790072175,5121200
2022-02-18,20.228351593017578,20.380191022936373,20.17773898602657,20.338014118601492,5022800
2022-02-22,20.34644889831543,20.532029521494792,20.228350675432477,20.422367000885313,6646300
2022-02-23,20.219913482666016,20.58264060895885,20.186172285005014,20.58264060895885,8796400
2022-02-24,20.068073272705078,20.093378765679166,19.62942649310657,19.7053461899196,8783900
2022-02-25,20.430803298950195,20.43923900146967,20.00059212413158,20.05964204176788,9440300
2022-02-28,20.287399291992188,20.456110122144867,20.186174081057157,20.21991528172026,8602700
2022-03-01,20.11025619506836,20.346451056947373,19.95841675592798,20.278967040545638,9429100
2022-03-02,20.759784698486328,20.7766544908716,20.489848712977338,20.565766801074528,6152500
2022-03-03,20.56576919555664,20.77665690990747,20.430801187087756,20.709172905673025,11514900
2022-03-04,20.89475440979004,20.911625812508333,20.47297899550576,20.532027296074276,9019200
2022-03-07,20.48985481262207,20.75979087848859,20.41393509297888,20.734483768958906,8022500
2022-03-08,20.169300079345703,20.481414592258,20.084944675130583,20.278962587509017,11628700
2022-03-09,20.59951400756836,20.70074082824753,20.50672288935793,20.675433720841305,6028700
2022-03-10,20.78509521484375,20.903193443754756,20.66699859487852,20.675434297582576,2906200
2022-03-11,20.56576919555664,20.76822281720554,20.515156594617203,20.76822281720554,5893400
2022-03-14,20.312705993652344,20.692304549444263,20.245221984727745,20.57420632711695,4084600
2022-03-15,20.506723403930664,20.565771713747818,20.329578474479202,20.430803688752675,9512300
2022-03-16,21.189998626708984,21.215304123160678,20.675432079583196,20.911626903121146,4454500
2022-03-17,21.400888442993164,21.476806548736857,21.130950785794127,21.13938648842026,4232300
2022-03-18,21.670825958251953,21.70456716209484,21.375582782133797,21.375582782133797,3856000
2022-03-21,21.670825958251953,21.772051178726485,21.55272772243717,21.603341941620307,5145500
2022-03-22,21.915451049804688,21.92388675151401,21.780483040346653,21.82266154889328,7744100
2022-03-23,21.932323455810547,21.982936059434554,21.78048403599286,21.788919738087806,7162000
2022-03-24,22.23600196838379,22.244437670354657,22.016678543978163,22.016678543978163,8704800
2022-03-25,22.354103088378906,22.354103088378906,22.16852243441291,22.210699343831468,3465600
2022-03-28,22.24444007873535,22.25287417267373,22.084164941827346,22.185390158546017,3205300
2022-03-29,22.505939483642578,22.51437518617117,22.29505174726504,22.3794071636052,4078400
2022-03-30,22.52281379699707,22.691523042516533,22.46376387167201,22.56499070614045,8354900
2022-03-31,22.295053482055664,22.5059412348425,22.26974637250073,22.46376271891761,5174000
2022-04-01,22.51437759399414,22.522813297424896,22.337231039840102,22.44689357549401,4278000
2022-04-04,22.674652099609375,22.69995921098121,22.463764331682054,22.51437855442572,3257000
2022-04-05,22.556550979614258,22.910842423647807,22.480631269539522,22.77587440772509,6853700
2022-04-06,22.40471076965332,22.56498588626615,22.278178460304503,22.53124307900214,3943600
2022-04-07,22.37940788269043,22.446891896141782,22.17695584233638,22.303488166439436,4967900
2022-04-08,22.387842178344727,22.480631685417105,22.261308253248927,22.295051062326657,5344600
2022-04-11,22.151649475097656,22.30348891267996,22.13477806893388,22.269746100352403,6467000
2022-04-12,22.23600196838379,22.44688969081855,22.185387756558587,22.38784138596812,5967600
2022-04-13,22.354103088378906,22.379410199397615,22.084167006629833,22.084167006629833,4340800
2022-04-14,22.261310577392578,22.438457125653883,22.261310577392578,22.38784451569888,5281000
2022-04-18,22.193824768066406,22.295051588744016,22.04198534152286,22.067292448928693,4566100
2022-04-19,22.472198486328125,22.4890698927463,22.17695691873945,22.210698122629925,5704500
2022-04-20,22.60716438293457,22.640907192581523,22.47219636223821,22.522810576708636,5030100
2022-04-21,22.168516159057617,22.64933986968217,22.143209055202718,22.62403276582727,5813100
2022-04-22,21.333402633666992,21.805790678313222,21.299659826005165,21.805790678313222,9085700
2022-04-25,20.970678329467773,21.004419532742894,20.607951142821626,20.7935317831994,13833000
2022-04-26,20.5826416015625,20.877884737825937,20.565770197445584,20.844141929592105,6723100
2022-04-27,20.76822280883789,20.920060611595027,20.633253191477813,20.74291570390558,7509900
2022-04-28,21.0718994140625,21.097206518263125,20.709172298581173,20.903190212894913,5590400
2022-04-29,20.734481811523438,21.29122529705032,20.70074061094839,21.17312868161908,9041800
2022-05-02,20.67543601989746,20.78509694629366,20.472983964972695,20.692307426711004,8877800
2022-05-03,20.91162872314453,20.987546828052672,20.801966199157484,20.83570900929065,7197400
2022-05-04,21.400888442993164,21.42619394192581,20.726046713414213,20.89475754804539,8256800
2022-05-05,20.62482261657715,21.1225178358478,20.46454747589359,21.11408213276489,8376200
2022-05-06,20.321142196655273,20.44767451538879,20.1186901648925,20.321142196655273,9724800
2022-05-09,19.64630126953125,20.000591103596904,19.595687056997022,19.97528560627545,8618900
2022-05-10,19.663169860839844,19.966848681669134,19.494460656225673,19.924671782751982,7279400
2022-05-11,19.604124069213867,20.10181926310808,19.595688366561077,19.848754619307464,7837700
2022-05-12,19.23295783996582,19.384797243319813,19.04737724083621,19.207652345370477,8452900
2022-05-13,19.933107376098633,19.933107376098633,19.620994439144066,19.64630154576701,5973300
2022-05-16,20.0090274810791,20.127125705366314,19.83188255806685,19.87405946099004,5843000
2022-05-17,20.34644889831543,20.380190098463633,20.177738070737323,20.304270386948055,5534000
2022-05-18,19.84031867980957,20.253658451187384,19.781270370890702,20.245222748635296,3750500
2022-05-19,20.10181999206543,20.22835231855421,19.899367947894213,19.90780365085291,6368800
2022-05-20,20.278966903686523,20.43080473285631,20.017464934066986,20.388627826244566,6174500
2022-05-23,20.54046630859375,20.59951461868096,20.388626877543338,20.447675187630548,4675400
2022-05-24,20.515159606933594,20.55733812136433,20.245223550360123,20.439239889904076,5814300
2022-05-25,20.5826416015625,20.658561311142975,20.371753876937998,20.397060983113374,5867700
2022-05-26,20.607948303222656,20.6501252037414,20.43923748325643,20.43923748325643,4304700
2022-05-27,21.04659652709961,21.05503062059952,20.8863213985239,20.911628505860822,5927100
2022-05-31,20.818838119506836,20.962241848230665,20.76822551200013,20.869450727013547,5109300
2022-06-01,20.886322021484375,21.215306381948068,20.77665949536596,21.18156518010486,5550400
2022-06-02,21.375581741333008,21.3924531469059,20.979113364044807,21.021290269031244,9156900
2022-06-03,21.0718994140625,21.20686741857478,20.99597971040615,21.114077921063544,5079600
2022-06-06,21.03816032409668,21.223740946648093,20.97911201732785,21.189999746614056,3571400
2022-06-07,20.987545013427734,21.021287820643433,20.63325358239094,20.641689284194864,6011400
2022-06-08,20.62482261657715,20.79353185139777,20.591079804245517,20.768226351094892,7923000
2022-06-09,20.0184383392334,20.375133540575135,20.00973825391145,20.322934688015067,5459600
2022-06-10,19.47034454345703,19.57474390775523,19.278947644843868,19.54864365183778,11451000
2022-06-13,18.62645721435547,18.904853322096244,18.574258358996996,18.826554209372688,9129500
2022-06-14,18.47855567932129,18.669952553381588,18.30455897364049,18.64385396018373,5350700
2022-06-15,18.852651596069336,18.95705095026122,18.408957244653845,18.609054209202565,12900300
2022-06-16,18.426355361938477,18.556853295619742,18.191458085689444,18.348056269855466,5633400
2022-06-17,18.104459762573242,18.348057133787155,17.982661906651952,18.27845812192194,6371600
2022-06-21,18.539457321166992,18.643856687343767,18.46115821137732,18.49595855322679,6251400
2022-06-22,18.330657958984375,18.487256159007156,18.234958690221248,18.26105894334885,5187100
2022-06-23,18.304561614990234,18.374160639179976,18.095762883049378,18.348060382844462,5493500
2022-06-24,18.800453186035156,18.8178516959957,18.452456436880663,18.487256775544704,3942500
2022-06-27,18.756954193115234,18.89615223964372,18.722155511168918,18.80045461976264,6273900
2022-06-28,18.72215461730957,19.122348567129443,18.72215461730957,19.03534937735988,3461000
2022-06-29,18.66995620727539,18.826554434595895,18.661257780754664,18.800455836290286,4390000
2022-06-30,18.461156845092773,18.504657269185206,18.17406068356877,18.269759957200606,8443900
2022-07-01,18.348058700561523,18.365458869856493,18.017462121443014,18.121861477841353,4852600
2022-07-05,18.113162994384766,18.113162994384766,17.826066813124577,17.92176609333518,6086000
2022-07-06,18.2436580657959,18.27845840194731,18.026160942963642,18.217559473053697,5173400
2022-07-07,18.62645721435547,18.62645721435547,18.48725916048508,18.48725916048508,4042800
2022-07-08,18.54815673828125,18.661256185845065,18.417658779791253,18.513358057057317,5629700
2022-07-11,18.052263259887695,18.16536104657315,17.982664238995522,18.087063600019558,5397800
2022-07-12,18.130563735961914,18.24366153119431,18.043564538429173,18.113163564581033,4758000
2022-07-13,18.15666389465332,18.261061603629603,17.895666303469277,17.973965414887324,4947800
2022-07-14,17.97396469116211,18.000064947041082,17.66076825810084,17.834766645217456,5148200
2022-07-15,18.330657958984375,18.330657958984375,18.06096198081815,18.200160012089196,4894500
2022-07-18,18.32196044921875,18.609056636479597,18.313260363620344,18.522059099238827,4918800
2022-07-19,18.756954193115234,18.774354363774197,18.609056061257267,18.62645623191623,5580200
2022-07-20,18.748252868652344,18.83525205682549,18.652555255096235,18.791753292424666,4309100
2022-07-21,18.922252655029297,18.939652825834834,18.652556645029943,18.687355327269398,4073200
2022-07-22,18.922252655029297,19.200648750431416,18.843953545775996,19.096251044341432,4012400
2022-07-25,19.157150268554688,19.174550439619782,19.03535073047067,19.122349926424498,3541700
2022-07-26,18.913551330566406,19.07014953881398,18.913551330566406,19.035349199482738,4827000
2022-07-27,19.444246292114258,19.496445145504268,19.096251170561473,19.12234976757066,5170900
2022-07-28,19.5312442779541,19.557342873347245,19.305047048108207,19.461645257953176,3700300
2022-07-29,19.783540725708008,19.783540725708008,19.452945785143886,19.531244892530154,4195000
2022-08-01,19.77484130859375,19.93143952865686,19.661743515976855,19.748742711497655,11481100
2022-08-02,19.52254295349121,19.74004008460604,19.487742616014554,19.5921419690731,6571900
2022-08-03,19.618244171142578,19.65304451501997,19.426847257932096,19.54864514275952,7128200
2022-08-04,19.609540939331055,19.64433961530949,19.513841676490546,19.566040520143858,3795200
2022-08-05,19.47034454345703,19.513844969986113,19.278947644843868,19.305047900761316,5793200
2022-08-08,19.653045654296875,19.792243719132234,19.60084679482657,19.71394460024087,4074200
2022-08-09,19.496444702148438,19.653042918129003,19.470344446361146,19.61824257707928,5232000
2022-08-10,20.02713966369629,20.07933851948606,19.835741093514283,19.931440378605284,5643900
2022-08-11,20.044536590576172,20.235933470402852,20.03583650612431,20.148934285255656,4231100
2022-08-12,20.227235794067383,20.244635965042654,20.00973863499139,20.053237403057935,4072400
2022-08-15,19.99233627319336,20.01843652679612,19.870538408456717,19.90533708722228,6340000
2022-08-16,20.09673500061035,20.131533678289145,19.983635564568612,19.983635564568612,8204500
2022-08-17,19.844438552856445,19.974936504744623,19.731340770385753,19.792239703975472,7101900
2022-08-18,19.93143653869629,19.992335468613767,19.844437356226436,19.983635384429643,3997800
2022-08-19,19.6617431640625,19.766140869321593,19.5921441407659,19.74874235802615,8232900
2022-08-22,19.461645126342773,19.54864265622696,19.40074453230372,19.53994257136424,6070300
2022-08-23,19.505144119262695,19.592143309535253,19.33114573871758,19.33984582368199,5908600
2022-08-24,19.557342529296875,19.583442783602393,19.418144491743774,19.42684457651228,3639900
2022-08-25,19.896642684936523,19.896642684936523,19.71394419152053,19.757442963615304,3854400
2022-08-26,19.52254295349121,20.13153392498988,19.496442700383717,20.105435331253815,4524800
2022-08-29,19.45294761657715,19.539945157977694,19.374648501819266,19.444247530562745,3077400
2022-08-30,19.183246612548828,19.566042034160173,19.148447933877677,19.566042034160173,4315300
2022-08-31,19.06144905090332,19.305046442956325,19.06144905090332,19.26154601971214,3872200
2022-09-01,18.90485191345215,18.974450935201357,18.730855188764906,18.948352339152635,2991100
2022-09-02,18.939653396606445,19.270248355016477,18.87005437065846,19.157150560115372,5801600
2022-09-06,18.67865562438965,18.861354102846065,18.643856941437544,18.809155248732083,2764700
2022-09-07,18.66995620727539,18.67865629316783,18.356761412006097,18.356761412006097,2642600
2022-09-08,18.843952178955078,18.870052433270235,18.591656358061204,18.609054868233144,3474300
2022-09-09,19.444246292114258,19.47034488912345,19.252847730731503,19.27024790165205,2096500
2022-09-12,19.653045654296875,19.722644686714556,19.59214670835288,19.644345567823187,2508200
2022-09-13,18.809152603149414,19.305045795912005,18.7830523500777,19.165847764939045,3396300
2022-09-14,18.774354934692383,18.861354131261187,18.643856969525004,18.78305502028643,3198100
2022-09-15,18.62645721435547,18.878754724102855,18.574258358996996,18.713456412867384,2055500
2022-09-16,18.47855567932129,18.53945460927814,18.3219574826486,18.408956665174692,3067800
2022-09-19,18.652557373046875,18.652557373046875,18.25236172575781,18.269761897242486,2602000
2022-09-20,18.443758010864258,18.539455623443665,18.330658569582027,18.495956859486796,2757700
2022-09-21,18.069664001464844,18.495958225333787,18.060963916156712,18.321959837914314,3611600
2022-09-22,18.03486442565918,18.147963880093428,17.965265399611827,18.08706493972345,4307800
2022-09-23,17.356271743774414,17.54766862196991,17.19967354371836,17.54766862196991,6362900
2022-09-26,17.217077255249023,17.51287188810023,17.0952777082696,17.347575229024624,6613300
2022-09-27,17.069177627563477,17.35627380869907,16.956078176568823,17.269274613942788,4363100
2022-09-28,17.56507110595703,17.617269959732177,17.12137670043918,17.16487546868986,3109400
2022-09-29,17.399768829345703,17.469367838288235,17.22577047730374,17.451967671209786,3344500
2022-09-30,17.069177627563477,17.373672320153027,17.034377285912313,17.234474272291628,5907800
2022-10-03,17.556371688842773,17.62597071631664,17.286675664803006,17.347574606421173,6924400
2022-10-04,18.130563735961914,18.15666399303324,17.88696631474457,17.88696631474457,3746600
2022-10-05,18.0783634185791,18.200161289648005,17.82606593208319,17.921765207563922,3820200
2022-10-06,17.799964904785156,18.026162126506687,17.75646614111125,17.90436426072258,4504300
2022-10-07,17.52157211303711,17.73906929084292,17.43457456941221,17.669470260319933,2562900
2022-10-10,17.31277084350586,17.41717019378231,17.190972984326145,17.39977002550767,4050400
2022-10-11,17.069177627563477,17.373672320153027,16.982178432807196,17.130076566081385,4613500
2022-10-12,17.069177627563477,17.173575333773716,16.956078176568823,17.016977115086735,4223700
2022-10-13,17.478071212768555,17.547670234815865,16.695081799893394,16.71248031087654,7480600
2022-10-14,17.034378051757812,17.573771755999964,16.999579367913768,17.512871155372412,6535000
2022-10-17,17.373668670654297,17.478068014306118,17.312769744928765,17.312769744928765,4090500
2022-10-18,17.46067237854004,17.660769374816446,17.277975553949855,17.625970690815713,4494600
2022-10-19,17.34757423400879,17.460672028961483,17.199676096380394,17.356274319677716,3682800
2022-10-20,17.330171585083008,17.67816666523097,17.27797273790367,17.434570938813113,4196700
2022-10-21,17.74776840209961,17.77386865937632,17.095276904527037,17.173576016985482,5367600
2022-10-24,17.60856819152832,17.669467125008413,17.408471221701877,17.512868919275896,3158900
2022-10-25,17.956562042236328,18.000062462697414,17.71296632513973,17.71296632513973,2699000
2022-10-26,18.15666389465332,18.339360715047647,18.00876575746053,18.026164269375467,3698000
2022-10-27,18.060964584350586,18.295861918245787,18.026164241830557,18.165362293167345,3298900
2022-10-28,18.087064743041992,18.087064743041992,17.87826600779876,17.939166606878167,2591300
2022-10-31,18.026165008544922,18.043565180545023,17.869568438659197,17.869568438659197,4737300
2022-11-01,18.27846336364746,18.548159404544634,18.200164245423796,18.530759231745638,6391000
2022-11-02,17.947866439819336,18.591659548430915,17.939168012926444,18.32196185234138,6284800
2022-11-03,17.678165435791016,17.756464530800372,17.5215672457723,17.53896741341245,2746400
2022-11-04,18.55685806274414,18.600356832022,18.278461956873798,18.426360095538875,8056100
2022-11-07,18.51335906982422,18.582958095451044,18.417659787322957,18.5481577529518,2636800
2022-11-08,18.69605827331543,18.878756775984634,18.539460030848076,18.60035897861385,3918100
2022-11-09,18.313261032104492,18.70475660146524,18.313261032104492,18.56555854555291,2570900
2022-11-10,19.426847457885742,19.426847457885742,18.91355399601313,19.01795336934813,3937300
2022-11-11,19.835739135742188,19.870539475748405,19.557343053178606,19.618241988817946,5070000
2022-11-14,19.592144012451172,19.783540910420403,19.592144012451172,19.661743035291945,2170000
2022-11-15,19.905338287353516,20.05323641460998,19.766140245155846,19.966238882765104,5963800
2022-11-16,19.766138076782227,19.905336103709672,19.696539063318504,19.86183734255911,3276900
2022-11-17,19.73134422302246,19.740044309253566,19.49644687289796,19.505146959129064,2432400
2022-11-18,19.800941467285156,19.853140320591223,19.69654210130139,19.84444023514494,5555100
2022-11-21,19.58344268798828,19.59214277271431,19.426844481662744,19.557342433810195,3818900
2022-11-22,19.887939453125,19.89663953804229,19.69654090368769,19.713941073522268,3019200
2022-11-23,20.157634735107422,20.166334819716994,19.87923866508703,19.887938749696602,2650200
2022-11-25,20.2446346282959,20.27073322366389,20.166335523448875,20.166335523448875,1773300
2022-11-28,19.87923812866211,20.14893410679541,19.85313787553769,20.035836328665773,1689000
2022-11-29,20.07063865661621,20.201136627226365,20.009739714289587,20.07063865661621,2338800
2022-11-30,20.610027313232422,20.662226156794038,20.096733983324466,20.29683093312009,3808700
2022-12-01,20.64482879638672,20.775326752721234,20.523030925057377,20.73182798706691,3653600
2022-12-02,20.5665283203125,20.644827420770252,20.375131441066568,20.38383152549203,2077200
2022-12-05,20.16633415222168,20.566528074786913,20.122833730613667,20.50562914390711,3082900
2022-12-06,20.06193733215332,20.288134574953638,19.974938137326795,20.227235636386556,1914500
2022-12-07,20.09673500061035,20.15763393107679,19.983635564568612,20.053234579297605,3241800
2022-12-08,20.18373680114746,20.20113531255727,20.018438497467123,20.070637350439792,2240000
2022-12-09,20.157634735107422,20.36643178762272,20.157634735107422,20.183734988936134,1551000
2022-12-12,20.20113754272461,20.20113754272461,20.04454096651864,20.1402385976381,4156300
2022-12-13,20.475921630859375,20.79502574809619,20.422737893099995,20.768434724556773,3285400
2022-12-14,20.4227352142334,20.546831149621035,20.19227012659899,20.467054708106033,3594300
2022-12-15,19.766796112060547,20.068173418078796,19.69588390421392,20.050446634127436,1770200
2022-12-16,19.68701934814453,19.775660029187726,19.57178764626464,19.64269985296312,2473700
2022-12-19,19.669294357299805,19.873166758805482,19.616108929417916,19.846574044864536,2021500
2022-12-20,19.54519271850586,19.642697625665267,19.474280519848158,19.500873228349864,1691300
2022-12-21,19.85543441772461,19.90861814457307,19.740202727772918,19.757931200282467,5616300
2022-12-22,19.527469635009766,19.687020844195647,19.38564521083532,19.687020844195647,1711300
2022-12-23,19.78452491760254,19.793389155066677,19.580652527968635,19.6249720246089,2072500
2022-12-27,19.864301681518555,20.014990339455967,19.775660996141177,19.84657320630699,2586700
2022-12-28,19.5983829498291,19.952944030215125,19.589518711484377,19.89976029082737,2231000
2022-12-29,19.811120986938477,19.85544049108857,19.669296544841327,19.687023332092938,2102500
2022-12-30,19.704750061035156,19.79339075214832,19.64270208446011,19.687021584676412,3002900
2023-01-03,19.47428321838379,19.607245088636553,19.367915750998073,19.465418980988247,2983800
2023-01-04,19.988401412963867,20.085906354417013,19.87316968362169,20.041586848673276,2083500
2023-01-05,19.704750061035156,19.811119228507064,19.660430560818856,19.75793549011139,2536400
2023-01-06,20.40500831604004,20.413872553635105,19.802253685019085,19.944078105179255,1310700
2023-01-09,20.39614486694336,20.626609981283345,20.378416391067855,20.475921317702603,1123500
2023-01-10,20.4227352142334,20.43159776046367,20.272046568113993,20.378414029680446,1045300
2023-01-11,20.706384658813477,20.706384658813477,20.546831770958587,20.600015503350093,2204200
2023-01-12,21.122995376586914,21.176179113295106,20.706386339458476,20.98117095157806,6437700
2023-01-13,21.282546997070312,21.30027547180003,20.99003392675158,20.99003392675158,5155000
2023-01-17,21.388914108276367,21.450963768798164,21.335730375652346,21.362323087304546,1625800
2023-01-18,21.14958953857422,21.65483929860208,21.140725300069093,21.63711082159183,1833500
2023-01-19,21.326866149902344,21.380051573235342,21.158450714722324,21.255953942805395,1695500
2023-01-20,21.610515594482422,21.610515594482422,21.28254726131263,21.362323707906455,2490400
2023-01-23,21.76120376586914,21.787796477702035,21.48641917298414,21.5041476475394,1048200
2023-01-24,21.823253631591797,21.84098041563301,21.566195820169554,21.672564977818855,1229600
2023-01-25,22.03598976135254,22.053716544995666,21.761203481379496,21.80552466718823,1446800
2023-01-26,22.17781639099121,22.213271652501167,21.965079749889874,22.160087914895964,1062600
2023-01-27,22.106903076171875,22.18667952394637,21.973942893441194,22.062581888141345,3961200
2023-01-30,21.88530158996582,22.035990243652893,21.867573115254306,21.903028373996932,1161500
2023-01-31,22.03598976135254,22.06258078215741,21.77893195570299,21.814388904349975,1015300
2023-02-01,22.26645851135254,22.355097516162534,21.7966640087286,22.062584404519875,3257700
2023-02-02,22.106903076171875,22.319639706677048,21.973942893441194,22.310775469070943,1346200
2023-02-03,21.74347496032715,22.0005310547563,21.699153778059895,21.823251397727976,1159500
2023-02-06,21.53960418701172,21.583925376035825,21.371188740761593,21.504148926472926,888600
2023-02-07,21.752344131469727,21.7877993946466,21.335733377047287,21.39778135561728,7371500
2023-02-08,21.583927154541016,21.743480066813895,21.53960596186487,21.716887351208207,1181200
2023-02-09,21.52187728881836,21.903029368336814,21.46869186226934,21.894166821259123,10430000
2023-02-10,21.42437171936035,21.486419691119636,21.34459527261829,21.47755545362825,1360200
2023-02-13,21.690290451049805,21.699154687874923,21.468689602462813,21.477553839287932,1449500
2023-02-14,21.65483856201172,21.752343491570855,21.380053940422094,21.450966155370402,4326900
2023-02-15,21.22049903869629,21.22049903869629,20.990033939115413,21.025489197915327,1519500
2023-02-16,21.131858825683594,21.291411720532953,20.963441693266997,21.01662542798997,3434100
2023-02-17,20.998897552490234,21.016624336023227,20.803887717504114,20.883664160783827,975000
2023-02-21,20.795026779174805,20.990036645095923,20.777299992829757,20.927988666186703,998600
2023-02-22,20.697521209716797,20.83048139109836,20.644337475300258,20.79502444103371,972700
2023-02-23,20.706384658813477,20.777296865562274,20.47591956420979,20.750704154026337,1402400
2023-02-24,20.316368103027344,20.351823363551325,20.227727415696656,20.280911151822874,4777800
2023-02-27,20.39614486694336,20.467057079764853,20.316368416184112,20.360687915192354,1213700
2023-02-28,20.28091049194336,20.41387236395346,20.254319470085687,20.316367441994167,2653900
2023-03-01,20.467056274414062,20.529104246856303,20.342960329529582,20.422736777149733,1646800
2023-03-02,20.475921630859375,20.502512654398796,20.280911774607418,20.289776012680736,1584800
2023-03-03,20.812755584716797,20.82161982336955,20.546835187856857,20.608883167745464,1179600
2023-03-06,20.6088809967041,20.68865744549417,20.55569726107088,20.635473709860946,1653000
2023-03-07,20.156814575195312,20.52910409782659,20.130221862621497,20.52910409782659,3640200
2023-03-08,20.316368103027344,20.431599813080897,20.227727415696656,20.272048604702242,1024200
2023-03-09,20.07703971862793,20.45819350897826,20.059311242174292,20.3961455320711,1972600
2023-03-10,19.722476959228516,20.059309529688985,19.678157462558598,19.952942061409015,2633700
2023-03-13,19.5983829498291,19.76679840633709,19.438830040985245,19.47428530368355,7719500
2023-03-14,19.873165130615234,19.899757842377465,19.687019529640406,19.83770818159893,2678500
2023-03-15,19.359052658081055,19.48314860759423,19.128587544213364,19.341324182241884,4705900
2023-03-16,19.58951759338379,19.58951759338379,19.217228057557293,19.23495653323486,1867300
2023-03-17,19.47428321838379,19.607245088636553,19.403371009899843,19.54519542686774,1671200
2023-03-20,19.66042709350586,19.740203532370277,19.580650654641442,19.589514891257515,1166000
2023-03-21,19.731342315673828,19.775661814857127,19.616108912708416,19.740206553646594,1723800
2023-03-22,19.624975204467773,20.0415859793841,19.61611096556735,19.775663884413543,1331600
2023-03-23,19.536334991455078,19.8554391187784,19.429965821893575,19.70475044812995,2076600
2023-03-24,19.518604278564453,19.545195299897937,19.30586765449459,19.403370883851363,1473400
2023-03-27,19.624975204467773,19.642703682268618,19.492015002322844,19.571791461745942,2567000
2023-03-28,19.811120986938477,19.8288494648708,19.70475181002526,19.71361604899142,1170500
2023-03-29,19.99726104736328,20.059309017388674,19.926348840094207,19.9795342635563,1160800
2023-03-30,20.254318237304688,20.289773494517075,20.192270269172763,20.26318247427787,1164700
2023-03-31,20.334095001220703,20.396142970334694,20.30750228988027,20.316366526993747,1776500
2023-04-03,20.679792404174805,20.697520878923786,20.529103750169263,20.573423246361312,4179800
2023-04-04,20.520238876342773,20.60001531955846,20.440462433127088,20.564560061840574,3992700
2023-04-05,20.467056274414062,20.51137577167839,20.35182287643809,20.43159932405824,1485400
2023-04-06,20.467056274414062,20.55569695962317,20.26318388190943,20.32523185435167,1437400
2023-04-10,20.43160057067871,20.44046480880851,20.21886392760514,20.254320880124343,2163700
2023-04-11,20.6088809967041,20.644337947579896,20.520240310195085,20.546833023351933,2137400
2023-04-12,20.72411346435547,20.86593958237013,20.670929726775302,20.82161839215288,4003600
2023-04-13,20.998897552490234,21.016624336023227,20.81275195461079,20.83934466593081,2775400
2023-04-14,20.795026779174805,21.034356146979476,20.732978800265585,20.96344392955742,2579400
2023-04-17,20.786165237426758,20.81275626357169,20.67979606080492,20.750708281659243,1287400
2023-04-18,20.87480354309082,20.901396259021666,20.81275556326616,20.848212517840622,1433800
2023-04-19,20.812755584716797,20.8482125393278,20.795027107411293,20.795027107411293,615500
2023-04-20,20.830480575561523,20.954576514568426,20.76843260605807,20.821616338392406,862400
2023-04-21,20.6088809967041,20.67979320777522,20.529104547914034,20.67092897005627,2752100
2023-04-24,20.679792404174805,20.679792404174805,20.573423246361312,20.608880195859278,561000
2023-04-25,20.3075008392334,20.52910167919944,20.28090812979259,20.511373206238897,2043700
2023-04-26,20.245454788208008,20.369550729301203,20.19227105497955,20.316366996072748,2112500
2023-04-27,20.493650436401367,20.493650436401367,20.23659260018501,20.298640577015007,4082100
2023-04-28,20.511377334594727,20.520241572859113,20.280912211762356,20.289776450026743,3148200
2023-05-01,20.449329376220703,20.617746522037734,20.422738352083673,20.573425330675054,2487700
2023-05-02,20.254318237304688,20.351821462649003,20.112493827094475,20.342958916356153,1290500
2023-05-03,20.1036319732666,20.298640137752418,20.085903497218656,20.139087234681963,1201100
2023-05-04,20.08590316772461,20.183408093708287,20.032719431133742,20.103631643481734,981700
2023-05-05,20.6531982421875,20.69751942594859,20.378413665589893,20.38727790234211,982600
2023-05-08,20.662063598632812,20.777296991975945,20.63547257761546,20.777296991975945,522500
2023-05-09,20.537967681884766,20.600015651902364,20.484783949109737,20.502510732914494,1002900
2023-05-10,20.600017547607422,20.741841975179067,20.405009382366547,20.741841975179067,1076200
2023-05-11,20.369552612304688,20.369552612304688,20.201137159732504,20.36068837416712,2968500
2023-05-12,20.289775848388672,20.413873489729756,20.1834083737312,20.387280775725124,1675200
2023-05-15,20.520238876342773,20.529103113442332,20.36955022701096,20.42273564960832,2699200
2023-05-16,20.147951126098633,20.387280476587105,20.13022265035567,20.360687762972663,761900
2023-05-17,20.316368103027344,20.351823363551325,20.147950966167084,20.280911151822874,602300
2023-05-18,20.227725982666016,20.236590219839147,20.08590156925664,20.174542250307592,857300
2023-05-19,20.38728141784668,20.475922109973432,20.342961917123592,20.458193633411966,1070700
2023-05-22,20.38728141784668,20.4404651568505,20.33409767884286,20.33409767884286,759000
2023-05-23,20.13908576965332,20.289774423737875,20.12135898557545,20.236590690143448,1083900
2023-05-24,19.749069213867188,19.908620412588842,19.722476502073388,19.908620412588842,774900
2023-05-25,19.554059982299805,19.624972191937104,19.46541929758307,19.616107954397386,1275300
2023-05-26,19.873165130615234,19.88202936786931,19.72247647865671,19.72247647865671,830700
2023-05-30,19.722476959228516,19.864301377388756,19.633836275208257,19.85543713991869,1450900
2023-05-31,19.385643005371094,19.421098262040786,19.217225886819218,19.3235933475086,1595200
2023-06-01,19.828845977783203,19.855436999324695,19.509740193841992,19.527468668656596,1729800
2023-06-02,20.13022232055664,20.156815033735406,20.023854849202525,20.03271908692878,1423100
2023-06-05,19.988401412963867,20.13909009944565,19.988401412963867,20.112499072271717,1066400
2023-06-06,20.121362686157227,20.147953712504673,19.952945526340276,19.952945526340276,1185400
2023-06-07,19.910961151123047,20.163799381825392,19.892902630752516,20.05543964800452,2079100
2023-06-08,20.20895004272461,20.20895004272461,20.037382889045745,20.05544141100373,1318900
2023-06-09,20.190887451171875,20.281185209720825,20.16379709021558,20.227006210127588,1506200
2023-06-12,20.272159576416016,20.28118797564672,20.15476971858193,20.227008968664606,1315800
2023-06-13,20.524995803833008,20.588204931482437,20.46178667618358,20.55208616810543,3235300
2023-06-14,20.59723472595215,20.759773464367477,20.461786351379217,20.660443852598213,1487300
2023-06-15,20.976490020751953,20.985520141521594,20.687533045401203,20.687533045401203,1523000
2023-06-16,21.066791534423828,21.184179671092323,21.039701169506667,21.184179671092323,1936700
2023-06-20,21.030670166015625,21.120967926585635,20.967459322369486,21.084849166821506,1221000
2023-06-21,20.95842933654785,21.03067030117916,20.795892333085586,20.84104121366076,1404900
2023-06-22,20.515966415405273,20.52499653715204,20.40760839908327,20.47081752899104,1532500
2023-06-23,20.01028823852539,20.04640871934753,19.919988758789366,19.9290188789949,1085400
2023-06-26,20.028348922729492,20.06446768203264,19.929019320586963,19.93804944099259,796300
2023-06-27,20.190887451171875,20.23603633044635,20.05543736870976,20.127678331259872,989200
2023-06-28,20.064472198486328,20.136711455672824,20.010293186176394,20.05544207604805,1135200
2023-06-29,20.172828674316406,20.19991903723843,20.04641042531923,20.05543882397377,1057500
2023-06-30,20.362457275390625,20.40760788298263,20.281187904044586,20.29924814708139,3844900
2023-07-03,20.47081756591797,20.497907931207145,20.39857831413312,20.39857831413312,774000
2023-07-05,20.29924774169922,20.45275635980728,20.29021762036115,20.434696117131146,7647400
2023-07-06,19.79357147216797,19.947080078403662,19.69424186745093,19.947080078403662,1332800
2023-07-07,19.956111907958984,20.046411399769028,19.721333918180697,19.739394161006615,1257200
2023-07-10,19.856782913208008,19.88387327829066,19.694244167351307,19.694244167351307,961900
2023-07-11,20.136709213256836,20.136709213256836,19.93805170869633,19.956111951561713,949900
2023-07-12,20.61529541015625,20.624325531630504,20.4617867897331,20.47081691120735,1071200
2023-07-13,21.157089233398438,21.18417787369764,21.003580623198335,21.003580623198335,1377700
2023-07-14,21.039701461791992,21.229330574207257,21.030673062347113,21.211270330678257,1286200
2023-07-17,20.94940185546875,20.967460375097797,20.83201200512285,20.859102368045626,785300
2023-07-18,21.030670166015625,21.093879287342386,20.886189960000973,20.904250201042725,1318300
2023-07-19,20.940372467041016,21.00358159375257,20.886191739300084,20.94940258833117,4512400
2023-07-20,20.96746063232422,21.13902948830099,20.94940211247363,21.075820363025205,1516600
2023-07-21,20.895221710205078,20.922312073880573,20.850072826398772,20.922312073880573,1943400
2023-07-24,20.93134307861328,20.99455220753796,20.7958946991576,20.813953220050657,1659200
2023-07-25,21.12999725341797,21.14805749378134,20.98551877514962,20.98551877514962,1340100
2023-07-26,21.193208694458008,21.265447941507258,21.0667904427017,21.075820563872792,2088600
2023-07-27,20.994550704956055,21.382837294640336,20.958430221115904,21.36477705272026,3084400
2023-07-28,20.886192321777344,20.99455205796163,20.84104343638698,20.9223128079453,1353500
2023-07-31,21.09387969970703,21.15708882226947,21.01261033574978,21.01261033574978,1602000
2023-08-01,20.678504943847656,20.83201356728249,20.66044470054483,20.75977431639078,1516700
2023-08-02,20.172828674316406,20.35342764915763,20.136708190420375,20.335367407209613,1734400
2023-08-03,20.172828674316406,20.290216802339575,20.073499065921787,20.091559307869804,1372300
2023-08-04,20.290218353271484,20.57014695790435,20.28118823160724,20.353429204921216,2821700
2023-08-07,20.371490478515625,20.371490478515625,20.208951711236217,20.35343195506667,1166700
2023-08-08,20.236038208007812,20.24506832916442,19.99223010373796,20.082529592984514,1333100
2023-08-09,20.272159576416016,20.353428948048975,20.19089020478306,20.290218097197002,1167700
2023-08-10,20.26313018798828,20.6062662077158,20.254100066111288,20.47081782420019,1837700
2023-08-11,20.09156036376953,20.227008740859123,20.055439877975207,20.136709248692874,1847300
2023-08-14,19.99222755432129,20.028348034341615,19.793570081167342,19.86580931888871,2195100
2023-08-15,19.74842643737793,19.947083963181992,19.73036619258127,19.919993595987,2421500
2023-08-16,19.53170394897461,19.75745180735181,19.50461530825381,19.640063678816237,2295400
2023-08-17,19.360136032104492,19.631032762251195,19.342075790809538,19.576853760685736,1978200
2023-08-18,19.37819480895996,19.423345412798202,19.22468792286823,19.251776562851745,1666100
2023-08-21,19.42334747314453,19.450437838321108,19.278868970175353,19.396257107967955,906100
2023-08-22,19.32401466369629,19.45043462464644,19.296926025315013,19.44140450441291,988000
2023-08-23,19.64006233215332,19.66715269333609,19.441404850437774,19.441404850437774,1889000
2023-08-24,19.287899017333984,19.549765657083388,19.287899017333984,19.477526405878077,2482500
2023-08-25,19.432376861572266,19.55879511631989,19.23371763574652,19.441406982957034,2463100
2023-08-28,19.603944778442383,19.622005021928207,19.5317055268187,19.5317055268187,881400
2023-08-29,19.974172592163086,19.974172592163086,19.576855852810947,19.594916096035952,1351300
2023-08-30,20.09156036376953,20.263129226653444,20.055439877975207,20.181859855935777,2121100
2023-08-31,20.05544090270996,20.18186088712997,20.01029201547973,20.154770521400046,1606400
2023-09-01,20.09156036376953,20.227008740859123,19.9741722295771,20.19088997738436,1417600
2023-09-05,19.910961151123047,20.01932088494392,19.90193275209755,19.992230520908816,1172600
2023-09-06,19.739395141601562,19.883873646747073,19.667155889028805,19.829692915577777,1822000
2023-09-07,19.64006233215332,19.712301572988007,19.55879297092438,19.66715269333609,970600
2023-09-08,19.59491729736328,19.69424519655123,19.567826930864914,19.61297581937583,957900
2023-09-11,19.910961151123047,20.028351006288954,19.88387250940748,19.992230520908816,1146100
2023-09-12,19.865812301635742,19.94708167156436,19.83872193755302,19.83872193755302,658300
2023-09-13,19.7755126953125,19.856782064768375,19.71230356847338,19.802603059237637,962200
2023-09-14,20.163799285888672,20.199919771096955,20.01029066839254,20.046411153600822,1625200
2023-09-15,20.082530975341797,20.254099844488046,20.073500853563612,20.199920836138563,1868900
2023-09-18,20.01932144165039,20.046411806438837,19.929021948008497,20.046411806438837,4414900
2023-09-19,20.01028823852539,20.12767807887802,19.96513935981704,20.08252747785035,1128900
2023-09-20,19.910961151123047,20.227008508921095,19.90193275209755,20.07349989069459,1146700
2023-09-21,19.278867721557617,19.495585461975413,19.278867721557617,19.459464977412697,1983900
2023-09-22,19.540735244750977,19.70327398812529,19.52267672395795,19.64006485955074,1239700
2023-09-25,19.522674560546875,19.54976319989437,19.396254595087466,19.44140519786561,1974000
2023-09-26,19.269840240478516,19.486558010587697,19.269840240478516,19.405288631506785,2408200
2023-09-27,19.188570022583008,19.360138895622665,19.062151759458867,19.342078651656458,2527800
2023-09-28,19.53170394897461,19.594914796068586,19.278867449876614,19.314986211610837,1440000
2023-09-29,19.42334747314453,19.775513608841948,19.387226986242432,19.766483487116425,1635800
2023-10-02,19.026031494140625,19.269839623578136,18.971852483927737,19.251779379400613,3044700
2023-10-03,18.773191452026367,18.935728452250512,18.70095048883427,18.836400572500096,1436600
2023-10-04,18.872522354125977,18.899612719661413,18.682894962336825,18.881552475971123,1527200
2023-10-05,19.044090270996094,19.089239155641557,18.917672016133157,18.935730536599614,2369500
2023-10-06,19.342077255249023,19.414316503578863,18.93573040694398,19.044090140598502,1547900
2023-10-09,19.37819480895996,19.405285171262904,19.143418558278828,19.152446956727047,1510100
2023-10-10,19.62200355529785,19.66715416063767,19.468494941781454,19.48655518391738,2457400
2023-10-11,19.62200355529785,19.712303043657997,19.48655518391738,19.67618428170563,1512100
2023-10-12,19.16147804260254,19.513645881000766,19.098268916364773,19.513645881000766,3174900
2023-10-13,19.107297897338867,19.296926987055365,19.044088774873174,19.215657623222498,3411600
2023-10-16,19.405284881591797,19.414315002224647,19.18856715336157,19.233716034206424,843300
2023-10-17,19.486555099487305,19.567824466427368,19.251777119695955,19.26080724072479,1526100
2023-10-18,19.170507431030273,19.38722516512692,19.14341879071785,19.369166645691788,2861400
2023-10-19,18.95379066467285,19.161478288496284,18.90864178030064,19.007969670383414,4194500
2023-10-20,18.628713607788086,18.809312594007324,18.610655087021826,18.782222229378565,2051000
2023-10-23,18.66483497619629,18.81834360504271,18.52035646931962,18.601625844727703,3221500
2023-10-24,18.890579223632812,18.93572810247454,18.782219503165617,18.83640022455888,2631200
2023-10-25,18.646774291992188,18.827373282483773,18.637744170235646,18.74610390899452,3189600
2023-10-26,18.610652923583984,18.719010924863543,18.520353440971434,18.655801803730572,3405900
2023-10-27,18.556472778320312,18.755131990716407,18.475203413670897,18.72804162839346,2951100
2023-10-30,18.782222747802734,18.827373356763573,18.664834609143803,18.77319434833019,2264500
2023-10-31,18.728042602539062,18.737072723783083,18.583564107273766,18.646773233662394,1594500
2023-11-01,19.071178436279297,19.08020683431178,18.84543059444148,18.88154935352947,2164300
2023-11-02,19.45946502685547,19.45946502685547,19.305956411712888,19.360137138694625,2654100
2023-11-03,19.694244384765625,19.748425115529056,19.594916489671917,19.622005132734007,1448800
2023-11-06,19.612974166870117,19.71230378000867,19.558795160757978,19.71230378000867,1580500
2023-11-07,19.38722801208496,19.432378623101656,19.314988756777954,19.369169489997986,2022300
2023-11-08,19.432376861572266,19.585885480474186,19.38722625464844,19.54073487355036,2038300
2023-11-09,19.32401466369629,19.62200174212561,19.314984543462757,19.54073238234313,1435400
2023-11-10,19.305957794189453,19.32401803780997,19.08924003770212,19.233718542027006,1440600
2023-11-13,19.405284881591797,19.4233451228575,19.215657515260126,19.233716034206424,1358700
2023-11-14,20.03738021850586,20.055438738057045,19.793572120210513,19.793572120210513,1561200
2023-11-15,20.03738021850586,20.15476834602614,20.01028985569989,20.07349897992769,1618600
2023-11-16,19.84775161743164,19.94708122787264,19.77551237047078,19.865811859751734,1830800
2023-11-17,20.05544090270996,20.05544090270996,19.910962396789646,19.94708288442955,1545400
2023-11-20,20.190887451171875,20.227006210127588,20.037378850391576,20.046408970710342,1449600
2023-11-21,20.163799285888672,20.281187418176525,20.127680522999924,20.236038533985703,1909800
2023-11-22,20.09156036376953,20.145739370141456,20.001260871603282,20.118650728115274,1781000
2023-11-24,20.272159576416016,20.28118797564672,20.15476971858193,20.15476971858193,731200
2023-11-27,20.100589752197266,20.14573863547414,20.03738062668185,20.10961987331654,1082900
2023-11-28,20.326335906982422,20.389545027191925,20.181857425840885,20.236036425689125,1887200
2023-11-29,20.227008819580078,20.317308312097758,20.16379969151357,20.28118782616286,1299500
2023-11-30,20.272159576416016,20.344398826498693,20.15476971858193,20.24506921176517,1855100
2023-12-01,20.705595016479492,20.723655259527344,20.317308402548544,20.335368645596397,1908300
2023-12-04,20.362457275390625,20.524996018082703,20.344398754673396,20.38051751842743,2620300
2023-12-05,20.172828674316406,20.245067919789,20.10961954981782,20.1637985533424,2223900
2023-12-06,20.35342788696289,20.60626438791133,20.335367644803863,20.579175746992277,2291300
2023-12-07,20.534029006958008,20.579179620854813,20.362460118789773,20.488880115381015,1609100
2023-12-08,20.606264114379883,20.669473238777943,20.470815744624115,20.48887598654341,1528900
2023-12-11,20.59723472595215,20.59723472595215,20.497906836502413,20.54305572058688,1410200
2023-12-12,20.65141487121582,20.65141487121582,20.515964778143392,20.606264266085184,1504700
2023-12-13,21.328659057617188,21.328659057617188,20.74171323035988,20.841042842170108,2822100
2023-12-14,21.662763595581055,21.753063080529554,21.5453754707716,21.581494231359347,3358100
2023-12-15,21.518287658691406,21.716945171265174,21.500227415097527,21.590526910747286,2618000
2023-12-18,21.671794891357422,21.798213143748093,21.653734648924605,21.76209438120198,1975000
2023-12-19,22.1413516998291,22.18650058530272,22.032991963445,22.05105220656228,2932000
2023-12-20,21.835472106933594,22.259282100810232,21.835472106933594,22.194789428463224,2448600
2023-12-21,22.277708053588867,22.286921543112726,22.084228288174746,22.16714793659602,2540700
2023-12-22,22.332984924316406,22.41590456416419,22.277705750182303,22.379052367172545,2369900
2023-12-26,22.51725196838379,22.51725196838379,22.305345238423573,22.379053149570307,2216000
2023-12-27,22.627811431884766,22.63702492123063,22.498826095629497,22.517253074321225,1996400
2023-12-28,22.56332015991211,22.729159463812504,22.55410666999614,22.56332015991211,1498700
2023-12-29,22.42511749267578,22.544889326523958,22.332984366557763,22.44354446935803,2594100
2024-01-02,22.250064849853516,22.425117614700977,22.24085136146226,22.360624953255392,3100200
2024-01-03,22.01973533630371,22.11186847306684,21.87232302040007,21.955242667757545,2369100
2024-01-04,21.946029663085938,22.075015003027236,21.90917746194276,21.91839095155192,2256000
2024-01-05,21.927602767944336,22.157934737176078,21.826257896441927,21.853896608081918,2114200
2024-01-08,22.084228515625,22.09344200524375,21.79861736661762,21.81704434585512,1685500
2024-01-09,21.853897094726562,21.91839152367413,21.817044892621457,21.88153756427552,1937200
2024-01-10,21.81704330444336,21.872322482223705,21.780189347727543,21.79861632608545,1986800
2024-01-11,21.798616409301758,21.872322565721383,21.53143225126563,21.835470366158262,2986600
2024-01-12,21.844682693481445,22.07501465823242,21.807830492913876,22.010521989269094,4257300
2024-01-16,21.28267478942871,21.420873622632154,21.208968627900642,21.384019663221366,4221900
2024-01-17,21.05234146118164,21.06155495044185,20.914142636865332,20.997062282913795,6857500
2024-01-18,21.245819091796875,21.255032580895772,21.08919329170234,21.135260737196827,3269800
2024-01-19,21.448511123657227,21.448511123657227,21.236604400960683,21.347164506597718,4500400
2024-01-22,21.448511123657227,21.577496449156047,21.393230192192078,21.466936343519013,2336800
2024-01-23,21.632776260375977,21.66963021577136,21.50379093107876,21.605137551122752,2289500
2024-01-24,21.651203155517578,21.936814279569514,21.641989666703864,21.9276007907558,4093700
2024-01-25,21.780187606811523,21.835468537466575,21.6788427485304,21.835468537466575,3364300
2024-01-26,21.826255798339844,21.909175439875895,21.770974865786947,21.853894507322998,2636100
2024-01-29,21.982879638671875,22.01973183313818,21.7801864185812,21.844679076867088,2446500
2024-01-30,21.927602767944336,21.936816257588823,21.743338246935025,21.844683118437434,2710900
2024-01-31,21.761764526367188,22.157934024578488,21.734124058322646,22.093441356434635,4753500
2024-02-01,21.8723201751709,21.88153366337803,21.605136046336845,21.63277475366505,3476600
2024-02-02,21.743337631225586,21.817043789000856,21.632777515915972,21.80783029961727,3064000
2024-02-05,21.522218704223633,21.577497882066478,21.38401812367645,21.568284392877107,2695000
2024-02-06,21.77097511291504,21.77097511291504,21.531431431639877,21.55907014093676,3063600
2024-02-07,21.697269439697266,21.734123395966847,21.632776773518852,21.697269439697266,2331700
2024-02-08,21.66963005065918,21.678843539437825,21.5682834313874,21.660416561880538,1840100
2024-02-09,21.78940200805664,21.798615496885123,21.63277621255909,21.724909343550586,1832000
2024-02-12,21.77097511291504,21.853894755392332,21.678843738867663,21.678843738867663,1541800
2024-02-13,21.1721134185791,21.31952573293265,21.01548761491678,21.310312243623876,3438600
2024-02-14,21.531431198120117,21.531431198120117,21.37480540372762,21.40244411272475,4489700
2024-02-15,21.88153648376465,21.890749973159338,21.68805847835641,21.68805847835641,3283000
2024-02-16,21.863107681274414,21.98288127612111,21.752549332347144,21.780188040932323,1937800
2024-02-20,21.88153648376465,22.028948799492852,21.817043815295236,22.01052182070347,2050200
2024-02-21,21.77097511291504,21.82625604609545,21.66963025000426,21.807829068368644,1888800
2024-02-22,21.982879638671875,22.001304857258457,21.844679076867088,21.881533028626535,1695800
2024-02-23,22.028947830200195,22.084227006842585,21.992095631536383,22.056588297168062,1138600
2024-02-26,21.955244064331055,22.028950226971325,21.89075139168251,22.010523246987873,1443300
2024-02-27,22.10265350341797,22.1210804809952,22.03816083919096,22.065801305556807,1924100
2024-02-28,21.844682693481445,21.863109672411948,21.789403513983373,21.798617003448623,1473600
2024-02-29,22.038162231445312,22.1118683891173,21.927602116290625,22.038162231445312,1697800
2024-03-01,22.286922454833984,22.29613594473475,22.01973651959231,22.121083151207223,1630500
2024-03-04,22.130294799804688,22.17636048818221,22.102654332402153,22.130294799804688,1297800
2024-03-05,22.0658016204834,22.222427417538647,22.001307198042614,22.130294285630853,1491100
2024-03-06,22.452760696411133,22.572532544868672,22.415906738551318,22.434333717481223,1806800
2024-03-07,22.81207847595215,22.858144166946467,22.766011027664362,22.821291965609706,1784200
2024-03-08,22.821290969848633,23.070049907868185,22.78443701282645,23.033195950846004,1848100
2024-03-11,22.489612579345703,22.50803955801536,22.34220026457528,22.388265953956008,2327800
2024-03-12,22.489612579345703,22.498826068680533,22.314559796570794,22.397479443290834,1612500
2024-03-13,22.65545082092285,22.710729997071873,22.563317689145606,22.563317689145606,4396100
2024-03-14,22.222427368164062,22.498825005980006,22.121080747561333,22.489611517080363,3472100
2024-03-15,22.139507293701172,22.203999957447905,22.05658765251443,22.194786468727905,2238000
2024-03-18,22.185575485229492,22.277708625540022,22.157935015948286,22.26849513577962,1436600
2024-03-19,22.222427368164062,22.259279566469303,22.06580157145681,22.10265376976205,1479500
2024-03-20,22.49882698059082,22.51725396000735,22.111869199311137,22.139509668435927,1983700
2024-03-21,22.49882698059082,22.609387099796507,22.489613490882558,22.57253314096345,1192900
2024-03-22,22.35141372680664,22.452760352073444,22.342200237482988,22.415906394778823,2611100
2024-03-25,22.443546295166016,22.590958606029723,22.443546295166016,22.46197151605396,1645400
2024-03-26,22.369840621948242,22.526466425278894,22.36062713265898,22.526466425278894,3471900
2024-03-27,22.71994400024414,22.729157489359746,22.508039022465336,22.508039022465336,1383200
2024-03-28,22.71994400024414,22.766009688528797,22.63702435549707,22.63702435549707,2922000
2024-04-01,22.646238327026367,22.793650641429505,22.54489170188918,22.719944484227938,2192900
2024-04-02,22.590957641601562,22.609384618996202,22.480397534527015,22.517251489316294,2253400
2024-04-03,22.637025833129883,22.65545281256391,22.379055150227376,22.379055150227376,2314200
2024-04-04,22.508037567138672,22.89499529850728,22.48039710157904,22.89499529850728,2183100
2024-04-05,22.627811431884766,22.71073107870413,22.45276040619359,22.554105274411267,2634000
2024-04-08,22.756797790527344,22.80286347847561,22.673878146385782,22.71994383433405,1146200
2024-04-09,22.894996643066406,22.977916287321694,22.71994386549487,22.941062331077852,3558200
2024-04-10,22.379053115844727,22.54489064379499,22.27770649546402,22.471184490052657,3813200
2024-04-11,22.43433380126953,22.50803995997101,22.213215325165088,22.471186001973553,4704200
2024-04-12,22.01973533630371,22.32377345751664,21.98288313597451,22.24085381015917,2882300
2024-04-15,21.863107681274414,22.259278905732558,21.798615018184627,22.259278905732558,3021400
2024-04-16,21.411659240722656,21.540644578699588,21.328739592796506,21.50379237811765,3535900
2024-04-17,21.651203155517578,21.76176326398885,21.522217826712183,21.743336286361423,3551100
2024-04-18,21.466936111450195,21.68805632033384,21.457724380265518,21.632775389466307,2218100
2024-04-19,21.522218704223633,21.632777059909323,21.457726037191417,21.531432193413004,2785900
2024-04-22,21.78940200805664,21.872321650219657,21.62356272373061,21.65120319021605,1742600
2024-04-23,21.982879638671875,22.02894532107804,21.761761199994616,21.817040370340646,1187000
2024-04-24,21.853897094726562,21.94603023592958,21.752552220967395,21.927603256230277,1328900
2024-04-25,21.724910736083984,21.770976425885816,21.45772657210519,21.522219240745127,2271500
2024-04-26,21.853897094726562,21.88153756427552,21.715698261568786,21.798617912922154,2357100
2024-04-29,22.047374725341797,22.056588214296468,21.927601126224403,21.98288205995243,1130900
2024-04-30,21.50379180908203,21.899963059291576,21.50379180908203,21.853895613166404,2298700
2024-05-01,21.54985809326172,21.853896216913828,21.448513223573304,21.51300589263687,3517800
2024-05-02,21.946029663085938,22.019735822665744,21.651205024766703,21.79861734392632,2433300
2024-05-03,22.259281158447266,22.406693476797766,22.130295819213938,22.296135116681615,2088600
2024-05-06,22.49882698059082,22.554106161546922,22.443547799634715,22.45276128934298,1216900
2024-05-07,22.692304611206055,22.766010770339946,22.62781194162558,22.719945079866307,1542100
2024-05-08,22.57253074645996,22.581744235190854,22.471184127713432,22.489611105175218,1593700
2024-05-09,22.56332015991211,22.56332015991211,22.397480856011715,22.397480856011715,4133600
2024-05-10,22.55410385131836,22.655450470434793,22.52646514231809,22.63702349290575,1787300
2024-05-13,22.590957641601562,22.710729480080147,22.554103686812287,22.683090771281474,1646900
2024-05-14,22.71994400024414,22.71994400024414,22.60938564544362,22.627810866381463,1042200
2024-05-15,23.05162239074707,23.05162239074707,22.7199438144708,22.867356124528396,1394200
2024-05-16,23.15296745300293,23.22667360866014,23.12532874293983,23.180607920359396,1298200
2024-05-17,23.254314422607422,23.254314422607422,23.03319595234016,23.079261641327488,1020900
2024-05-20,23.116113662719727,23.226672009949034,23.09768668575043,23.152965859365082,1071400
2024-05-21,23.143756866455078,23.208249536184912,23.10690290815606,23.12532988730557,1812200
2024-05-22,22.701519012451172,22.987131928196963,22.64623983020411,22.987131928196963,6066100
2024-05-23,22.57253074645996,22.996340684321286,22.49882459390611,22.987128952883687,1785300
2024-05-24,22.766010284423828,22.793650752494123,22.62781145865917,22.62781145865917,1033900
2024-05-28,22.683090209960938,22.885781684406265,22.61859579067569,22.885781684406265,1557800
2024-05-29,22.29613494873047,22.39747981852463,22.286921459241285,22.388266329035442,1895400
2024-05-30,22.508037567138672,22.6001706950442,22.44354490479278,22.48039710157904,1473100
2024-05-31,22.710729598999023,22.71994308774459,22.46197067474869,22.683090890055627,1316200
2024-06-03,22.858144760131836,22.931850922011552,22.71994592626905,22.867358250028488,2169000
2024-06-04,22.710729598999023,22.738370065235713,22.581744271147723,22.692302621507896,2205700
2024-06-05,22.98712921142578,22.98712921142578,22.75679726244273,22.90420956920842,829300
2024-06-06,23.125328063964844,23.14375504166146,22.93184831273701,22.941061801585317,1585700
2024-06-07,22.793649673461914,23.014768135676487,22.78443618454131,22.941061981604964,1097300
2024-06-10,22.821290969848633,22.876570148088515,22.646238188580053,22.692303877564388,712700
2024-06-11,22.585573196411133,22.613747114318397,22.416535062592935,22.538618457774156,1090700
2024-06-12,22.914262771606445,23.130257444989557,22.87669933724825,23.083302704239678,1718500
2024-06-13,22.782787322998047,22.867307286563676,22.63253000803881,22.867307286563676,797400
2024-06-14,22.623138427734375,22.632529733706555,22.435315890707713,22.47288111459643,892100
2024-06-17,22.688875198364258,22.726440421292743,22.454097928686476,22.529226583335028,2993300
2024-06-18,22.942434310913086,22.979997741374742,22.801568312067243,22.820349131693895,1222600
2024-06-20,22.970609664916992,23.026957505342786,22.867308873220257,22.96122014938797,1108600
2024-06-21,22.886089324951172,22.933044062995535,22.82974148984781,22.91426145129441,1264800
2024-06-24,22.970609664916992,23.073912247822335,22.92365492243744,22.92365492243744,2609000
2024-06-25,23.02695655822754,23.064519992424447,22.942436592273825,23.04573917093026,1980600
2024-06-26,22.76400375366211,22.85791501936504,22.69826640503258,22.801568976426648,6328200
2024-06-27,22.970609664916992,22.99878358512989,22.895481002224546,22.942437535912706,1151000
2024-06-28,22.942434310913086,23.08330030975893,22.839131742528902,22.989389046792247,4620000
2024-07-01,22.857913970947266,23.111473839352698,22.820348749905722,22.970606051655242,988700
2024-07-02,22.93304443359375,22.93304443359375,22.735830589961886,22.764004507968856,937000
2024-07-03,23.280515670776367,23.3368617157753,23.120867050605664,23.130256565431758,568600
2024-07-05,23.43077278137207,23.45894490802257,23.214776326870297,23.44955360206958,896700
2024-07-08,23.224166870117188,23.402598094947145,23.21477556447262,23.374424178013445,8202200
2024-07-09,23.26173210144043,23.30868683847251,23.167820836167863,23.280514712736622,1562300
2024-07-10,23.609201431274414,23.61859273691332,23.468335429107615,23.496509346024332,1328400
2024-07-11,23.72189712524414,23.843980525486845,23.712505818885695,23.77824317218627,1651200
2024-07-12,24.069366455078125,24.200842952618046,23.994237795573255,24.00362910191243,2653100
2024-07-15,23.984848022460938,24.125714033616344,23.966065409984612,24.11632272737818,1383700
2024-07-16,24.031801223754883,24.041192529391747,23.80641526209536,23.843978693434412,1707000
2024-07-17,23.862764358520508,24.031804299199962,23.853373051681803,23.90971910150541,1614100
2024-07-18,23.581029891967773,23.975455782568243,23.534073362605547,23.937890559078465,1642700
2024-07-19,23.43077278137207,23.581030094202937,23.393207557560125,23.51529274374049,1347100
2024-07-22,23.505901336669922,23.51529264258251,23.38381615101474,23.449553501194398,1127300
2024-07-23,23.37442398071289,23.458943939592164,23.37442398071289,23.40259789740878,1012900
2024-07-24,22.961219787597656,23.318080481961726,22.961219787597656,23.242951820453047,1899800
2024-07-25,22.84852409362793,23.130256104213313,22.735830214668713,22.764004132210626,1600200
2024-07-26,23.177213668823242,23.233559715215726,23.073911091096594,23.130257137489075,1051700
2024-07-29,23.01756477355957,23.120867350069325,22.933044809362226,23.120867350069325,802900
2024-07-30,23.167823791503906,23.214778534525635,23.083303821097893,23.149041177811764,1105100
2024-07-31,23.496509552001953,23.62798424968239,23.336860937157812,23.411989591719266,1701700
2024-08-01,22.942434310913086,23.421380139955634,22.79217700664974,23.365032307450612,3046800
2024-08-02,22.557401657104492,22.79217893881988,22.322624375389104,22.773396326392607,2008300
2024-08-05,21.796720504760742,21.99393433953049,21.552553724506218,21.59950846119938,3649400
2024-08-06,22.172365188598633,22.341405103771987,21.83428535825193,21.87185057993861,1909400
2024-08-07,22.125410079956055,22.55740120100617,22.07845534104578,22.50105336486367,1263600
2024-08-08,22.64192008972168,22.707657437560417,22.36957760158018,22.425923643840758,1002400
2024-08-09,22.81096076965332,22.839132896120432,22.59496431655759,22.69826689015953,1050800
2024-08-12,22.773393630981445,22.848522280589957,22.68887367627083,22.764002325879343,1244900
2024-08-13,23.13025665283203,23.158430571042192,22.857915941634396,22.857915941634396,1431600
2024-08-14,22.98938751220703,23.036344036160113,22.914258865090336,22.979996207416413,887400
2024-08-15,23.195995330810547,23.299296113095522,23.10208406319911,23.12086667496309,646200
2024-08-16,23.43077278137207,23.440162296116597,23.224167632823285,23.224167632823285,866600
2024-08-19,23.85337257385254,23.909718622547427,23.665551814466717,23.665551814466717,840800
2024-08-20,23.72189712524414,23.8345892191284,23.693723206168805,23.82519970397849,727100
2024-08-21,23.975454330444336,24.04119167636149,23.86276045800898,23.919106498622494,1120300
2024-08-22,23.731287002563477,23.98484688534712,23.703113085184707,23.975455579554197,1230000
2024-08-23,24.322927474975586,24.351101395293178,23.928501546572363,23.96606677366249,1529900
2024-08-26,24.29475212097168,24.41683551039195,24.266578204393902,24.388661593814177,762800
2024-08-27,24.24779510498047,24.266577715654027,24.13510302335579,24.163275148157787,687100
2024-08-28,24.21962547302246,24.332317566246154,24.097540282286843,24.285362825937703,1038300
2024-08-29,24.46379280090332,24.557704074758803,24.29475465741373,24.360492011749997,1048100
2024-08-30,24.29475212097168,24.3980528993401,24.097538287344005,24.36048946844478,1301900
2024-09-03,23.947282791137695,24.275971344551877,23.862762826225236,24.238406119609223,1606000
2024-09-04,23.91910743713379,24.04119261966303,23.81580665715721,23.81580665715721,799900
2024-09-05,24.022411346435547,24.11632261717953,23.872154029728577,24.059976571216545,1326100
2024-09-06,23.59041976928711,24.163275063148596,23.543463242768407,24.069363801319525,2383300
2024-09-09,24.00362777709961,24.088147738278813,23.853370466382902,23.881544383845448,1265100
2024-09-10,23.900327682495117,23.97545634001302,23.73128775527771,23.966065033922224,1042300
2024-09-11,24.050582885742188,24.06936370506623,23.534071843352,23.853369057568965,1347900
2024-09-12,24.46379280090332,24.473184107409725,24.125714722715575,24.219625996571057,1395000
2024-09-13,24.379270553588867,24.5107470411742,24.34170712228477,24.426227081729483,1016600
2024-09-16,24.745525360107422,24.75491666613474,24.52953069510451,24.604659352114584,1203200
2024-09-17,24.604658126831055,24.792478864398753,24.5295294735623,24.773696253279468,1191200
2024-09-18,24.557703018188477,24.989694142854287,24.52013958498755,24.726742945613857,1263800
2024-09-19,25.186904907226562,25.262033560988577,24.999084168425725,25.243250949745974,2163100
2024-09-20,24.895782470703125,24.99908504495107,24.773697284554018,24.99908504495107,1180400
2024-09-23,25.02725601196289,25.055429928509206,24.914563928194383,24.952127359047758,753500
2024-09-24,25.24325180053711,25.25264310647493,25.0084745257169,25.08360318201103,2549500
2024-09-25,24.830045700073242,25.139951638845346,24.81126308773348,25.12116902650558,1159400
2024-09-26,25.32777214050293,25.402900797917514,25.186906131751645,25.26203478916623,1883500
2024-09-27,25.40289878845215,25.52498396659875,25.355944052985514,25.44046400979213,3081900
2024-09-30,25.459247589111328,25.571939675002195,25.29020766906662,25.571939675002195,1880900
2024-10-01,25.271427154541016,25.41229316919695,25.102387220470472,25.41229316919695,2186600
2024-10-02,25.262035369873047,25.38412056048346,25.15873458305869,25.280817982460576,1054900
2024-10-03,25.00847625732422,25.092996225408402,24.91456677386053,25.03665017708847,1222600
2024-10-04,24.848825454711914,24.9051732893128,24.745524673693804,24.848825454711914,3246100
2024-10-07,24.764307022094727,24.886390413349268,24.651613145298803,24.830044370555513,933500
2024-10-08,24.689180374145508,24.73613511508766,24.557703875332095,24.67978906771537,1200000
2024-10-09,24.62343978881836,24.707959750537185,24.482573783023128,24.491965088903935,1568300
2024-10-10,24.717350006103516,24.726741311585258,24.491964048166786,24.576484006294105,1430100
2024-10-11,24.886390686035156,24.942736729446313,24.698568153053408,24.698568153053408,1918200
2024-10-14,24.91456413269043,24.93334495266708,24.707958992071745,24.726741603256787,1515500
2024-10-15,24.764307022094727,24.96151906747708,24.726741799426616,24.914564330350352,2009600
2024-10-16,24.848825454711914,24.93334541540482,24.83943594015352,24.858216760478726,893200
2024-10-17,24.848825454711914,24.98030194423889,24.83943594015352,24.952128026938446,872500
2024-10-18,24.94273567199707,24.989692198855995,24.848824409487573,24.94273567199707,552400
2024-10-21,24.614046096801758,24.876997262348024,24.557700058187653,24.811259918763525,756400
2024-10-22,24.548311233520508,24.557702539439777,24.407445227148347,24.491965189213335,1895400
2024-10-23,24.266578674316406,24.351098634478085,24.116321365408623,24.304142105939146,1618500
2024-10-24,24.407445907592773,24.463791953470793,24.21962515759654,24.463791953470793,771800
2024-10-25,24.21962547302246,24.473183578380034,24.182060247808877,24.473183578380034,1275800
2024-10-28,24.322927474975586,24.398056137947215,24.23840750523142,24.247798812003953,963600
2024-10-29,24.153884887695312,24.257187459660326,24.116321455931576,24.18205880492443,1044900
2024-10-30,24.022411346435547,24.200842581728267,23.928500075691563,23.928500075691563,1214500
2024-10-31,23.80641746520996,23.890937432555056,23.571640176186605,23.87215481954313,927600
2024-11-01,23.900327682495117,24.163277088203543,23.89093637640432,24.059976303621728,1235000
2024-11-04,23.928497314453125,24.144491958393548,23.890933885215283,24.041191184583255,943400
2024-11-05,24.29475212097168,24.29475212097168,24.097538287344005,24.116320898395855,866000
2024-11-06,24.14449119567871,24.172665110123315,23.797021873569808,23.966061777820947,1151500
2024-11-07,24.858217239379883,24.867608545327624,24.595267837676978,24.614048658364,1609300
2024-11-08,24.360490798950195,24.54831154610184,24.238405611653576,24.529530725232608,1760800
2024-11-11,24.351099014282227,24.45440158747069,24.29475297036508,24.435618975762164,1257200
2024-11-12,23.947282791137695,24.22901481337356,23.825199392491093,24.172668767168087,1614600
2024-11-13,23.956674575805664,24.050585848829265,23.815808561874533,24.04119454240605,918600
2024-11-14,24.00362777709961,24.24779635481637,23.975455650845497,24.182059005278862,1569400
2024-11-15,24.013017654418945,24.09753761057017,23.956671614054237,24.078755000045827,1454600
2024-11-18,24.341707229614258,24.379270661083982,24.088147350162096,24.116321267170694,1797300
2024-11-19,24.548311233520508,24.614048583746953,24.23840530301837,24.304142653244817,1208500
2024-11-20,24.398052215576172,24.416834826101635,24.229012303263676,24.379269605050712,1020100
2024-11-21,24.642223358154297,24.698569404420258,24.426228688127694,24.51074865313089,900800
2024-11-22,24.717350006103516,24.726741311585258,24.567092700812363,24.604657922739335,1610800
2024-11-25,24.717350006103516,24.84882470043118,24.614047437012708,24.820652575194323,1679200
2024-11-26,24.388662338256836,24.49196491098686,24.30414237715199,24.49196491098686,1115300
2024-11-27,24.651615142822266,24.698569883753745,24.557703869750757,24.585877789034775,1328100
2024-11-29,24.82065200805664,24.82065200805664,24.64222079039731,24.65161209566447,2025200
2024-12-02,24.75491714477539,24.783089272193585,24.548311990596577,24.726743226148685,1629300
2024-12-03,24.689180374145508,24.801872468890092,24.632832535564667,24.73613511508766,1745400
2024-12-04,24.538921356201172,24.567095275599208,24.454403180424183,24.491966615079672,1551200
2024-12-05,24.50135612487793,24.54831086255627,24.39805355253547,24.491964819100577,1418800
2024-12-06,24.135103225708008,24.360489182055375,23.90032596394512,24.34170657122434,1855400
2024-12-09,24.435619354248047,24.651614018616367,24.41683674224859,24.576485361827018,2085300
2024-12-10,24.022411346435547,24.13510522957003,24.00362873404505,24.13510522957003,1985000
2024-12-11,24.069366455078125,24.106931680434826,23.95667436142509,23.994237795573255,1804900
2024-12-12,23.66554832458496,23.91910640192486,23.66554832458496,23.8158056264191,1770000
2024-12-13,23.571638107299805,23.778241458671662,23.571638107299805,23.778241458671662,1288300
2024-12-16,23.618593215942383,23.731287094686504,23.59042108966268,23.674939259710225,1144300
2024-12-17,23.682573318481445,23.78761757654076,23.65392620912583,23.682573318481445,1521600
2024-12-18,22.899520874023438,23.663475972244935,22.832675189978318,23.644376684972535,1063100
2024-12-19,22.75628089904785,22.93772049358528,22.698984856028588,22.889972273228924,2033100
2024-12-20,22.698984146118164,22.947269419981012,22.479347803573134,22.507994913482644,1895000
2024-12-23,23.014114379882812,23.052311132361478,22.718082717892212,22.870873370623375,1136100
2024-12-24,23.109609603881836,23.14780635736988,22.928170015940797,23.080960672709576,609700
2024-12-26,23.22420310974121,23.252852042670074,23.071412443604107,23.10961102084259,886300
2024-12-27,22.97591781616211,23.071412437825987,22.870875371599414,23.014116393391024,958100
2024-12-30,22.889972686767578,23.004566596284768,22.72763237743979,22.918621619498975,1033100
2024-12-31,22.784929275512695,22.889971714917852,22.70853394621425,22.79447891935104,1608500
2025-01-02,22.83267593383789,23.01411552602021,22.72763167182576,22.975916950230943,1432300
2025-01-03,23.109609603881836,23.14780635736988,22.956818947113053,23.109609603881836,853000
2025-01-06,23.233753204345703,23.415192806928165,23.16690751429123,23.357894939959944,1008100
2025-01-07,23.128707885742188,23.50113671848506,23.10961041902869,23.453388498180402,896900
2025-01-08,23.262401580810547,23.29104869220025,23.0905116268387,23.214653359480362,2924900
2025-01-10,22.7371826171875,23.023666487779504,22.718085149608125,23.023666487779504,1394200
2025-01-13,22.804025650024414,22.813575293405563,22.5748396731015,22.593938959863802,1142100
2025-01-14,22.899520874023438,22.92816980493204,22.727630931388394,22.842224833614516,785800
2025-01-15,23.252851486206055,23.319697173365302,23.15735686680354,23.300597885203125,628600
2025-01-16,23.233753204345703,23.33879747237899,23.13825858080712,23.186006803280634,948200
2025-01-17,23.14780616760254,23.329245754056124,23.119157236665146,23.128706880310943,1302900
2025-01-21,23.682573318481445,23.70167260565737,23.472486623771093,23.510685198122943,1014300
2025-01-22,23.596628189086914,23.749420664059652,23.558431436399925,23.749420664059652,701900
2025-01-23,23.63482666015625,23.67302523408499,23.462936720293428,23.50113529422217,584800
2025-01-24,23.78761863708496,23.883113255813832,23.739872238424706,23.77806899307124,584100
2025-01-27,23.749422073364258,23.749422073364258,23.577532122552103,23.577532122552103,969900
2025-01-28,23.67302703857422,23.67302703857422,23.47248815297866,23.644378105943883,499600
2025-01-29,23.529783248901367,23.663476441048527,23.443838275881166,23.56798182420293,836500
2025-01-30,23.825817108154297,23.96905812491225,23.70167355793128,23.844914574689234,824500
2025-01-31,23.501134872436523,23.930857892972885,23.501134872436523,23.77806724281664,1409800
2025-02-03,23.38654327392578,23.520234650607527,23.128708343403787,23.176456564653268,1701900
2025-02-04,23.663476943969727,23.71122334270312,23.434290951514395,23.434290951514395,1078900
2025-02-05,23.883113861083984,23.92131061669854,23.730323195808957,23.758970307167772,2555700
2025-02-06,23.997705459594727,24.064552968020692,23.91176230586379,23.997705459594727,1129400
2025-02-07,23.806718826293945,24.083651227541502,23.739873137075858,24.026355182698634,1789700
2025-02-10,23.959508895874023,24.035904227561847,23.930859963462947,24.00725529515077,1322900
2025-02-11,23.911762237548828,23.96905828034188,23.77806904248722,23.80671797458793,1283000
2025-02-12,24.121849060058594,24.27463972252638,23.892663066356914,23.94995910943024,3585900
2025-02-13,24.503826141357422,24.513375785603387,24.121849478560847,24.15049841129874,1973600
2025-02-14,24.322385787963867,24.475176448336295,24.284189033574933,24.43697969394736,1962000
2025-02-18,24.274639129638672,24.303288061179796,24.17914451257659,24.23644055425051,2789400
2025-02-19,23.911762237548828,23.940409348241175,23.77806904248722,23.835365085280277,1664100
2025-02-20,23.959508895874023,23.978608184148076,23.80671823249838,23.902212852460252,1124300
2025-02-21,23.44384002685547,23.778070300073885,23.386543981032112,23.778070300073885,2563900
2025-02-24,23.520235061645508,23.673027550905637,23.44383972771966,23.64437861765528,1709000
2025-02-25,23.43429183959961,23.548883929465774,23.262401883391938,23.529784640685268,1846100
2025-02-26,23.33879852294922,23.577534181837873,23.31014958817551,23.34834816787379,2909200
2025-02-27,22.98546600341797,23.28149767254294,22.975916359716095,23.28149767254294,3046600
2025-02-28,22.90907096862793,22.93771990010049,22.66078569342403,22.81357635179438,2518100
2025-03-03,22.87087631225586,23.262402637913283,22.698986350472897,23.2146544144133,3673400
2025-03-04,22.842226028442383,23.119158422744807,22.52709505759707,22.765830696764986,2987400
2025-03-05,23.310148239135742,23.37699392833061,23.01411654924059,23.02366619361249,2458400
2025-03-06,22.937719345092773,23.224201367253293,22.92816970149965,23.033213959615704,2257500
2025-03-07,22.813575744628906,22.88042142821085,22.50799443602102,22.565290476032928,6270400
2025-03-10,22.36475372314453,22.613038995047212,22.154667026030705,22.56529077656114,2132200
2025-03-11,22.26926040649414,22.412501427490675,22.059173697126454,22.336106094865297,2190700
2025-03-12,22.25971031188965,22.317008176255754,22.05917325083338,22.25016066782863,2104100
2025-03-13,21.982776641845703,22.126017651617314,21.935028424316325,22.00187592885745,1537400
2025-03-14,22.44114875793457,22.44114875793457,22.135567449251848,22.18331384570542,1587000
2025-03-17,22.794479370117188,22.813576836763215,22.527094801580883,22.527094801580883,1378800
2025-03-18,22.374303817749023,22.51754483327737,22.307458131929685,22.498445545498033,2217700
2025-03-19,22.58439064025879,22.708534190082144,22.317007895546965,22.36475429384312,2477200
2025-03-20,22.469799041748047,22.56529184040562,22.297909089911002,22.31700837820587,2190400
2025-03-21,22.374303817749023,22.38385346163869,22.221513158331014,22.326555598300686,1791300
2025-03-24,22.632139205932617,22.64168702861113,22.507995654211527,22.57484134141133,1394900
2025-03-25,22.7371826171875,22.804028307236432,22.679886571632476,22.765831550669233,1280800
2025-03-26,22.641687393188477,22.88042303497954,22.555744237839424,22.84222627942534,1763200
2025-03-27,22.67988395690918,22.746729639251594,22.565290057602013,22.632137561352664,1189100
2025-03-28,22.412500381469727,22.72763134151788,22.4029507376612,22.72763134151788,1790900
2025-03-31,22.38385581970215,22.422052577876386,22.001879130917168,22.126020871744092,1763700
2025-04-01,22.641687393188477,22.69898525863238,22.36475499584321,22.49844637239552,2129200
2025-04-02,22.813575744628906,22.82312538819894,22.54619301030114,22.55574265387117,1588700
2025-04-03,22.20241355895996,22.63213842092251,22.183314271448666,22.546193448529998,3907400
2025-04-04,20.197032928466797,20.98008546446719,19.958297310349202,20.90369013952589,6571600
2025-04-07,19.910552978515625,20.779550572800694,19.58587235851808,19.901003334232357,9757900
2025-04-08,19.88190269470215,20.970536569305164,19.68136564260508,20.96098874707907,4164200
2025-04-09,21.78223991394043,21.877734536985532,20.101540741135327,20.282980342780178,5566700
2025-04-10,21.342967987060547,21.486209016220315,20.827298096395175,21.333418342262092,2943700
2025-04-11,21.744041442871094,21.829986414693376,21.218821968245123,21.333415871144265,2266200
2025-04-14,22.240612030029297,22.34565446803382,22.03052351120365,22.126018126905464,3016500
2025-04-15,22.307456970214844,22.479346908460606,22.25970875325311,22.307456970214844,1226500
2025-04-16,22.36475372314453,22.63213828244164,22.269259107580684,22.479347626102804,1106100
2025-04-17,22.546192169189453,22.679883531365828,22.402949342391107,22.431598272032417,2614100
2025-04-21,22.422048568725586,22.603488146484533,22.211961882810307,22.603488146484533,1833300
2025-04-22,22.880422592163086,23.09051111857465,22.75628086225401,22.77538015036567,1492100
2025-04-23,22.918621063232422,23.2719506060436,22.832676088532633,23.13825741128373,1680900
2025-04-24,23.405641555786133,23.434290487303677,23.16690592403157,23.195554855549116,1018300
2025-04-25,23.405641555786133,23.424740843464495,23.224201965658335,23.25285089717588,2327500
2025-04-28,23.415191650390625,23.424741294413646,23.224202412746916,23.224202412746916,1362500
2025-04-29,23.44384002685547,23.48203860501001,23.319698290670118,23.405643270109383,463100
2025-04-30,23.558433532714844,23.615729577547867,23.20510397652628,23.376993932433773,1885300
2025-05-01,23.53933334350586,23.63482796218018,23.453388368839807,23.577531919538927,1107800
2025-05-02,24.16959571838379,24.24599105043738,24.064553275190345,24.150498251426683,1185100
2025-05-05,23.864013671875,23.978607577210365,23.864013671875,23.969057933315057,1134200
2025-05-06,23.921310424804688,23.97860828987949,23.806718337471864,23.835365448600875,1310400
2025-05-07,23.768518447875977,23.90221163759077,23.67302565417606,23.85446341933253,1255600
2025-05-08,23.71122169494629,23.844913059235903,23.663475299530923,23.816265950549976,1172700
2025-05-09,23.883113861083984,23.94995954946576,23.835365639805286,23.92131061669854,821000
2025-05-12,24.045454025268555,24.045454025268555,23.89266336091709,24.03590438107054,1549700
2025-05-13,24.274639129638672,24.341484815159635,24.11229882705563,24.13139811474971,1784200
2025-05-14,24.02635383605957,24.236440536314017,23.969057794428053,24.198243782362447,1687000
2025-05-15,24.39878273010254,24.475178065335957,24.18869601356276,24.265091348796176,857500
2025-05-16,24.322385787963867,24.322385787963867,24.14094801715183,24.245990457777655,1820600
2025-05-19,24.475177764892578,24.503826698281607,24.236442117542673,24.236442117542673,975400
2025-05-20,24.475177764892578,24.475177764892578,24.341486385227334,24.341486385227334,1223500
2025-05-21,24.265090942382812,24.599321211459202,24.236442009121944,24.475177655403876,1687500
2025-05-22,24.265090942382812,24.37013520959756,24.188695608428933,24.2173445416898,1377500
2025-05-23,24.49427604675293,24.551572089766854,24.188694722134173,24.188694722134173,1181200
2025-05-27,24.704364776611328,24.76166082009636,24.599320512381787,24.627969444828494,734400
2025-05-28,24.4083309173584,24.49427589204062,24.379683806736562,24.436979849388592,979000
2025-05-29,24.484725952148438,24.542023815516412,24.341484936545164,24.52292452772709,1830000
2025-05-30,24.647066116333008,24.675715047855185,24.41788012838056,24.50382510153877,2433200
2025-06-02,24.97174644470215,24.981296088437105,24.68526441828669,24.771209390492988,2117400
2025-06-03,24.895349502563477,24.92399843191138,24.761658141756314,24.799854892811993,1014700
2025-06-04,25.14363670349121,25.2295816767721,25.076791017919035,25.09589030562775,822100
2025-06-05,25.172286987304688,25.31552800999827,25.114989121100514,25.31552800999827,1028000
2025-06-06,25.181835174560547,25.210482284596583,25.076790914006224,25.124537311671833,962300
2025-06-09,25.248682022094727,25.38237339883912,25.20093380082287,25.229582733585982,1411500
2025-06-10,25.506513595581055,25.592458567287245,25.449217554913027,25.487416129630574,1504800
2025-06-11,25.401472091674805,25.563812397375383,25.37282315958352,25.477867422509878,2633800
2025-06-12,25.439668655395508,25.449218299354243,25.315526926748664,25.3250765707074,1990500
2025-06-13,25.13408660888672,25.28687726499966,25.067240924513346,25.124536965203625,3655500
2025-06-16,25.296005249023438,25.54809291157908,25.286309356313325,25.392962326822136,2471600
2025-06-17,24.98574447631836,25.29600565075963,24.91787507557214,25.247528035741606,1526200
2025-06-18,25.07300567626953,25.266917985748314,25.02452621192298,25.102091505574986,2089600
2025-06-20,24.772438049316406,25.102091003063837,24.772438049316406,25.102091003063837,2258300
2025-06-23,25.005136489868164,25.014830533518115,24.58822233942578,24.607612276028167,1566600
2025-06-24,25.25722312927246,25.32509438214263,25.12148432213722,25.18935372570484,1127000
2025-06-25,25.23783302307129,25.266918853375508,25.131180047149048,25.228137129869037,1322500
2025-06-26,25.625659942626953,25.664441666796257,25.460833453976623,25.48022524071256,1656400
2025-06-27,25.296005249023438,25.402658219532253,25.160266449686723,25.305701141733554,2326200
2025-06-30,25.519006729125977,25.54809440896116,25.315398518187365,25.354180241998385,1564200
2025-07-01,25.548093795776367,25.58687551865658,25.441440821576386,25.460832607667747,1655900
2025-07-02,25.73231315612793,25.73231315612793,25.41235421996125,25.451137793788455,1674900
2025-07-03,25.674137115478516,25.722616581478675,25.606267712380827,25.61596360558086,2072300
2025-07-07,25.189353942871094,25.40265989798266,25.131180432069105,25.32509460047915,2263500
2025-07-08,25.344484329223633,25.460833199172303,25.28631081890057,25.373572009036437,1734100
2025-07-09,25.44144058227539,25.470528261138835,25.31539767247211,25.412352903411946,1287000
2025-07-10,25.771093368530273,25.771093368530273,25.499613915576692,25.567485165791943,1419000
2025-07-11,25.557790756225586,25.606268374176118,25.470529564472564,25.57718069382425,1739600
2025-07-14,25.586875915527344,25.606267701919485,25.489920682171704,25.50931061926131,1741900
2025-07-15,25.276615142822266,25.654745737125122,25.24752931206209,25.64505169307344,2365700
2025-07-16,25.392963409423828,25.43174513261526,25.189353352435617,25.305702220614954,2567100
2025-07-17,25.480224609375,25.48992050250273,25.208745149706182,25.208745149706182,1674100
2025-07-18,25.645051956176758,25.81957249043601,25.606268382361865,25.80987844628487,1686000
2025-07-21,25.567485809326172,25.73231229396409,25.55778991619423,25.596571639419466,1818300
2025-07-22,25.74200439453125,25.74200439453125,25.52870030963847,25.596569707136066,1551100
2025-07-23,26.003787994384766,26.01348388680451,25.868049199113123,25.897135027069968,4241600
2025-07-24,25.771093368530273,25.95531163479529,25.76139747564238,25.84865866233094,5345600
2025-07-25,25.674137115478516,25.674137115478516,25.528702416083107,25.567485988883234,2489900
2025-07-28,25.422048568725586,25.509309755232053,25.33478738221912,25.49961386236439,3604700
2025-07-29,25.567485809326172,25.615963425683344,25.509310450534535,25.586875746287525,1749700
2025-07-30,25.35417938232422,25.57717937225845,25.23783236553353,25.489920034316675,2908200
2025-07-31,25.22813606262207,25.402658434274574,25.16026666237998,25.296005462864166,6751300
2025-08-01,25.121482849121094,25.22813581950371,25.014829878738478,25.22813581950371,3442300
2025-08-04,25.480224609375,25.48992050250273,25.39296342052797,25.412353357480903,3115700
2025-08-05,25.60626792907715,25.67413733274919,25.52870263212302,25.60626792907715,2546900
2025-08-06,25.84865951538086,25.87774719500448,25.76139832581253,25.800181898644027,2806900
2025-08-07,25.790485382080078,25.994093586616614,25.66444062272675,25.97470364997206,2014900
2025-08-08,25.81957244873047,25.887443702796897,25.780790724280806,25.80987840459499,2033700
2025-08-11,25.83896255493164,25.906831955280975,25.780789047389707,25.83896255493164,1806300
2025-08-12,26.139528274536133,26.168615953447716,25.906832391150935,25.906832391150935,3941000
2025-08-13,26.09105110168457,26.09105110168457,26.00378991277171,26.00378991277171,1880500
2025-08-14,25.926223754882812,25.955311433320702,25.790484954110912,25.906831969257553,2387300
2025-08-15,26.013484954833984,26.100746140891957,26.00378906201616,26.081354355256305,1461600
2025-08-18,26.023181915283203,26.100747211705553,25.92622483242963,26.08135542527433,2483700
2025-08-19,25.800182342529297,25.97470472466857,25.800182342529297,25.93592115116981,5489900
2025-08-20,25.88744354248047,25.897137586555914,25.7420069911128,25.868051755724437,2564300
2025-08-21,26.042573928833008,26.07165975943096,25.926225058533525,26.023182142232667,4394000
2025-08-22,26.430400848388672,26.459488528766883,25.99409488922844,25.99409488922844,4815200
2025-08-25,26.013484954833984,26.15891964849645,25.994093169198333,26.139527862860795,1914400
2025-08-26,26.14922523498535,26.15892112835169,26.003790533095398,26.013486426461736,2739100
2025-08-27,26.178312301635742,26.197704087914005,25.94561641420417,25.965008200482433,2374700
2025-08-28,26.265573501586914,26.323747011143542,26.24618171530053,26.323747011143542,2433300
2025-08-29,26.255878448486328,26.333443746811,26.207400830521877,26.236486661579512,1835400
2025-09-02,25.955312728881836,25.984398559469085,25.722616837671065,25.78079034814812,2955200
2025-09-03,25.790485382080078,25.848658890618733,25.722615980567898,25.751701810185978,2620900
2025-09-04,26.081356048583984,26.081356048583984,25.88744372754513,25.955313132373856,2584900
2025-09-05,26.110441207885742,26.314049402712957,25.99409234705419,26.255875896948382,2223300
2025-09-08,26.178312301635742,26.246181704307133,26.10074700582522,26.236485811168002,2843100
2025-09-09,26.071659088134766,26.197703848489002,26.052269151336237,26.149224383236408,2533000
2025-09-10,26.284963607788086,26.362528898673272,26.226788252647392,26.314049436056028,1792800
2025-09-11,26.575834274291992,26.575834274291992,26.255877202720935,26.255877202720935,7424200
2025-09-12,26.411008834838867,26.478878239169724,26.333443537131807,26.44009651496748,2730500
2025-09-15,26.73096466064453,26.73096466064453,26.537052350156866,26.585529965453162,2597200
2025-09-16,26.54674530029297,26.585528870374468,26.420702396132917,26.556441192813345,3441900
2025-09-17,26.314050674438477,26.556442451024836,26.100746576791376,26.411007754933518,5394700
2025-09-18,26.071659088134766,26.12983444643788,25.906832604880965,26.003789686083643,3564900
2025-09-19,26.071659088134766,26.11044266033684,26.013485579134162,26.052269151336237,2387400
2025-09-22,26.100746154785156,26.120137940431132,25.906831996930343,25.974703246691256,1898800
2025-09-23,26.052268981933594,26.18800778515321,25.994093624008762,26.168615999178268,3467500
2025-09-24,25.664440155029297,25.838962526767332,25.654744262232466,25.780789019288807,4965300
2025-09-25,25.664440155029297,25.732311404607113,25.51900546168175,25.625658433144434,4465400
2025-09-26,25.858354568481445,25.858354568481445,25.74200570306953,25.771093381748127,5534000
2025-09-29,26.158920288085938,26.17831207419572,26.04257327003225,26.04257327003225,4988400
2025-09-30,26.178312301635742,26.188008194774874,26.081355219546957,26.11044289896435,4173900
2025-10-01,26.323747634887695,26.38192114582275,26.217096506390522,26.26557412395264,5580400
2025-10-02,26.352834701538086,26.4400958905606,26.17831232349306,26.4400958905606,2905900
2025-10-03,26.595226287841797,26.701879262378895,26.507965099457355,26.53705277868634,3758000
2025-10-06,26.52735710144043,26.604922397379628,26.498269421974783,26.546747038448334,3227700
2025-10-07,26.314050674438477,26.488573049469053,26.28496484480171,26.459487219832287,3164400
2025-10-08,26.40131187438965,26.459487232295572,26.3334424728019,26.391615981405327,2102800
2025-10-09,26.100746154785156,26.3722256059214,26.00378907585775,26.35283382027543,3935900
2025-10-10,25.63535499572754,26.255877356517704,25.60626731657706,26.21709563361957,5372800
2025-10-13,25.84865951538086,25.91652891853344,25.72261660228357,25.780790112228278,3488600
2025-10-14,25.88744354248047,26.013486457789536,25.528702884704153,25.548094671460188,5819900
2025-10-15,26.071659088134766,26.158920276286928,25.868050881981397,26.02318147218468,6297000
2025-10-16,26.14922523498535,26.45948827480051,26.091051724089883,26.42070470133515,4854000
2025-10-17,26.100746154785156,26.158919662420615,25.935919675399305,25.994093183034764,6695100
2025-10-20,26.430400848388672,26.459488528766883,26.275270251643384,26.28496614510279,2256100
2025-10-21,26.284963607788086,26.38191883441776,26.2073983169029,26.352833006149822,5339900
2025-10-22,26.24618148803711,26.34313856932696,26.091050897694345,26.284965060274054,4448400
2025-10-23,26.362529754638672,26.43039915520406,26.30435439760908,26.333442076123877,2576200
2025-10-24,26.352834701538086,26.37222648783254,26.265573512515573,26.31405112894918,2820100
2025-10-27,26.537052154541016,26.54674619808683,26.420703289664086,26.507964475996165,4273200
2025-10-28,26.68248748779297,26.730965103893112,26.517661004028962,26.556442727048577,2979200
2025-10-29,26.178312301635742,26.430399975345576,26.04257349629296,26.401312295928182,4423900
2025-10-30,26.071659088134766,26.207399741539522,25.974703856234594,25.984397899982607,3274000
2025-10-31,25.955312728881836,26.00379034606229,25.848659751921776,25.965008622178438,2404100
2025-11-03,26.023181915283203,26.05226959493004,25.85835542922289,26.032877808498814,2369600
2025-11-04,25.60626792907715,25.761398522985402,25.557790311969278,25.586876142512978,4889400
2025-11-05,25.858354568481445,25.945615755214764,25.73231165947914,25.751701595962395,2239800
2025-11-06,25.65474510192871,25.85835515872153,25.577179806317762,25.848659265607346,5067200
2025-11-07,25.63535499572754,25.63535499572754,25.33478785908011,25.45113672637952,4141900
2025-11-10,25.994094848632812,26.03287842240986,25.809878421099597,25.897137763492783,3543900
2025-11-11,25.81957244873047,25.877747809358837,25.74200715052856,25.79048661771887,3332500
2025-11-12,25.771093368530273,25.829266876555156,25.71291986050539,25.71291986050539,3721500
2025-11-13,25.150571823120117,25.50931062494195,25.121484143525425,25.460833008253335,3760000
2025-11-14,25.160266876220703,25.266917999235098,25.02452622528038,25.063309796778324,5529500
2025-11-17,24.859699249267578,25.131178696431917,24.75304812838002,25.06330929696644,3851200
2025-11-18,24.627004623413086,24.733657599019036,24.47187403124218,24.627004623413086,8386900
2025-11-19,24.530046463012695,24.675483004921457,24.404003555901213,24.578525926749766,4304100
2025-11-20,24.19070053100586,24.78213522028109,24.181004637830522,24.704569924180934,6614800
2025-11-21,24.55913543701172,24.627004840522,24.29735186692701,24.365221270437292,7086700
2025-11-24,24.665788650512695,24.723962161322852,24.47187448207541,24.510658055483894,5463800
2025-11-25,24.84031105041504,24.86939688119011,24.510658073412074,24.588223370983208,7018300
2025-11-26,25.034221649169922,25.092395156024555,24.869395171996434,24.869395171996434,3472500
2025-11-28,25.063310623168945,25.11178823983731,24.96635354052968,24.976049433723862,1440600
2025-12-01,24.94696044921875,25.13117871166703,24.94696044921875,25.02452574141238,4324300
2025-12-02,25.1408748626709,25.15057075545753,25.02452599853378,25.1408748626709,4068600
2025-12-03,25.334787368774414,25.35417915449944,25.218440353029184,25.218440353029184,2682000
2025-12-04,25.489919662475586,25.54809317002231,25.422048412818203,25.480223769667386,3026600
2025-12-05,25.53839874267578,25.664441657810105,25.470529338426335,25.596572253560655,4336400
2025-12-08,25.44144058227539,25.606267063896595,25.402658859759953,25.606267063896595,3182500
2025-12-09,25.548093795776367,25.66444081371952,25.48992028680479,25.519006116639325,3767200
2025-12-10,25.83896255493164,25.906831955280975,25.548093167919507,25.557789060726908,5816700
2025-12-11,25.829265594482422,25.906830884433028,25.75170030453182,25.80987565897156,3519500
2025-12-12,25.712921142578125,25.974704715696614,25.58687637805327,25.93592114221125,4883800
2025-12-15,25.615962982177734,25.751701785069702,25.54809358073175,25.751701785069702,6154300
2025-12-16,25.462125778198242,25.610046351352437,25.373373058123295,25.58046336526888,4851300
2025-12-17,25.225452423095703,25.462125715744328,25.225452423095703,25.412819485117915,6154000
2025-12-18,25.4522647857666,25.62977023030945,25.422681798950915,25.53115588546207,6075300
2025-12-19,25.52129364013672,25.67907771658972,25.491710654042894,25.511433898713534,3187800
2025-12-22,25.787551879882812,25.826998369345596,25.67907779568444,25.708660781869384,4205200
2025-12-23,26.24117660522461,26.2707595908471,26.13270064217653,26.172147130889325,5605800
2025-12-24,26.23131561279297,26.25103885762287,26.182007500718214,26.201730745548115,2376600
2025-12-26,26.310205459594727,26.34965006646595,26.260897349865612,26.33978844452013,2221000
2025-12-29,26.112977981567383,26.19186907984445,26.05381012808762,26.093254736770078,6725500
2025-12-30,26.043947219848633,26.162284801877753,26.043947219848633,26.13269993614246,3273200
2025-12-31,25.826997756958008,25.99464157137553,25.826997756958008,25.974918327111798,4007100
2026-01-02,26.10311508178711,26.122838325619238,25.886165042369875,26.122838325619238,4216300
2026-01-05,26.24117660522461,26.25103822740281,26.00450331568416,26.00450331568416,5434200
2026-01-06,26.122838973999023,26.152423840481525,25.97491840341073,26.01436301114196,2950000
2026-01-07,25.9058895111084,26.05381008501936,25.876304643961348,26.05381008501936,4227800
2026-01-08,26.00450325012207,26.00450325012207,25.866442420887473,25.866442420887473,4574000
2026-01-09,25.896028518676758,25.91575176392125,25.73824631854521,25.836860663855475,3456200
2026-01-12,26.08339500427246,26.142562857772614,25.9453341715559,25.95519579395795,3333800
2026-01-13,26.043947219848633,26.21159103052452,26.014362354113338,26.21159103052452,4078500
2026-01-14,26.172147750854492,26.18200749235414,26.034086918001435,26.122839638795487,5693900
2026-01-15,26.280620574951172,26.3989581573043,26.221452724230637,26.280620574951172,3899700
2026-01-16,26.369373321533203,26.418681431283215,26.260897360995244,26.38909656543321,3572600
2026-01-20,26.09325408935547,26.241176540752914,26.06367110380566,26.13270057797135,7807900
2026-01-21,26.32992935180664,26.3890972040264,26.12283904766932,26.18200689988908,5338600
2026-01-22,26.694799423217773,26.783552140191468,26.586323462269462,26.694799423217773,4529300
2026-01-23,27.000503540039062,27.030088407489913,26.763830243168766,26.793415110619616,4768900
2026-01-26,27.237178802490234,27.44426723255343,27.237178802490234,27.316069901692238,6018100
2026-01-27,27.848583221435547,27.88802970989254,27.503433971085254,27.542880459542246,5179200
2026-01-28,27.77955436706543,27.82886059782416,27.5921873045404,27.720386513972525,6475900
2026-01-29,28.02608871459961,28.252900380951765,27.572463500983197,28.213455773326743,12572000
2026-01-30,27.365375518798828,27.818998858795148,27.207593323938184,27.720386397691342,11658200
2026-02-02,27.562604904174805,27.60204951343759,27.385099460211833,27.424544069474617,6385100
2026-02-03,27.730247497558594,27.828859956804585,27.454127721298374,27.651356401614546,9574200
2026-02-04,27.957059860229492,28.25290100716672,27.779554419702297,28.233177762461,7285900
2026-02-05,27.45412826538086,27.799277522318235,27.45412826538086,27.62177208269832,5386300
2026-02-06,27.838722229003906,27.858445473678522,27.513296215521315,27.542881082533235,6123400
2026-02-09,28.43040657043457,28.479712801499595,28.114842177429257,28.154286786098847,4273000
2026-02-10,28.243038177490234,28.371237381685056,28.2134551926084,28.34165251589116,7568900
2026-02-11,28.893890380859375,28.982643097953165,28.647355473579303,28.94319849086263,5290100
2026-02-12,28.696664810180664,29.17001140097203,28.62763533413761,29.160149778549854,9202200
2026-02-13,28.75583267211914,28.824862148182163,28.43040665574193,28.66707995120607,7173000
2026-02-17,28.91361427307129,28.9727821254896,28.48957392209713,28.657217738042448,7327400
2026-02-18,28.90375328063965,29.120705212420866,28.805138937185653,28.94319977038611,6895300
2026-02-19,28.962923049926758,29.002367658808275,28.72624787298902,28.83472383900947,4360300
2026-02-20,29.288349151611328,29.317932138129812,28.923476643615324,28.923476643615324,4431300
2026-02-23,29.041812896728516,29.21931645041213,28.903752069314045,29.11084236997971,4100600
2026-02-24,29.170011520385742,29.22917937424884,28.9136149790961,28.93333822402119,4376800
2026-02-25,29.741971969604492,29.79127820019733,29.544743285408888,29.61377464151584,4294900
2026-02-26,29.722248077392578,29.751832943650943,29.40668369428506,29.712386455306458,5971500
2026-02-27,29.672943115234375,29.820863691019845,29.594052016087982,29.692666360249017,6244800
2026-03-02,29.515159606933594,29.64335693201448,29.20945684642372,29.239039831720493,7866400
2026-03-03,28.68680191040039,28.844584100305163,28.02608828483213,28.440267003560177,10237200
2026-03-04,28.943199157714844,28.98264376571418,28.686802622526738,28.775555341665395,8450700
2026-03-05,28.213455200195312,28.598049051059075,27.937335428780884,28.43040524000604,11098900
2026-03-06,27.937335968017578,28.09511816018212,27.63163320581279,27.74996890948015,7848400
2026-03-09,28.459991455078125,28.54874417577933,27.582325870467574,27.799277801475917,10106000
2026-03-10,28.548744201660156,28.953061315926774,28.430406613647225,28.538882579249734,6570400
2026-03-11,28.59804916381836,28.74596973158673,28.410682108158653,28.52901969092059,4242100
2026-03-12,28.02608871459961,28.440267439678898,27.947197618437464,28.440267439678898,6006000
2026-03-13,27.592187881469727,28.144427458257503,27.572464636388982,28.04581311376596,4382600
2026-03-16,28.282485961914062,28.321930570535656,28.035951045064618,28.14442701037026,3130300
2026-03-17,28.302207946777344,28.519157986818712,28.282484702888475,28.479711499040974,4392400
2026-03-18,27.611909866333008,28.03595021165477,27.59218662215244,27.937335871664022,7861700
2026-03-19,27.86830711364746,28.01622768697638,27.247038072389,27.325929170225233,10633600
2026-03-20,26.921611785888672,27.631633540131862,26.82299932527678,27.62177191788825,5905000
2026-03-23,27.70066261291504,28.055673484884483,27.444266081038446,27.661216124513057,9811800
2026-03-24,27.178009033203125,27.3555144764123,26.921612490891224,26.94133573589495,5488200
2026-03-25,27.414682388305664,27.572464586843743,27.29634667985819,27.483713745964224,3956200
2026-03-26,26.793415069580078,27.26676166259564,26.783553447111565,27.079394597518252,3552500
2026-03-27,26.83285903930664,27.03994934438757,26.704661712094346,26.783552809050864,3154700
2026-03-30,26.763830184936523,27.049811593602666,26.67507746368925,26.99064373974187,3588500
2026-03-31,27.37523651123047,27.414681118582006,26.89202831547359,27.039948884638008,7054600
2026-04-01,27.70066261291504,27.878168048899763,27.60204827282218,27.7894153309074,2503500
2026-04-02,27.710525512695312,27.917613943617884,27.316070015048382,27.355514624356985,6877400
2026-04-06,27.828861236572266,27.87816934937489,27.661217414867703,27.740108514439722,4038400
2026-04-07,28.144426345825195,28.203594197816592,27.799277094203198,28.04581200523147,6781800
2026-04-08,29.110843658447266,29.219317743680826,28.893891726155818,29.199596379673373,2915700
2026-04-09,29.357378005981445,29.48557533364021,29.100981469751794,29.179872566983065,2705800
2026-04-10,29.426406860351562,29.62363553972631,29.367239008903972,29.554604185306687,1631000
2026-04-13,29.73211097717285,29.761695844702583,29.288349249699927,29.317932236317485,2237500
2026-04-14,29.761695861816406,29.811002093482138,29.643358272541608,29.732110994269664,1813700
2026-04-15,29.840585708618164,29.880030316112823,29.682803516815344,29.791277598109726,1342700
2026-04-16,29.515159606933594,29.672941798223338,29.41654526714948,29.64335693201448,4997300
2026-04-17,29.791278839111328,30.05753700421202,29.751834229973543,29.949062918398983,3736800
2026-04-20,29.633495330810547,29.682803441193368,29.46585151733314,29.672941819116804,1866700
2026-04-21,29.071395874023438,29.525021082413307,29.041812888873544,29.495436216351333,2105800
2026-04-22,29.022090911865234,29.061535520757843,28.903753323363095,29.022090911865234,2164900
2026-04-23,28.864307403564453,29.110842310911103,28.60791087421449,29.002366349786712,2189100
2026-04-24,28.76569366455078,28.874169627938187,28.71638743441766,28.805138272474856,1774800
2026-04-27,28.785417556762695,28.90375326411009,28.745971067038795,28.884031900160295,1234600
2026-04-28,28.66707992553711,28.755832646370713,28.548744218367077,28.70652641520189,2174100
2026-04-29,28.223318099975586,28.371238673858013,28.085257267561463,28.351515429097116,1638400
2026-04-30,29.08125877380371,29.120705263619524,28.765694378925843,28.84458547764531,1578000
2026-05-01,28.864307403564453,29.08125744490116,28.844584159557826,28.913613632668955,1482000
2026-05-04,28.479711532592773,28.755831304626046,28.38109907485638,28.696663453801797,2063700
2026-05-05,28.785417556762695,28.854447032867366,28.637496982122375,28.745971067038795,1088800
2026-05-06,29.70252799987793,29.72224936399177,29.544743920582018,29.594052033147044,2206000
2026-05-07,29.071395874023438,29.672941650899016,29.071395874023438,29.672941650899016,1859600
2026-05-08,29.130565643310547,29.24890134588525,29.081257533144353,29.209456738664375,1946600
2026-05-11,29.179872512817383,29.29820821798856,29.120704660231794,29.22917874315335,2716700
2026-05-12,28.91361427307129,28.943199139736503,28.657217738042448,28.805138309544287,2318000
2026-05-13,28.716386795043945,28.79527789004769,28.558602724124388,28.60791083407177,1492600
2026-05-14,28.874170303344727,28.98264438835738,28.834723813585832,28.962923024390086,2852200
2026-05-15,28.321929931640625,28.440267516660207,28.223317471855097,28.410682650177286,2612800
2026-05-18,28.410682678222656,28.509297019017637,28.16414776669126,28.469852411246908,3534200
2026-05-19,28.134565353393555,28.302209171881536,28.026089388221294,28.164148339595343,2104000
2026-05-20,28.499435424804688,28.558603276974875,28.045812089979727,28.075395075608768,3656700
2026-05-21,28.58818817138672,28.686802512374577,28.243038918385267,28.351514881563123,1576300
2026-05-22,28.381099700927734,28.529020271707438,28.312068345712575,28.529020271707438,1606800
2026-05-26,28.548744201660156,28.64735666394009,28.459991480878497,28.63749692244182,1362500
2026-05-27,28.529020309448242,28.627634650402538,28.44026759068059,28.617773028215897,1244100
2026-05-28,28.568464279174805,28.647355373993697,28.321929372751754,28.400820467570647,1460600
2026-05-29,28.844585418701172,29.051673847074525,28.844585418701172,28.943199762127026,1354500
2026-06-01,28.726247787475586,28.864308620430307,28.519159359411734,28.627635325109267,1281500
2026-06-02,29.061534881591797,29.091119748294698,28.89389106543294,28.923475932135837,1664400
2026-06-03,28.736108779907227,28.88403123203808,28.736108779907227,28.88403123203808,1350000
2026-06-04,28.637496948242188,28.745971033030273,28.588188836145648,28.676941557007268,1608300
2026-06-05,27.671077728271484,28.154285925402878,27.562603647062126,28.154285925402878,9699700
2026-06-08,27.680940628051758,27.937337171593047,27.64149601876735,27.868307694661198,2834900
2026-06-09,27.85844612121582,28.20359538739562,27.473852245682085,28.08525779750945,4279000
2026-06-10,27.78941535949707,28.24303869111397,27.78941535949707,28.02608864741616,3513300
2026-06-11,28.558603286743164,28.598049775478188,27.92747451427966,27.996503988653842,2659000
2026-06-12,28.815000534057617,28.933338122279853,28.5783272385253,28.736109435546844,2361200
2026-06-15,28.600000381469727,29.040000915527344,28.549999237060547,28.979999542236328,3433200
2026-06-16,28.979999542236328,29.1299991607666,28.969999313354492,29.040000915527344,1409100
2026-06-17,28.649999618530273,29.200000762939453,28.59000015258789,29.059999465942383,2745700
2026-06-18,28.559999465942383,28.760000228881836,28.549999237060547,28.690000534057617,2523600
2026-06-22,28.450000762939453,28.56999969482422,28.420000076293945,28.530000686645508,1369300
2026-06-23,28.020000457763672,28.229999542236328,28.020000457763672,28.059999465942383,1166200
2026-06-24,27.90999984741211,28.049999237060547,27.809999465942383,28.0,3321900
2026-06-25,27.93000030517578,28.100000381469727,27.81999969482422,28.049999237060547,4723500
2026-06-26,27.969999313354492,28.100000381469727,27.8799991607666,27.93000030517578,2675300
2026-06-29,28.110000610351562,28.1299991607666,27.899999618530273,28.1200008392334,1673500
2026-06-30,28.15999984741211,28.190000534057617,27.959999084472656,28.0,2223000
2026-07-01,27.700000762939453,27.860000610351562,27.670000076293945,27.690000534057617,3127600
2026-07-02,28.09000015258789,28.329999923706055,27.899999618530273,28.139999389648438,3355300
2026-07-06,28.329999923706055,28.3700008392334,28.239999771118164,28.280000686645508,1152400
2026-07-07,28.1299991607666,28.43000030517578,28.09000015258789,28.389999389648438,921200
2026-07-08,28.1200008392334,28.1200008392334,27.790000915527344,27.950000762939453,4142100
2026-07-09,28.200000762939453,28.270000457763672,28.139999389648438,28.170000076293945,1764800
2026-07-10,28.450000762939453,28.540000915527344,28.290000915527344,28.360000610351562,2491900
2026-07-13,28.350000381469727,28.559999465942383,28.309999465942383,28.489999771118164,1474200
2026-07-14,28.709999084472656,28.860000610351562,28.6299991607666,28.6299991607666,1293600
2026-07-15,28.799999237060547,28.90999984741211,28.649999618530273,28.700000762939453,1954000
2026-07-16,28.6299991607666,28.760000228881836,28.56999969482422,28.6299991607666,2468400
2026-07-17,28.75,28.780000686645508,28.489999771118164,28.520000457763672,1652700
2026-07-20,28.520000457763672,28.739999771118164,28.479999542236328,28.700000762939453,2262400
2026-07-21,28.68000030517578,28.700000762939453,28.440000534057617,28.530000686645508,1271400
2026-07-22,28.860000610351562,28.950000762939453,28.84000015258789,28.860000610351562,897300
2026-07-23,28.489999771118164,28.559999465942383,28.399999618530273,28.420000076293945,1311100
2026-07-24,28.719999313354492,28.860000610351562,28.610000610351562,28.68000030517578,1178200
2026-07-27,28.8799991607666,28.959999084472656,28.739999771118164,28.889999389648438,1034300
2026-07-28,29.31999969482422,29.420000076293945,29.059999465942383,29.110000610351562,2681200
2026-07-29,29.110000610351562,29.59000015258789,29.079999923706055,29.299999237060547,2052600
2026-07-30,29.81999969482422,29.81999969482422,29.459999084472656,29.5,2095800
2026-07-31,29.34000015258789,29.399999618530273,29.020000457763672,29.360000610351562,2100500
2026-08-03,29.399999618530273,29.40999984741211,29.25,29.309999465942383,1681600
2026-08-04,30.1200008392334,30.139999389648438,29.889999389648438,29.93000030517578,3396900
2026-08-05,30.139999389648438,30.239999771118164,30.059999465942383,30.149999618530273,1493000
