Price,Close,High,Low,Open,Volume
Ticker,EWC,EWC,EWC,EWC,EWC
Date,,,,,
2021-08-09,33.789058685302734,33.8433104910634,33.671518279891586,33.83426679885764,1466600
2021-08-10,34.015098571777344,34.051266437892586,33.798098273401,33.83426269035869,12689200
2021-08-11,34.1868896484375,34.214013819824984,34.06934582382992,34.1868896484375,3194900
2021-08-12,34.114559173583984,34.1507270404356,33.92468304634944,34.1507270404356,1766800
2021-08-13,34.096473693847656,34.168809424270385,34.024141412582395,34.14168180078313,998700
2021-08-16,33.89755630493164,33.89755630493164,33.752888297633376,33.84330450876078,2224200
2021-08-17,33.544925689697266,33.671513217439944,33.3188817067501,33.56300962223194,2309900
2021-08-18,33.35505294799805,33.59918088819037,33.34601270539439,33.51780490812626,1338500
2021-08-19,32.74020767211914,33.0024195041968,32.622667291524806,33.0024195041968,3194400
2021-08-20,32.984336853027344,33.002420785164674,32.55937307069349,32.613624867105486,1414200
2021-08-23,33.65342712402344,33.65342712402344,33.29175539486787,33.309839326241374,1667200
2021-08-24,33.89755630493164,33.95180465194514,33.68055256940556,33.68959281085536,1747300
2021-08-25,33.9427604675293,33.98796856784139,33.789048787479814,33.91563284801647,2286200
2021-08-26,33.51780319213867,33.89755889604836,33.51780319213867,33.89755889604836,2900200
2021-08-27,33.960845947265625,33.978929878047104,33.553966127575144,33.553966127575144,1827500
2021-08-30,33.906593322753906,34.04222107570774,33.85234153174097,34.04222107570774,1230500
2021-08-31,33.76192855834961,33.99701277690943,33.76192855834961,33.86138846014093,2845000
2021-09-01,33.97893524169922,34.0783917029611,33.89755926491574,33.915639749394145,1953300
2021-09-02,34.37676239013672,34.37676239013672,34.069342497517084,34.11455059513476,1581300
2021-09-03,34.4490966796875,34.53047263984122,34.277304518988295,34.331556308809766,1396100
2021-09-07,34.05126190185547,34.42197385725952,34.05126190185547,34.35868182456789,1365400
2021-09-08,33.83426284790039,34.1597667461381,33.81618236391614,34.01509873016107,1713200
2021-09-09,33.906593322753906,34.05126131629804,33.798093189885066,33.85234153174097,1624400
2021-09-10,33.6715087890625,34.15072086615556,33.6715087890625,34.07838514553027,1403700
2021-09-13,33.7800178527832,34.05126997853715,33.6715176923132,34.033186043599166,3042700
2021-09-14,33.51780319213867,33.94276700506775,33.48163532526011,33.94276700506775,1792800
2021-09-15,33.969886779785156,33.969886779785156,33.54492302191093,33.617258746296834,2636000
2021-09-16,33.6715087890625,33.834257262155404,33.53588103746858,33.7890491613431,9168900
2021-09-17,33.23750305175781,33.6262989469732,33.20133863876538,33.6262989469732,3948500
2021-09-20,32.55936813354492,32.73116373822061,32.206740133231236,32.68595563931111,4481100
2021-09-21,32.69499969482422,32.93912759641262,32.55937193311158,32.81254352503136,2916300
2021-09-22,33.10188293457031,33.37313503673036,32.90296311671272,32.90296311671272,5067100
2021-09-23,33.51780319213867,33.60821941017746,33.33696730690347,33.346010998201926,1653300
2021-09-24,33.36408996582031,33.409298068111056,33.23750245058628,33.291754242829434,1668200
2021-09-27,33.63534164428711,33.680549746061146,33.418337926951835,33.463546028725865,2047900
2021-09-28,33.00241470336914,33.373126620974965,32.88487089071654,33.346002452346184,4726700
2021-09-29,32.830623626708984,33.11091590945388,32.79445576791711,33.03858364102698,2409200
2021-09-30,32.82158660888672,33.15613074782028,32.749254325757256,32.9662546243032,4713400
2021-10-01,33.11996078491211,33.20133674552986,32.68595681133644,32.86678921345857,3356300
2021-10-04,33.13804626464844,33.33696260611645,32.95721040491259,33.08379447198054,2849300
2021-10-05,33.36408996582031,33.481630341944815,33.12900231525707,33.24654614053869,2523200
2021-10-06,33.33696365356445,33.35504758502195,32.912003336363654,33.047627648559,3914000
2021-10-07,33.86138916015625,33.91563750832218,33.544925516172775,33.544925516172775,3677300
2021-10-08,34.096473693847656,34.17784966599449,33.94276544043556,33.978933305646926,4821200
2021-10-11,34.00605392456055,34.40389005281841,34.00605392456055,34.20497371326803,2901600
2021-10-12,34.13263702392578,34.232096915463266,33.96084486073367,33.99700927198248,5983800
2021-10-13,34.503353118896484,34.503353118896484,34.06934908931282,34.1507250604321,3757600
2021-10-14,35.000648498535156,35.05490029459967,34.792688454023896,34.855980491520484,4966600
2021-10-15,35.25381851196289,35.26285875298833,35.06393895885655,35.13627468368891,3194300
2021-10-18,35.308067321777344,35.3442351846702,35.06393942098643,35.118191215325716,3155700
2021-10-19,35.56123733520508,35.5702775759486,35.40752564930844,35.51602578401618,2054700
2021-10-20,35.85057067871094,35.886735088170454,35.58835887747764,35.58835887747764,3492600
2021-10-21,35.71494674682617,35.886738919861145,35.6697386433072,35.78728247178229,3430800
2021-10-22,35.769195556640625,35.931947475057754,35.543151608745376,35.79631972665784,2960900
2021-10-25,35.82344436645508,35.87769615635787,35.66973613546594,35.76919602570925,4152400
2021-10-26,35.55220031738281,35.95003651874449,35.543160074942705,35.95003651874449,2837900
2021-10-27,35.26285934448242,35.606447144885,35.26285934448242,35.49794355581645,4230100
2021-10-28,35.805362701416016,35.805362701416016,35.353274771099365,35.39848632345677,3148300
2021-10-29,35.42561340332031,35.59740558924495,35.41656971244364,35.57028141492987,3430600
2021-11-01,35.841529846191406,35.85057353614473,35.470817888718656,35.479861578671986,3480400
2021-11-02,35.56123733520508,35.778237604620564,35.54315340456094,35.69686164130049,3596200
2021-11-03,35.81440353393555,35.823443774191404,35.41656397953973,35.479859457958355,1927700
2021-11-04,35.66973876953125,35.886739046853094,35.50698683696126,35.787282598422294,3287800
2021-11-05,35.8596076965332,35.922899718846146,35.77823174653707,35.8596076965332,1827500
2021-11-08,36.04045486450195,36.08566297335663,35.95907888890049,36.03141117323645,2757000
2021-11-09,36.04045486450195,36.08566297335663,35.742075137577395,36.03141117323645,4336700
2021-11-10,35.69686508178711,36.212245082767915,35.64261328462587,36.11278517921768,6073900
2021-11-11,35.67878723144531,35.76016321648036,35.633579117349846,35.72399534554078,2868600
2021-11-12,36.16703414916992,36.16703414916992,35.669738119450265,35.74207039418688,3142900
2021-11-15,36.07661437988281,36.239366293410335,36.03140283233653,36.18511450584889,2426600
2021-11-16,36.00428009033203,36.21224011049249,35.995239849958516,36.1037399802255,1130900
2021-11-17,35.74207305908203,36.04045276865503,35.71494888517809,35.99524466242932,3412100
2021-11-18,35.832489013671875,35.85057294412278,35.561236955222384,35.80536139341699,3227800
2021-11-19,35.48889923095703,35.733027104533775,35.479858990820205,35.66973507610538,1854400
2021-11-22,35.127227783203125,35.543151264663216,35.127227783203125,35.534107575307075,2251900
2021-11-23,35.36232376098633,35.37136400331836,35.0096956743561,35.063944026663705,1821000
2021-11-24,35.543155670166016,35.55219591148579,35.0729837909198,35.11819189583327,1992200
2021-11-26,34.530479431152344,34.86502702711338,34.44006321282417,34.86502702711338,5368200
2021-11-29,34.602813720703125,34.97352571902608,34.34964556062623,34.91023367900686,3347500
2021-11-30,33.798095703125,34.5395196563159,33.698635803450586,34.3948516520142,8003700
2021-12-01,33.32792663574219,34.42197872605319,33.32792663574219,34.37677061761575,14496700
2021-12-02,33.9246826171875,34.05126670040918,33.39121865992641,33.46355094355698,7533600
2021-12-03,33.59917449951172,34.22305459527101,33.400254708476666,34.22305459527101,4692800
2021-12-06,34.23210525512695,34.27731336706937,33.662473387010536,33.92468526509754,5784400
2021-12-07,35.03681945800781,35.10915519248454,34.71131555117787,34.71131555117787,4214200
2021-12-08,34.80173110961914,35.04585556175585,34.783647178135446,35.04585556175585,3908800
2021-12-09,34.42197036743164,34.69322240134627,34.42197036743164,34.657057992872595,3348800
2021-12-10,34.385807037353516,34.66610279716044,34.277306899332885,34.58472683135567,2315200
2021-12-13,33.816253662109375,34.23746800265422,33.80709485428004,34.19168444269268,5207700
2021-12-14,33.642269134521484,33.962757493942405,33.596482089123235,33.63311032821738,3876400
2021-12-15,33.94445037841797,33.99023394020196,33.340098280908464,33.61480314467426,4917700
2021-12-16,34.054325103759766,34.41144520063329,33.916974444711045,34.20083456924844,3818600
2021-12-17,33.688053131103516,34.100112093693625,33.62395545837407,33.82540378992609,3667800
2021-12-20,33.21189880371094,33.385877714200646,32.98297753003749,33.385877714200646,8229100
2021-12-21,33.97191619873047,33.97191619873047,33.46829008662106,33.53238776490436,5478700
2021-12-22,34.42060852050781,34.42060852050781,33.907823525489135,33.92613764956788,3288700
2021-12-23,34.75025177001953,34.777721206446465,34.43891868262175,34.43891868262175,2316300
2021-12-27,35.07989501953125,35.07989501953125,34.72277492098522,34.7868760871816,3327100
2021-12-28,35.01580047607422,35.23556294844801,34.95169930414855,35.09821227647977,4232400
2021-12-29,34.91507339477539,35.09821111104683,34.84181691104225,34.9608569505779,4388000
2021-12-30,35.02495574951172,35.16230991438147,34.970013384951514,34.970013384951514,4073900
2021-12-31,35.18977737426758,35.244719735742834,35.024953782903125,35.04326790339488,2307700
2022-01-03,35.317970275878906,35.39122675276668,35.07989371211579,35.25387260513264,5066300
2022-01-04,34.97001647949219,35.482801448246526,34.97001647949219,35.482801448246526,6485300
2022-01-05,34.539642333984375,35.180619095509385,34.53048352707037,35.052423743204386,8081000
2022-01-06,34.80519104003906,34.92423108768349,34.38397670906542,34.49385794908862,11405300
2022-01-07,35.07989501953125,35.107364452857404,34.69530548765907,34.79603140060324,4367800
2022-01-10,34.951698303222656,34.9974853522957,34.45723100801112,34.82350294916554,7122500
2022-01-11,35.58352279663086,35.60183691741312,34.88760017915048,35.0157990246263,5263700
2022-01-12,36.04136276245117,36.04136276245117,35.77581326966953,35.830755628091595,7925600
2022-01-13,35.73918914794922,36.26112938737351,35.730033833688054,36.1420928366708,5978700
2022-01-14,35.83075714111328,35.858226574953704,35.43701228844798,35.62014999786042,4158800
2022-01-18,35.757503509521484,35.9864247912637,35.52858222777927,35.90401299011404,18747200
2022-01-19,35.665931701660156,36.01389298218602,35.58351991135301,35.88569414710516,7068000
2022-01-20,35.35460662841797,36.07799878493275,35.35460662841797,35.81244923486096,5616900
2022-01-21,34.42975997924805,35.30882037124651,34.32903754769076,35.2905062492193,14193400
2022-01-24,34.21915817260742,34.301569988100844,32.99213974918435,33.843727344928986,14932600
2022-01-25,34.40229034423828,34.658681065016765,33.43166284076581,33.90781953154127,11797100
2022-01-26,34.18252944946289,34.951701647399965,34.0085470296861,34.731939160292725,10683800
2022-01-27,33.9169807434082,34.70447057655196,33.880352496968534,34.57627171401311,7482400
2022-01-28,34.17336654663086,34.182525353448874,33.59648397424283,33.85287816922714,7056900
2022-01-31,34.97001647949219,34.97001647949219,34.118428965289326,34.118428965289326,8767200
2022-02-01,35.418697357177734,35.418697357177734,34.860128928137556,34.979168960489034,7892800
2022-02-02,35.56520462036133,35.62930228925952,35.30881394476857,35.51942107015705,6348200
2022-02-03,34.96085739135742,35.281345779077036,34.96085739135742,35.09821155355808,6377200
2022-02-04,35.15315246582031,35.272192513771095,34.841819374068635,34.89676174075245,4428400
2022-02-07,35.30882263183594,35.446173316241314,35.09821545463155,35.18978257756847,4325600
2022-02-08,35.49195861816406,35.510272742261904,35.13484193091122,35.198939618722655,4279100
2022-02-09,35.968109130859375,35.99558205877502,35.766660786825945,35.77581610075689,6252700
2022-02-10,35.638465881347656,36.27944621229845,35.56521288261539,35.61099644345578,6293700
2022-02-11,35.56520462036133,35.977263558321816,35.372911613666766,35.656771720769896,11868100
2022-02-14,35.263031005859375,35.48279696270443,35.11652153231647,35.43701340717128,6861100
2022-02-15,35.574363708496094,35.574363708496094,35.22640589556786,35.41869892266946,4380400
2022-02-16,35.4553337097168,35.583529084785326,35.32713833464826,35.43701958569815,5048100
2022-02-17,34.98833084106445,35.40954519698566,34.97001671779894,35.29966395045444,5100800
2022-02-18,34.56711196899414,35.07073806728111,34.55795665508844,35.03410982553552,7126600
2022-02-22,34.374820709228516,34.74109266635794,34.063487624484644,34.49385726143826,10349200
2022-02-23,34.13673782348633,34.73193450804514,34.10926838954282,34.686150953785535,6751600
2022-02-24,33.97191619873047,34.072642119764645,33.257682930395724,33.28515236592814,14660400
2022-02-25,34.93339157104492,34.93339157104492,34.12758762174353,34.20084062091904,12127800
2022-02-28,34.99748229980469,35.06157997124263,34.49385274841928,34.49385274841928,10055800
2022-03-01,34.521331787109375,35.17146742285501,34.42060585899576,35.01580261981523,9774800
2022-03-02,35.32713317871094,35.36375792834092,34.832662381560674,34.89676005973999,11700400
2022-03-03,35.19893264770508,35.51026570958597,35.08905141794162,35.30881737052985,6586500
2022-03-04,35.29050064086914,35.31797007301373,34.52132510327101,34.52132510327101,11257100
2022-03-07,34.85097885131836,35.491955676303334,34.85097885131836,35.36376031130634,9724700
2022-03-08,34.51217269897461,35.05242708741879,34.49385857646071,34.95170116012318,12681300
2022-03-09,35.208099365234375,35.27219705475335,34.72278379636802,34.90592154916313,7570400
2022-03-10,35.4553337097168,35.4919584646921,34.979176964417974,34.979176964417974,6660000
2022-03-11,35.272186279296875,35.711714655894404,35.26302747327093,35.5468910780377,5297100
2022-03-14,34.722774505615234,35.27218761699441,34.61289328056387,35.1806170185673,11528000
2022-03-15,34.88759994506836,34.89675875192872,34.34734561133139,34.5396421317242,6701600
2022-03-16,35.574363708496094,35.638461384196624,34.860130468940795,35.143994099229836,6824800
2022-03-17,36.28860092163086,36.29775623554016,35.62015122828728,35.675090097865876,8638000
2022-03-18,36.42595672607422,36.508368535126685,36.050525927737866,36.068840051200844,5873100
2022-03-21,36.819705963134766,36.83802008874416,36.51753162323556,36.581629316337285,5056100
2022-03-22,36.975364685058594,37.09440123102295,36.81969640432318,36.91126700859736,7382300
2022-03-23,36.682350158691406,37.03946682574919,36.682350158691406,36.88379852625165,6908200
2022-03-24,36.80138397216797,36.947893452668126,36.645719177350976,36.81969809386318,7328700
2022-03-25,37.16765213012695,37.16765213012695,36.810535559766684,36.84716379597309,5828300
2022-03-28,36.96620178222656,37.04861357041136,36.65486874831298,37.04861357041136,4141400
2022-03-29,37.16765213012695,37.25006391506093,36.856319108494255,37.076085032671806,9825900
2022-03-30,37.23175811767578,37.40573703894648,37.11271806993181,37.28670048426415,14440300
2022-03-31,36.819705963134766,37.34164631728435,36.819705963134766,37.05778610299454,7406900
2022-04-01,36.828853607177734,37.0577748683003,36.58161822599802,36.993677194630884,4927700
2022-04-04,37.195133209228516,37.20429201767883,36.88380009009498,37.04862371158108,6003100
2022-04-05,36.9295768737793,37.6529653523462,36.874634517546205,37.30500757538627,8778400
2022-04-06,36.53583526611328,36.911266000732795,36.37101167598166,36.865478953315225,5461900
2022-04-07,36.43511199951172,36.54499323656736,36.04136711591233,36.462581435510245,4337100
2022-04-08,36.526676177978516,36.63655740619923,36.31606903511328,36.407636143120335,3948700
2022-04-11,36.23366165161133,36.444268820114964,36.14209453245729,36.444268820114964,3116900
2022-04-12,36.07798767089844,36.554140761022964,36.02304531754831,36.398475999455485,4800700
2022-04-13,36.45342254638672,36.535834339362104,36.050518894924274,36.059677701399984,5945700
2022-04-14,36.334388732910156,36.55415122308667,36.27944636383513,36.45342878604182,2881700
2022-04-18,36.361854553222656,36.55414758626104,36.27944275434029,36.32522631081684,4311800
2022-04-19,36.645721435546875,36.673190873251656,36.23366240466639,36.27029065031393,4297000
2022-04-20,36.93873977661133,37.06693514110183,36.783071481828784,36.929584461888446,4993400
2022-04-21,36.123775482177734,37.158500554162096,36.05051900239846,37.13102762771426,7033400
2022-04-22,34.96085739135742,35.79413069248987,34.933387956141864,35.766661257274315,9333500
2022-04-25,34.6495246887207,34.796034166541574,33.97191617063574,34.47554577539013,9967800
2022-04-26,33.889503479003906,34.46638606095326,33.889503479003906,34.329035393958634,9298100
2022-04-27,33.962764739990234,34.20084135877419,33.67890106603924,33.880352930976194,6890800
2022-04-28,34.686153411865234,34.8143487701014,34.008544884394986,34.10927080674098,7905400
2022-04-29,33.92613220214844,34.92422909927519,33.898662766972016,34.68615251060285,10967500
2022-05-02,33.843727111816406,33.89866948612097,33.34010090640873,33.74300117212245,11175700
2022-05-03,34.30156326293945,34.51217041833943,33.92613250886793,33.92613250886793,9473600
2022-05-04,35.06158447265625,35.07073978701089,34.109271098941626,34.402290061152044,13718100
2022-05-05,33.94445037841797,34.841821463019244,33.688059637978135,34.841821463019244,14826700
2022-05-06,33.71552658081055,33.93529255139321,33.358409935042616,33.85288074905741,11723900
2022-05-09,32.40609359741211,33.30346453380214,32.351154729569856,33.25768097957984,12636600
2022-05-10,32.195491790771484,32.964667505625215,31.92078692683698,32.86394157380146,14857400
2022-05-11,32.22294998168945,32.946341882228076,32.113068773082524,32.36945942418557,13174400
2022-05-12,31.93909454345703,32.17717111221552,31.499566152091344,31.874996871365855,17429000
2022-05-13,32.87309646606445,33.010447135139174,32.07644791457301,32.07644791457301,8578500
2022-05-16,33.18443298339844,33.340097789783314,32.72659038617919,32.790688070344935,6732800
2022-05-17,33.73383331298828,33.74298862543708,33.34924382198287,33.49575676565033,6767700
2022-05-18,32.88225555419922,33.559864142483164,32.79068843097305,33.532391211065836,9279100
2022-05-19,33.257686614990234,33.54155028816638,32.72659100850872,32.754060447084456,8273700
2022-05-20,33.15695571899414,33.59648413571515,32.689957867809746,33.54154526678837,7641100
2022-05-23,33.73383331298828,33.90781219400214,33.28514615565877,33.504912078099125,6877400
2022-05-24,33.39503479003906,33.504916017648796,33.02875937392496,33.44081834378801,8769000
2022-05-25,33.55986022949219,33.678896777194495,33.21189891429278,33.21189891429278,6467800
2022-05-26,33.90782165527344,34.045175831757085,33.550704988090125,33.559863796155334,3989000
2022-05-27,34.44807815551758,34.49386171944315,34.08180615105096,34.14590383915917,6017100
2022-05-31,34.64036178588867,34.93338067733861,34.548791199147615,34.73192887956901,6418200
2022-06-01,34.56711196899414,34.951698028138644,34.35650481854909,34.85097560293036,3346700
2022-06-02,35.32713317871094,35.345443806995185,34.5030151834605,34.5030151834605,5070200
2022-06-03,34.81434631347656,35.16230761346527,34.759403952511626,35.07989581854851,3648600
2022-06-06,34.94254684448242,35.21725170392199,34.87844916038192,35.162312827871155,2233800
2022-06-07,35.235565185546875,35.235565185546875,34.64952723126063,34.65868254608184,2626900
2022-06-08,34.90591812133789,35.21725122259747,34.741094509314486,35.079900541285795,9586500
2022-06-09,34.14588928222656,34.7730965984151,34.14588928222656,34.6808581586599,5198600
2022-06-10,33.41722106933594,33.776942184032464,33.241973313558226,33.68470726384139,10593500
2022-06-13,32.28271484375,32.71622671186924,32.116689171642065,32.66088364832103,11794900
2022-06-14,31.895320892333984,32.45795948430817,31.683174261701858,32.33805480260382,5967900
2022-06-15,32.18125534057617,32.45796363002051,31.51715263108033,32.218150717445226,7744600
2022-06-16,31.074420928955078,31.6001677727766,30.972963912976216,31.489485152639716,7373400
2022-06-17,30.72392463684082,31.138985331965475,30.401095351309795,30.963737561102555,5507900
2022-06-21,31.572500228881836,31.784643398528658,31.44336990983919,31.44336990983919,4842900
2022-06-22,31.092872619628906,31.406476349150783,30.843834053372927,31.092872619628906,5588900
2022-06-23,30.493335723876953,31.212778060637692,30.38264958088515,31.19433037013906,9456800
2022-06-24,31.295787811279297,31.30500989634731,30.723923536567646,30.760815395376547,7080600
2022-06-27,31.6739559173584,31.74774315184652,31.25889172793533,31.314234792703996,4911500
2022-06-28,31.627843856811523,32.17203843841899,31.53560539977962,31.867656808019746,4516400
2022-06-29,31.35113525390625,31.86765653470549,31.29579218016176,31.86765653470549,3858900
2022-06-30,31.065196990966797,31.13898422714589,30.62246301828171,31.000631839858777,5817900
2022-07-01,31.397245407104492,31.471032636367163,30.714695064108085,31.019076620974953,6846700
2022-07-05,30.622467041015625,30.816162519784584,30.032154999888906,30.73314966909256,10921800
2022-07-06,30.456436157226562,30.751592127566784,30.087489435032932,30.677801375713376,5765600
2022-07-07,31.138986587524414,31.194329657756448,30.742373565741392,30.751595651511508,8046500
2022-07-08,31.1297607421875,31.295786414295435,30.853052461519837,31.083643281832337,2495800
2022-07-11,30.687028884887695,30.88072434272796,30.622463732274273,30.83460687922365,3873300
2022-07-12,30.43798828125,30.705474477261305,30.290410296991467,30.447210365906358,5545100
2022-07-13,30.44721221923828,30.567120438289905,29.96758638010558,30.161281836509584,7778700
2022-07-14,29.561744689941406,29.76466575305272,29.202023546089126,29.690874996089715,5545200
2022-07-15,29.875349044799805,30.01370495796222,29.644758201887132,29.89379673445726,3981600
2022-07-18,30.336532592773438,30.677806076042224,30.235072052697983,30.235072052697983,3194100
2022-07-19,31.138986587524414,31.148212191831643,30.60401764942986,30.67780489120213,3336200
2022-07-20,31.258888244628906,31.32345338706254,30.91761484626022,31.046745131127487,3778000
2022-07-21,31.323455810546875,31.341903498174688,30.87149977854377,31.12976036825983,2411600
2022-07-22,31.111316680908203,31.581723979560476,30.98218636944667,31.415698288099332,1943600
2022-07-25,31.535598754882812,31.535598754882812,31.221995104128798,31.305007938697113,3233300
2022-07-26,31.148210525512695,31.471036288253416,31.065197683874093,31.397249050428503,1987600
2022-07-27,31.867656707763672,31.969117250910887,31.332687732811106,31.43414827595832,4735100
2022-07-28,32.15358352661133,32.1812532982387,31.563271608316906,31.941440400882808,2496600
2022-07-29,32.56865310668945,32.61477057324542,32.1720365609412,32.1720365609412,3522300
2022-08-01,32.24582290649414,32.47641375139505,32.09824490649904,32.33806135557674,4159200
2022-08-02,32.06134796142578,32.45796447677295,31.978335120573192,32.14436080227837,2584100
2022-08-03,32.255043029785156,32.31960817390332,32.042899910748844,32.245817427176014,1601200
2022-08-04,32.22737503051758,32.32883556465383,32.14436218609129,32.20892734080762,1315300
2022-08-05,32.06134796142578,32.08902125406791,31.738522201741755,31.793865268489114,2397700
2022-08-08,32.33805847167969,32.53175391967386,32.291937491982914,32.328832868325634,2210500
2022-08-09,32.1166877746582,32.35650418773242,32.01522725516808,32.2827134395445,1550500
2022-08-10,32.91914749145508,32.98371264603457,32.46719140939864,32.46719140939864,3227600
2022-08-11,33.103614807128906,33.389548666856605,33.039049664373685,33.16817994988413,2234700
2022-08-12,33.426448822021484,33.43567090721896,33.1036195435193,33.17741029924674,890700
2022-08-15,33.06672286987305,33.14973570754495,32.7900145838123,32.9191448827382,3512400
2022-08-16,33.44489288330078,33.46334057217245,33.04827988743892,33.177410191003744,2663500
2022-08-17,33.094398498535156,33.31576373560156,32.956042586465905,33.11284618804686,2252900
2022-08-18,33.18662643432617,33.29730902953585,33.103613608284846,33.205074119950496,1345700
2022-08-19,32.771568298339844,32.96526727355643,32.69778106088245,32.900698602792964,2200800
2022-08-22,32.430294036865234,32.46718941393934,32.23659858503144,32.46718941393934,2231000
2022-08-23,32.68855285644531,32.84535644118961,32.43029226808603,32.58709585283032,3160500
2022-08-24,32.660884857177734,32.7531197813019,32.46718940539491,32.4948591789248,1788200
2022-08-25,33.03905487060547,33.066724645136034,32.780794258888356,32.79924194808772,2048700
2022-08-26,32.24582290649414,33.11284673518528,32.23660082085441,33.066725751375444,3299600
2022-08-29,32.2642707824707,32.37495340347139,31.98756247070046,32.1166927816241,2543100
2022-08-30,31.480262756347656,32.23660043713686,31.43414529162383,32.19970505794299,3431600
2022-08-31,31.074420928955078,31.48026306701875,31.055973239176087,31.397250222281823,4984600
2022-09-01,30.770038604736328,30.84382583514952,30.437987271535544,30.816156063561646,4932300
2022-09-02,31.046749114990234,31.489483085004416,30.853053662834686,31.212774793562655,3649100
2022-09-06,30.696250915527344,31.240445428398058,30.65935905591173,31.129762812477363,4016100
2022-09-07,31.055973052978516,31.0744207426469,30.410321507270176,30.484108747406683,4531600
2022-09-08,31.397245407104492,31.397245407104492,30.79770789611391,30.816155583063708,2495700
2022-09-09,32.18125534057617,32.208925113959566,31.74774345870674,31.74774345870674,3552100
2022-09-12,32.63321304321289,32.743895648948666,32.4210699161624,32.56864789665564,2445400
2022-09-13,31.600162506103516,32.190477925034514,31.526375277822435,31.98755688982272,4710400
2022-09-14,31.766197204589844,31.978340384234993,31.59094940884928,31.61861918750898,2963600
2022-09-15,31.341907501220703,31.867654350884404,31.286564431268754,31.544828572507427,2779300
2022-09-16,30.95451545715332,31.055972470621384,30.751594393143254,31.02830269590618,3537300
2022-09-19,31.332687377929688,31.332687377929688,30.502558869343197,30.530228646783645,1315500
2022-09-20,30.742368698120117,31.028299052703137,30.548669742246055,30.97295950977045,2627400
2022-09-21,30.21662139892578,30.972962572994604,30.207399313703785,30.825381061147493,3972300
2022-09-22,29.866125106811523,30.3826463110353,29.84767741829827,30.271963698492605,2096200
2022-09-23,28.869970321655273,29.404940960380717,28.648603342796648,29.404940960380717,5337100
2022-09-26,28.344223022460938,28.95298264330399,28.17819735145495,28.722391824521974,3460000
2022-09-27,28.33500099182129,28.79618265889743,28.205870688005874,28.593263358720566,5023200
2022-09-28,29.091341018676758,29.192799791276062,28.279660282271426,28.36267312484171,3989700
2022-09-29,28.667051315307617,28.823853146796928,28.24276504143559,28.805405458558567,2991700
2022-09-30,28.371896743774414,28.98065641160111,28.344225210048304,28.528698583018773,3950500
2022-10-03,29.441837310791016,29.58019145724758,28.833077658967408,28.88841896569635,5782200
2022-10-04,30.474885940551758,30.493333629783518,29.893796044630637,29.9214658192098,3612900
2022-10-05,30.01370620727539,30.179731902566257,29.672429212212403,29.986032912368795,2157700
2022-10-06,29.312707901000977,29.829230884487995,29.202023524905233,29.672427285323828,2916400
2022-10-07,28.750064849853516,29.23891804440689,28.639380477009354,29.16512904893359,2361900
2022-10-10,28.46413230895996,28.962207581529793,28.40878924368789,28.814629592674404,3665200
2022-10-11,28.076740264892578,28.5748155483989,27.92916227279675,28.32577702701152,2555500
2022-10-12,27.99372673034668,28.205869868815952,27.846148741909936,28.039844192007514,2007300
2022-10-13,28.786956787109375,28.934536528707337,27.255833900988087,27.3019531200088,6093000
2022-10-14,28.10441017150879,29.026773506095118,28.08596424186108,28.897643202218934,3104800
2022-10-17,28.860748291015625,29.10978504315585,28.750063921744573,28.768511609834476,2225900
2022-10-18,29.119009017944336,29.414164991634557,28.796181511995016,29.34959984229837,2561900
2022-10-19,28.897640228271484,29.054442049384928,28.66704941835573,28.971429217073794,3031900
2022-10-20,28.750064849853516,29.386496035353492,28.630158391935062,28.971431836273414,1767800
2022-10-21,29.478729248046875,29.534072310888707,28.6024851976044,28.667050344984883,2593400
2022-10-24,29.41416358947754,29.524846194701006,29.072890170892176,29.460282807710893,2422300
2022-10-25,29.91223907470703,29.930686761065363,29.404938255462074,29.441833628178742,1930700
2022-10-26,30.299633026123047,30.585566916065584,29.893794440414037,29.893794440414037,3582600
2022-10-27,30.42876625061035,30.81615714052543,30.34575341440902,30.373423186963898,3376100
2022-10-28,30.54867172241211,30.54867172241211,30.170502907534104,30.299633207462676,1819900
2022-10-31,30.46565818786621,30.557896627519256,30.299632515027426,30.354975578819253,3183800
2022-11-01,30.585569381713867,31.037528983730333,30.447213468015324,30.825382311116023,4045600
2022-11-02,30.022924423217773,31.009852863265092,30.013702338462434,30.59478867854035,3385600
2022-11-03,29.8292293548584,30.01370271913543,29.497178002867095,29.644755990581366,1970100
2022-11-04,30.76081657409668,30.982185328116902,30.364200048774144,30.70547702449436,3568900
2022-11-07,30.871503829956055,30.908395691516525,30.604017602054295,30.816160759809694,1516600
2022-11-08,31.18509864807129,31.388016143781073,30.806929906045113,30.95450786589591,2841900
2022-11-09,30.456436157226562,31.092865558547032,30.42876638454989,30.954513176626953,9192900
2022-11-10,31.99677848815918,31.99677848815918,31.452584053518873,31.471031739943204,6175300
2022-11-11,32.31960678100586,32.439511461465436,32.06134269712731,32.24581603745875,3355800
2022-11-14,31.886098861694336,32.29193744526693,31.87687677689037,32.19048043827634,2776000
2022-11-15,32.10747528076172,32.33806615992064,31.895332094160022,32.27350099523915,3601100
2022-11-16,31.969112396240234,32.08902061252713,31.858429783495236,31.99678216979228,2186700
2022-11-17,31.867656707763672,31.87688231270652,31.535605300568182,31.57250068326487,2086900
2022-11-18,31.85843276977539,31.932220012342963,31.68318147142024,31.867654855644904,5483100
2022-11-21,31.69240379333496,31.738521254980295,31.29578728981888,31.618613039872997,1880200
2022-11-22,32.328834533691406,32.328834533691406,31.904548239503935,31.941443617747264,3190500
2022-11-23,32.43951416015625,32.476409534999185,32.12591402960114,32.1720314888865,2166800
2022-11-25,32.587093353271484,32.68855034910432,32.46718515278641,32.46718515278641,1133800
2022-11-28,31.99677848815918,32.47640777958254,31.97833080173485,32.29193443387564,2933600
2022-11-29,31.895320892333984,32.06134302996587,31.756965006015005,31.98755580418907,2492500
2022-11-30,32.45795822143555,32.52252336092928,31.710846316283437,32.13513252396688,6565200
2022-12-01,32.660884857177734,32.84535822396287,32.4764114903926,32.697780234242124,4395700
2022-12-02,32.467193603515625,32.65166699415381,32.310389989985126,32.32883768090267,2471800
2022-12-05,31.756967544555664,32.54097491360374,31.71085008494165,32.45796207888387,4064300
2022-12-06,31.258888244628906,31.839978045067973,31.1851010183632,31.710847760200707,3337200
2022-12-07,31.231218338012695,31.57249173488889,31.203548568101112,31.203548568101112,6236200
2022-12-08,31.443363189697266,31.627836542562427,31.369572441136583,31.471032961139247,2388300
2022-12-09,31.221994400024414,31.56327133362929,31.221994400024414,31.32345491982389,2590500
2022-12-12,31.36957359313965,31.406468968774924,31.00985247703744,31.00985247703744,4406300
2022-12-13,31.567045211791992,32.11921128782127,31.445380531967842,31.913317763515447,6226900
2022-12-14,31.40795135498047,31.660637913271643,31.173982716201028,31.529612476689543,5067900
2022-12-15,30.677961349487305,31.033594617166553,30.509503673748583,30.96808369549899,4970800
2022-12-16,30.341053009033203,30.52822864422512,30.210031135422355,30.359770929560227,2883400
2022-12-19,30.08836555480957,30.546942044590015,29.99477596602332,30.48143111747852,3234200
2022-12-20,30.35976791381836,30.490793344492296,30.079006273958672,30.079006273958672,3404000
2022-12-21,30.780914306640625,30.86514316148409,30.53758848713627,30.53758848713627,4323900
2022-12-22,30.35976791381836,30.584379367752874,29.985420250698095,30.584379367752874,1950600
2022-12-23,30.74347496032715,30.74347496032715,30.312973560261653,30.35976656982046,2260600
2022-12-27,30.91193389892578,31.03359858475334,30.66860809734859,30.86514088747762,2971500
2022-12-28,30.32233428955078,30.977443563212745,30.32233428955078,30.8089858728203,2385500
2022-12-29,30.86513900756836,30.893214098711695,30.51886645984895,30.640531138266258,1493400
2022-12-30,30.63117027282715,30.902574719727024,30.51886633862219,30.621813099175778,2552700
2023-01-03,30.453359603881836,30.949371987453848,30.359770004099634,30.593738648437856,3604500
2023-01-04,31.089752197265625,31.2114133124546,30.6686079560171,30.84642282673185,3563800
2023-01-05,30.790271759033203,30.940011532733443,30.63117124130793,30.911932870736152,2263000
2023-01-06,31.57640838623047,31.623201398971528,30.893216833914526,30.99616360399167,3061000
2023-01-09,31.7729434967041,32.063062338882965,31.744864830951286,31.801018592378625,1519600
2023-01-10,31.716785430908203,31.838450112450193,31.47345963790203,31.79165710265029,2529300
2023-01-11,32.0536994934082,32.0536994934082,31.726144868221954,31.93203481687717,1498100
2023-01-12,32.47484588623047,32.47484588623047,31.857168858611054,32.16600558738181,1207900
2023-01-13,32.577796936035156,32.61522920772338,32.10985962418789,32.15665264135694,9078600
2023-01-17,32.70881652832031,32.79304538137487,32.605869755689405,32.68073786391672,1961400
2023-01-18,32.34382247924805,33.04572832113217,32.34382247924805,32.90534572472425,2957200
2023-01-19,32.39997482299805,32.50292159122058,32.16600619342973,32.29702805477551,1844800
2023-01-20,32.84919738769531,32.85855813304052,32.212802367197476,32.40933874858528,2442900
2023-01-23,33.06444549560547,33.092520586225035,32.746248044965704,32.82111614331043,3081700
2023-01-24,33.06444549560547,33.129956420436216,32.75560521847967,32.905344985246764,1219000
2023-01-25,32.97085952758789,33.045731204225056,32.643304867495374,33.00829536590648,4159200
2023-01-26,33.335853576660156,33.335853576660156,32.97086303937326,33.26098546212669,1836600
2023-01-27,33.38264083862305,33.49494834617666,33.186108055520926,33.23290106529603,2705600
2023-01-30,32.94278335571289,33.35456685350606,32.94278335571289,33.16739123811719,1093700
2023-01-31,33.532386779785156,33.56981904845844,32.89599180132431,32.94278481472447,2244000
2023-02-01,33.532386779785156,33.663408645336844,32.98957782812464,33.44815792763363,3173900
2023-02-02,33.43879318237305,33.67276179146052,33.279696241830834,33.67276179146052,2091900
2023-02-03,33.24226379394531,33.504307520392814,33.09252401167845,33.09252401167845,1766900
2023-02-06,32.87726974487305,33.08315969194144,32.76496224275105,33.05508460144976,1295300
2023-02-07,33.24226379394531,33.36392848268652,32.74625143457596,32.83048028523095,2230900
2023-02-08,33.02701187133789,33.26098049569691,32.93342227954755,33.139315811408416,1603000
2023-02-09,32.83047866821289,33.40135910555877,32.78368208787101,33.392001931537095,3759700
2023-02-10,33.21418380737305,33.26097681304836,32.94277937634774,32.99892955512711,947400
2023-02-13,33.43879318237305,33.4668682730387,33.14867082187662,33.242260407558206,1977700
2023-02-14,33.38264083862305,33.60725228365247,33.03636828219391,33.17675088159703,1863900
2023-02-15,33.289058685302734,33.298419430391604,32.95214326366775,33.14867606959542,2173900
2023-02-16,32.91470718383789,33.16739374822448,32.76496739421008,32.88663208893211,2008400
2023-02-17,32.74625015258789,32.83047899994539,32.53099587705816,32.68073565346283,1259900
2023-02-21,32.15665054321289,32.56843406554239,32.137932623550896,32.55907689075046,2371800
2023-02-22,32.00691223144531,32.25023805811179,31.941401294647484,32.10049826399128,3011200
2023-02-23,32.03498458862305,32.25959604564164,31.78229803825638,32.14728853209335,2046800
2023-02-24,31.9133243560791,31.95076019915496,31.44538702786634,31.669998516243,2481500
2023-02-27,32.0817756652832,32.33446220040435,32.0256254819748,32.1472865925282,1991600
2023-02-28,31.866527557373047,32.04434600585191,31.810377369498095,32.04434600585191,3186600
2023-03-01,32.04434585571289,32.0911388687488,31.801016475801294,31.932038340333055,1834900
2023-03-02,32.17536926269531,32.20344435784713,31.772942905154164,31.819735920433274,1137300
2023-03-03,32.60586929321289,32.64330513183462,32.14728919529183,32.20344295322443,2287800
2023-03-06,32.43741226196289,32.596512794364585,32.37190132805576,32.52164111556893,2277700
2023-03-07,31.72614860534668,32.343825664225804,31.651276927868928,32.343825664225804,2298000
2023-03-08,31.735504150390625,31.950754856969027,31.55768928062879,31.55768928062879,2254900
2023-03-09,31.239492416381836,32.00690923568103,31.202056578836032,31.829090792377432,1749100
2023-03-10,30.762195587158203,31.361154730443403,30.696684653991266,31.248850783596954,4226900
2023-03-13,30.640533447265625,30.958730927820323,30.256825035721253,30.462715003083954,6019300
2023-03-14,30.930652618408203,31.230132183524372,30.68732681053058,30.96808845656723,3014800
2023-03-15,30.24746322631836,30.30361698093734,29.835677950973835,30.163234379428822,4319500
2023-03-16,30.60309410095215,30.68732294115049,29.882470372605802,30.050928053002483,2576200
2023-03-17,30.28489875793457,30.47207436803618,30.09772314783296,30.453356450018237,2905000
2023-03-20,30.706045150756836,30.734120244722156,30.44399785012758,30.481433688800056,1586200
2023-03-21,30.818344116210938,31.052312714985646,30.752833194160218,30.97744104974054,2421600
2023-03-22,30.621816635131836,31.202057860616268,30.59373797078003,30.818349435203935,2133600
2023-03-23,30.481430053710938,31.042953286520845,30.341047460469635,30.855781255635975,4633000
2023-03-24,30.528223037719727,30.528223037719727,29.99477489594137,30.3129723463072,1757000
2023-03-27,30.874500274658203,30.93065045789662,30.593735078155024,30.706042584787404,1483000
2023-03-28,31.061670303344727,31.108466879787255,30.846419618003754,30.855780361323276,1996100
2023-03-29,31.44537925720215,31.454740000697168,31.286282318562925,31.31435740889276,12234700
2023-03-30,31.707429885864258,31.744862153580478,31.557690104765406,31.716787060273816,1546800
2023-03-31,31.988187789916992,32.00690570662607,31.726144096145003,31.726144096145003,1572200
2023-04-03,32.56843566894531,32.57779641427622,32.25023815918222,32.25023815918222,3043000
2023-04-04,32.493560791015625,32.68073281772195,32.315742367536025,32.605864721054935,4123700
2023-04-05,32.297027587890625,32.46548528435083,32.1660057284389,32.43741019163343,2059600
2023-04-06,32.28767395019531,32.34382771185862,32.09114113949118,32.194087917501435,2067100
2023-04-10,32.353179931640625,32.353179931640625,32.03498247110931,32.04434321499192,752100
2023-04-11,32.65266036987305,32.746249960876725,32.399973829279894,32.399973829279894,1352600
2023-04-12,32.7836799621582,33.008291394970655,32.71816903802074,32.88662672011068,1000500
2023-04-13,33.21418380737305,33.242258896762735,32.877268454386794,32.877268454386794,1684900
2023-04-14,33.17675018310547,33.35456504453833,33.0082924953995,33.27969694448998,2001200
2023-04-17,33.23291015625,33.25162807929594,33.01765939633984,33.09253108852361,1149000
2023-04-18,33.3171272277832,33.41071680987413,33.251616305358304,33.36392380386742,2012400
2023-04-19,33.14867401123047,33.23290286140903,33.08316307998914,33.101880998926376,2662600
2023-04-20,32.99893569946289,33.20482924686423,32.95214268507481,32.99893569946289,3977200
2023-04-21,32.96150207519531,32.99893434312032,32.783683629719995,32.91470549265254,1131500
2023-04-24,32.97085952758789,33.036370459606395,32.88663067641009,32.961502353047266,805900
2023-04-25,32.325111389160156,32.746255697256736,32.31575064338108,32.652666089858336,1270400
2023-04-26,32.23151779174805,32.54035810281298,32.14728894055562,32.33446456210302,1392200
2023-04-27,32.6152229309082,32.6620195091496,32.33446131184822,32.33446131184822,1588300
2023-04-28,32.94278335571289,32.97085844849395,32.47484610227969,32.47484610227969,1873300
2023-05-01,32.886627197265625,33.14867089761749,32.886627197265625,32.90534511444471,1405500
2023-05-02,32.36254119873047,32.67137792037215,32.11921183493732,32.662020746416026,1304700
2023-05-03,32.23151779174805,32.58715111568032,32.222160617205795,32.30638946839823,2749600
2023-05-04,32.28767395019531,32.512285426770255,32.25023810908644,32.315749045987815,1664800
2023-05-05,33.17675018310547,33.25161828315383,32.652659202456036,32.7181701287775,1470400
2023-05-08,33.26097869873047,33.485586566736785,33.19546777305548,33.401357723714995,897300
2023-05-09,33.23291015625,33.260988825858306,32.98022712032674,33.064455988994084,1193300
2023-05-10,33.092529296875,33.448162675336135,32.839842704553554,33.36393381122899,2264800
2023-05-11,32.69945526123047,32.78368411293975,32.5309975578119,32.78368411293975,3648200
2023-05-12,32.56843566894531,32.88663317870841,32.43741379493903,32.82112224170527,1165300
2023-05-15,32.980220794677734,32.99893514405546,32.67138047877384,32.67138047877384,1096000
2023-05-16,32.44676208496094,32.961495834856926,32.43740491227071,32.924060003941335,914500
2023-05-17,32.60586929321289,32.67138022576189,32.2783146304679,32.62458721252376,1798300
2023-05-18,32.493560791015625,32.512278707701775,32.250231444173295,32.48420004763377,1098700
2023-05-19,32.549713134765625,32.69009573420499,32.44676637118714,32.69009573420499,946300
2023-05-22,32.59651184082031,32.690097866499066,32.502922245063516,32.52164016421488,1773900
2023-05-23,32.22216033935547,32.55907574121999,32.20344242035433,32.50292198421656,999000
2023-05-24,31.64191436767578,32.00690480806216,31.63255362454525,32.00690480806216,1611300
2023-05-25,31.342437744140625,31.763578401903043,31.211412318752043,31.763578401903043,1776100
2023-05-26,31.61383819580078,31.660634774980547,31.45474125083839,31.5015342599404,1183400
2023-05-30,31.37051010131836,31.726143370501678,31.28628126309277,31.698064711041486,1134100
2023-05-31,31.127182006835938,31.20205367495948,31.005520901251632,31.11782483335931,2433100
2023-06-01,31.567045211791992,31.69806706541288,31.136543815586858,31.19269756860056,2200300
2023-06-02,32.23151779174805,32.250235710910594,31.838452199568724,31.903963131598612,1694800
2023-06-05,32.0256233215332,32.26894909630307,31.98818748846783,32.25959192307549,1107100
2023-06-06,32.31574630737305,32.34382497086431,31.932037893720413,32.03498466300639,674000
2023-06-07,32.283607482910156,32.60502566679982,32.20797797789457,32.31196674418436,2456000
2023-06-08,32.27415084838867,32.38759149568021,32.11344356524342,32.33087297514102,1068600
2023-06-09,32.23633575439453,32.444313277394855,32.16070985907549,32.321417140511656,1434000
2023-06-12,32.255245208740234,32.27415258534192,32.047271278548386,32.207978570342696,2131900
2023-06-13,32.4915771484375,32.67119539618832,32.45376600710142,32.47266977466305,1016600
2023-06-14,32.51994323730469,32.794091168690166,32.35923234739014,32.690106011937424,1505300
2023-06-15,32.86972427368164,32.9548056703226,32.39705064927934,32.39705064927934,1613400
2023-06-16,32.831912994384766,33.06824983160857,32.82246110762995,32.96426104623586,1364200
2023-06-20,32.38758850097656,32.67119550230155,32.283603354198604,32.623925264605504,1086100
2023-06-21,32.47267532348633,32.5955714709139,32.255245897245814,32.30251253665229,1006700
2023-06-22,32.321414947509766,32.3781370698103,32.22688168322175,32.3781370698103,1075200
2023-06-23,31.962186813354492,32.08507934012766,31.877105429935295,31.98109418813798,1153600
2023-06-26,32.35923385620117,32.46322262401576,31.962189767687295,31.962189767687295,1101200
2023-06-27,32.576663970947266,32.60502683945484,32.29306052936547,32.34978266016719,950600
2023-06-28,32.4915771484375,32.538843779767205,32.302507016905864,32.39704388577809,1212500
2023-06-29,32.699554443359375,32.699554443359375,32.3781363036874,32.3781363036874,1075600
2023-06-30,33.07769775390625,33.15332364927771,32.85081285536563,32.85081285536563,1903900
2023-07-03,33.27621841430664,33.32348504774169,33.020974266301785,33.049333525120225,1144400
2023-07-05,32.89807891845703,33.115508322410626,32.86971965896271,33.115508322410626,2598200
2023-07-06,32.217430114746094,32.57665940752838,32.14180061760483,32.54830014920686,1942600
2023-07-07,32.453765869140625,32.63338050991509,32.141799612507675,32.141799612507675,1265100
2023-07-10,32.406494140625,32.52939026087503,32.34032013884713,32.38758676780095,1043500
2023-07-11,32.56720733642578,32.62392585274303,32.43485932340168,32.472670465542215,795000
2023-07-12,33.030426025390625,33.0776962648596,32.84135949236656,32.8791706352436,1068300
2023-07-13,33.58818054199219,33.64490266493356,33.191136500041324,33.191136500041324,1057300
2023-07-14,33.31403350830078,33.70162567642009,33.30457801778813,33.70162567642009,2712900
2023-07-17,33.361305236816406,33.44638663335793,33.22895719913261,33.23840908487564,571900
2023-07-18,33.63545608520508,33.66381534804157,33.24786025996775,33.26676763726324,656800
2023-07-19,33.852882385253906,33.89069353013595,33.720530756420715,33.73943813196831,1086900
2023-07-20,33.72998046875,33.947409840978096,33.67325835182472,33.93795795793015,1020100
2023-07-21,33.843421936035156,33.90014405436769,33.70162204952274,33.79615530719769,910500
2023-07-24,34.04194641113281,34.15539065602997,33.84342439188211,33.84342439188211,1314000
2023-07-25,33.93796157836914,34.08921696675966,33.928506088099965,33.966320836750825,678900
2023-07-26,33.9190559387207,34.004137324429884,33.758345051841985,33.86233381284355,894600
2023-07-27,33.607093811035156,34.08922292507063,33.550375284358196,34.060860055518596,1679900
2023-07-28,33.824520111083984,33.97577551190006,33.72053134685795,33.824520111083984,1892600
2023-07-31,34.108123779296875,34.259379165196094,33.900146271355624,33.900146271355624,1075100
2023-08-01,33.67326354980469,33.81506706090114,33.569274789162364,33.74889305071296,1459100
2023-08-02,33.00206756591797,33.399115228552645,32.88862692211365,33.370752362941786,1594800
2023-08-03,32.831912994384766,32.954809159481044,32.72792420901206,32.80355372790637,1258000
2023-08-04,32.91698455810547,33.276217453017644,32.70900704954376,32.86971792603586,1198300
2023-08-07,33.039886474609375,33.106060492342216,32.92644581652644,32.98316434246116,2177600
2023-08-08,32.831912994384766,32.84136848735353,32.44432072558629,32.63339091660812,1392200
2023-08-09,32.90753173828125,32.98315762619924,32.73736898269983,32.80354298695785,1154400
2023-08-10,32.97370910644531,33.332938421575875,32.898079604599005,33.11550901308744,1045300
2023-08-11,33.04933547973633,33.17223161890622,32.80354680760974,32.83190606810542,1044400
2023-08-14,32.85081481933594,32.96425547228168,32.72791867502027,32.96425547228168,734800
2023-08-15,32.14179611206055,32.680643581912804,32.10398136879068,32.661736210277866,2059700
2023-08-16,32.03781509399414,32.2174333647174,31.990548456619226,32.07562984637938,1081100
2023-08-17,31.886560440063477,32.33087477549913,31.839293801577703,32.23633789231423,815400
2023-08-18,31.886560440063477,31.962189946611403,31.63131626478427,31.63131626478427,1355900
2023-08-21,31.839292526245117,32.066173824374374,31.70694450130085,31.99999981190224,777800
2023-08-22,31.650218963623047,31.96218522270561,31.621859705965658,31.96218522270561,1185600
2023-08-23,32.0,32.09453687995389,31.59350043173134,31.612407807722118,914300
2023-08-24,31.763662338256836,32.00945461318241,31.725851193525553,31.896013966562297,738700
2023-08-25,31.773117065429688,31.924372459358782,31.44224341193832,31.86765033430548,902800
2023-08-28,32.0661735534668,32.13235117159305,31.848744142007686,31.858199632974227,619100
2023-08-29,32.5955696105957,32.605025101665404,31.943281369102024,32.018907266593516,1421100
2023-08-30,32.756282806396484,32.88863084097368,32.671201411852074,32.79409395469463,795900
2023-08-31,32.79409408569336,33.00207163012459,32.68065342791882,32.91699023524031,1151200
2023-09-01,33.020973205566406,33.077695327594164,32.860262329594185,32.97370657364971,733400
2023-09-05,32.709007263183594,32.99261426987936,32.699555379193086,32.95479952149154,855400
2023-09-06,32.406494140625,32.68064563725483,32.255238764245206,32.548297633699086,805500
2023-09-07,32.15125274658203,32.39704500795078,32.14180086247382,32.264696993158196,685300
2023-09-08,32.15125274658203,32.35923025909206,32.132348978365606,32.217430360191265,880500
2023-09-11,32.4915771484375,32.5766585273161,32.28360324934423,32.43485863332698,538800
2023-09-12,32.5955696105957,32.69955837508308,32.42540683347331,32.453769700469195,613400
2023-09-13,32.709007263183594,32.82245150834706,32.5577518758452,32.62392588241744,1738300
2023-09-14,33.31403350830078,33.36130014222499,32.95480059929339,32.99261534891796,2093700
2023-09-15,33.34239196777344,33.42747334928173,33.24785509597926,33.257310586265135,1222300
2023-09-18,33.24785614013672,33.465289148985406,33.17223024653925,33.427474399080154,873800
2023-09-19,32.94533920288086,33.44637553005631,32.90752806624746,33.38020153318241,2130000
2023-09-20,32.86027145385742,33.266771092396375,32.84136768081205,33.02098237445401,1498900
2023-09-21,32.15125274658203,32.671196527857106,32.14180086247382,32.53884490685158,1199900
2023-09-22,32.094539642333984,32.453772604651526,32.08508415041814,32.368691208476676,1279200
2023-09-25,32.23633575439453,32.29305788054366,31.933824960692125,31.999998971426205,1229500
2023-09-26,31.725849151611328,32.12289319233406,31.725849151611328,31.943278546228,1609400
2023-09-27,31.565141677856445,31.896015353689776,31.347712259789954,31.839293224806358,1311600
2023-09-28,31.886560440063477,32.000001093672005,31.565142249661516,31.565142249661516,1741100
2023-09-29,31.63131332397461,32.27414964501309,31.61240594909547,32.14180162707218,1799200
2023-10-02,30.903392791748047,31.517869797356095,30.818311415682512,31.50841791388779,2607900
2023-10-03,30.534711837768555,30.771048622281025,30.374004555282383,30.695422726467868,2092300
2023-10-04,30.449626922607422,30.54416378918541,30.080942158485087,30.53470829942125,3200200
2023-10-05,30.70487403869629,30.74268878900447,30.383455873502868,30.449629883435655,1297100
2023-10-06,30.97902488708496,31.092465529298963,30.307829311850387,30.67651410370563,1744300
2023-10-09,31.328800201416016,31.39497420545034,30.856126683334995,30.903393313900548,1619700
2023-10-10,31.584043502807617,31.716391507393592,31.376066006336707,31.413880752279173,1261800
2023-10-11,31.820384979248047,31.83929235502601,31.59350007612567,31.650222203459563,1079700
2023-10-12,31.394975662231445,31.896012066870956,31.224812899329415,31.896012066870956,1148100
2023-10-13,31.366613388061523,31.72584625367309,31.30989127047678,31.669124136088346,1651900
2023-10-16,31.763662338256836,31.801477089201253,31.3760701566094,31.536781045016607,1076300
2023-10-17,31.78257179260254,31.97164195347842,31.470609092438696,31.470609092438696,1422700
2023-10-18,31.196453094482422,31.706941374246856,31.196453094482422,31.697485884132966,1952800
2023-10-19,31.073558807373047,31.394976972242755,31.01684028818097,31.158640192374236,1402700
2023-10-20,30.70487403869629,31.101921704506076,30.695422154225778,31.0451995790438,1596600
2023-10-23,30.638700485229492,30.92230390433995,30.383456326166144,30.58197835892215,1401100
2023-10-24,30.430721282958984,30.761594925513037,30.3172806428153,30.685965427941966,1491200
2023-10-25,30.241655349731445,30.534712463664107,30.166027649261515,30.22274797383731,2598700
2023-10-26,30.08094596862793,30.317282755688936,29.98641089318221,30.137666292652728,2079900
2023-10-27,29.7595272064209,30.222747083542124,29.693353195847372,30.213293395873542,1610800
2023-10-30,30.08094596862793,30.26056062855755,29.863516557277386,30.024225644603135,1543000
2023-10-31,30.00531578063965,30.09039716117459,29.872967767854828,30.07148978703206,1296600
2023-11-01,30.31728172302246,30.34564098251559,29.9958635593191,30.09985231907799,1910000
2023-11-02,31.508420944213867,31.536780203558937,30.875036504540684,30.922303138853483,5494900
2023-11-03,31.95273208618164,32.07562822210371,31.706943420550598,31.73530268029681,2477900
2023-11-06,31.79202651977539,32.13235207992779,31.735304391012228,32.07562995116463,1086000
2023-11-07,31.385522842407227,31.536778226453485,31.31934883727529,31.527322736455886,2075600
2023-11-08,31.281539916992188,31.47061008382415,31.14919188207386,31.376073197301423,3534400
2023-11-09,31.366613388061523,31.79202025441567,31.33825413237544,31.413880016275858,2195700
2023-11-10,31.470603942871094,31.489511316486187,31.111371056609904,31.347707817479385,1017700
2023-11-13,31.63131332397461,31.744757573249416,31.338258028880578,31.39497654730496,1598800
2023-11-14,32.33087158203125,32.4064974748959,32.03781268242484,32.10398669101129,3131100
2023-11-15,32.41595458984375,32.60502474079973,32.368687953658046,32.39704721412683,2075500
2023-11-16,32.22688293457031,32.387590211342676,32.08507942641927,32.25524219371531,1251000
2023-11-17,32.586116790771484,32.64283531070942,32.37813926776407,32.37813926776407,1040200
2023-11-20,32.6428337097168,32.69955583308587,32.41595242866638,32.52939306919159,1552800
2023-11-21,32.51994323730469,32.76573190832244,32.51048774637333,32.671198636287876,1964000
2023-11-22,32.53884506225586,32.56720792714183,32.255241656886845,32.34032303911884,1530200
2023-11-24,32.737369537353516,32.83190280040582,32.57665866270921,32.57665866270921,837000
2023-11-27,32.55775451660156,32.63338401951151,32.491580504661954,32.60502475902687,1185200
2023-11-28,32.67119598388672,32.75627736429578,32.36868521047958,32.5672072293631,4030800
2023-11-29,32.76573181152344,32.888627949775824,32.59556903739341,32.69010591536185,1357600
2023-11-30,33.068241119384766,33.077696609862365,32.77518222020011,32.84135983490432,1808000
2023-12-01,33.55036926269531,33.56927303071906,33.00206622847114,33.00206622847114,1982300
2023-12-04,33.38020706176758,33.51255507743548,33.13441479877322,33.13441479877322,1375000
2023-12-05,33.210044860839844,33.37075213796141,33.1816819954202,33.25731149492189,1283800
2023-12-06,33.030426025390625,33.493647686210686,33.01151865084562,33.28567017242866,2282300
2023-12-07,33.01152038574219,33.16277939005148,32.89807973872337,33.16277939005148,1019700
2023-12-08,33.14386749267578,33.27621549717695,32.983156625629604,32.99261211521549,922200
2023-12-11,33.210044860839844,33.21949674517104,32.97370808421659,33.06824135238068,1538300
2023-12-12,33.01152038574219,33.143872014512816,32.84136121832053,33.124964638974156,2168600
2023-12-13,33.8339729309082,33.84342481499469,32.898077732976894,33.05878861215064,3476700
2023-12-14,34.29719161987305,34.35391374408634,34.127028853446156,34.127028853446156,2878700
2023-12-15,33.9852294921875,34.335006914860905,33.9852294921875,34.297192164784576,2249800
2023-12-18,34.12702941894531,34.287740303772864,34.0514035249541,34.15539228462844,1488600
2023-12-19,34.609153747558594,34.665872258764026,34.240468999873,34.240468999873,1398200
2023-12-20,34.164615631103516,34.777776967195514,34.14545388250941,34.70113362754894,2592300
2023-12-21,34.64365005493164,34.66281180445119,34.37539287111799,34.42329541755185,2943200
2023-12-22,34.90232467651367,35.08435579652293,34.79693689213423,34.80651959329399,1632700
2023-12-26,35.285552978515625,35.304711071734,34.998130414023905,34.998130414023905,1611800
2023-12-27,35.32387161254883,35.438842096308484,35.189743036225494,35.3430333598421,3110900
2023-12-28,35.161006927490234,35.410102366033016,35.12268342779747,35.343038068935726,1685700
2023-12-29,35.141845703125,35.26639525162384,35.01729615462616,35.23765079905941,1606700
2024-01-02,34.77778244018555,34.97897534999068,34.70113908847758,34.97897534999068,2249300
2024-01-03,34.662811279296875,34.81610161840085,34.43287394327593,34.54784443865139,9582000
2024-01-04,34.72029495239258,34.9119051265354,34.605324462231124,34.605324462231124,4039600
2024-01-05,34.8448486328125,35.199335574715406,34.68197921739545,34.758622573259174,5759200
2024-01-08,35.113101959228516,35.13226005302388,34.65322730408341,34.68197175423612,1096200
2024-01-09,34.825679779052734,34.95022931850703,34.63406960109829,34.92148852275984,1733000
2024-01-10,34.90232467651367,34.99812975973335,34.86400118133394,34.90232467651367,876600
2024-01-11,34.73945236206055,34.998130477736176,34.394551862556106,34.94064888851697,1651800
2024-01-12,34.78736114501953,35.20890866778821,34.72987589679789,35.11310357548215,1274700
2024-01-16,34.46161651611328,34.6244858935895,34.32748793354939,34.49993635775313,1884600
2024-01-17,34.011329650878906,34.097555703225275,33.80055404409215,34.02090869903725,2536700
2024-01-18,34.174190521240234,34.22209671426333,33.95383592130573,34.12628798294654,2348600
2024-01-19,34.57658767700195,34.586166724928084,34.03049057695689,34.202942677469046,4033400
2024-01-22,34.4903564453125,34.72029376302898,34.384968660306185,34.63406772572651,2413800
2024-01-23,34.67238998413086,34.701134435055835,34.499937897500736,34.5095205993857,7107100
2024-01-24,34.57658767700195,35.01729697620845,34.54784687849334,35.01729697620845,2349400
2024-01-25,34.835262298583984,34.835262298583984,34.614907671305026,34.7586153040192,1263800
2024-01-26,34.94064712524414,35.00771141243531,34.79693584998902,34.94064712524414,1242600
2024-01-29,35.161006927490234,35.18016867733662,34.720297645213726,34.90232878665922,3194500
2024-01-30,35.26639175415039,35.30471159588577,34.91190489394229,35.06519522507317,2471800
2024-01-31,34.825679779052734,35.37177682662863,34.80652168504119,35.28555443938706,3085800
2024-02-01,35.06520080566406,35.132265107786424,34.78736454889872,34.86400789929698,2344100
2024-02-02,34.86400604248047,34.97897288932003,34.61491059853971,34.97897288932003,2745300
2024-02-05,34.31790542602539,34.69155038091623,34.23167938607136,34.6436478375484,4122300
2024-02-06,34.59574890136719,34.64365144972967,34.31790900424255,34.384973302896064,1829300
2024-02-07,34.69154739379883,34.73944993304202,34.528678029426096,34.65322390051249,1274500
2024-02-08,34.681968688964844,34.768194722342464,34.41370788805139,34.653224241352625,1485300
2024-02-09,34.81610107421875,34.87358632100798,34.59574644362159,34.72987503139987,1478800
2024-02-12,34.92148971557617,35.1035208527425,34.78736112453467,34.78736112453467,4366100
2024-02-13,33.81013488769531,34.39455547093446,33.580197542506255,34.365811018579514,2569600
2024-02-14,34.41371154785156,34.423294249651235,34.07839007946116,34.164616122008674,2917000
2024-02-15,35.161006927490234,35.19933042718299,34.595748098577296,34.605327146135444,2306400
2024-02-16,35.141845703125,35.323876847292425,35.03645790475907,35.08436045272627,1931100
2024-02-20,35.00771713256836,35.180169229160725,34.95023188212752,35.113104931011485,1961100
2024-02-21,34.959808349609375,34.988549142338904,34.81609707650274,34.96938739560939,1898200
2024-02-22,35.29513168334961,35.362195973153675,35.141841355978926,35.237646440061965,1538900
2024-02-23,35.4388427734375,35.50590706288056,35.27596974569744,35.33345498867564,1397100
2024-02-26,35.304710388183594,35.50590691037829,35.22806705260486,35.37177467733861,3126700
2024-02-27,35.21848678588867,35.37177712237182,35.11310264902456,35.32387457748269,1503800
2024-02-28,35.00771713256836,35.16100747901378,34.931070131980576,34.931070131980576,1900000
2024-02-29,35.22806930541992,35.323874394702436,35.093940718532444,35.18016676077866,3016200
2024-03-01,35.55381393432617,35.69752157717755,35.23765054153893,35.29513579151755,1978800
2024-03-04,35.46757888793945,35.592128403927546,35.40051460734491,35.42925539767709,1700800
2024-03-05,35.429264068603516,35.66878045926855,35.35262072405035,35.45800486596969,1731400
2024-03-06,35.70710372924805,35.88913486927984,35.63045673045778,35.79332977552207,2501300
2024-03-07,36.20530319213867,36.243626696757474,35.93704231453764,35.99452757146584,2717000
2024-03-08,36.03284454345703,36.435230304811626,35.95619754811526,36.33942521536431,1528200
2024-03-11,36.13823318481445,36.14781223209257,35.82206980368698,35.8508106002513,1195800
2024-03-12,36.23403549194336,36.262776286298966,35.946616584198225,36.14780945414685,2641300
2024-03-13,36.550201416015625,36.63642745986855,36.329843128045965,36.329843128045965,1311700
2024-03-14,36.18613815307617,36.50229790063837,36.023265100605165,36.50229790063837,1593000
2024-03-15,36.14781188964844,36.32026397686062,36.07116854795966,36.11907109335639,1500100
2024-03-18,36.13823318481445,36.243620978523616,36.071168889677715,36.243620978523616,2401700
2024-03-19,36.13823318481445,36.27236177508794,35.984942845254764,36.0232626890972,1459300
2024-03-20,36.655582427978516,36.67474417550376,36.00410128576836,36.0711655747419,3620800
2024-03-21,36.598106384277344,36.84720183038103,36.57894463384934,36.79929928167611,1118600
2024-03-22,36.224456787109375,36.59810173617564,36.176550589758534,36.54061649219248,1275000
2024-03-25,36.21487808227539,36.42565367874429,36.195716332166384,36.22446078469496,994700
2024-03-26,36.13823318481445,36.38732861607521,36.13823318481445,36.329843368216586,1039100
2024-03-27,36.47355651855469,36.50229731658314,36.18613757407966,36.195716621845754,1487400
2024-03-28,36.674747467041016,36.770556213266026,36.54061887705597,36.54061887705597,1274300
2024-04-01,36.61726760864258,36.74181350254003,36.47355630986226,36.73223445482875,1968900
2024-04-02,36.4448127746582,36.569358659201114,36.3106841883936,36.569358659201114,1868600
2024-04-03,36.598106384277344,36.7513967329712,36.32026648516654,36.349007283443456,2247000
2024-04-04,36.43523025512695,36.97174825759802,36.33942516581028,36.837619670662725,1805300
2024-04-05,36.684329986572266,36.8184585758902,36.25319976752895,36.35858756048731,2177100
2024-04-08,36.73223114013672,36.86635972437193,36.56935810590123,36.82803622752478,1364200
2024-04-09,36.904685974121094,37.00049106865573,36.53104098881389,36.79929817729494,1380800
2024-04-10,36.3681640625,36.55977788585708,36.1861329404121,36.4543901002742,2656100
2024-04-11,36.17655563354492,36.40649298680606,35.89871938571428,36.34900773480821,2025900
2024-04-12,35.59213638305664,36.176553294292326,35.45800413706828,36.05200740511243,1663900
2024-04-15,35.333457946777344,35.95619835155987,35.22807015319246,35.85081055797499,2561600
2024-04-16,35.08435821533203,35.27597204971141,34.88316533386213,35.103519964242956,2453600
2024-04-17,35.22806930541992,35.48674743215857,34.988552927483745,35.28555455182736,3014300
2024-04-18,35.304710388183594,35.53464770437911,35.12267926829565,35.31429308933697,3198100
2024-04-19,35.55381393432617,35.707104279539045,35.31429754151043,35.37177913675893,1403100
2024-04-22,35.79332733154297,35.95619671075643,35.448423169997035,35.68793954276729,1485700
2024-04-23,36.11907196044922,36.195715303977934,35.735844278615524,35.764588730327574,1294100
2024-04-24,35.79332733154297,36.090325294751,35.6112925492105,35.96577941231593,2819900
2024-04-25,35.92745590209961,36.00410289562773,35.33345632117591,35.44842315673828,1844000
2024-04-26,36.052005767822266,36.12864910731916,35.898715434098634,35.97535877359553,1522900
2024-04-29,36.09990692138672,36.19571200575017,35.937033892293215,36.128647715749814,1393400
2024-04-30,35.37177658081055,35.869971080435604,35.352618486932144,35.802906787671645,3439900
2024-05-01,35.39093780517578,35.84122975397499,35.19932763139125,35.285553671486205,2728200
2024-05-02,35.774169921875,35.908298522136796,35.41968667050735,35.62087957090005,1861000
2024-05-03,35.9945182800293,36.176549397884195,35.783742713764966,36.176549397884195,1974900
2024-05-06,36.521453857421875,36.53103655855126,36.21487320641518,36.301099242931414,953900
2024-05-07,36.416072845458984,36.636431155657824,36.34900854400032,36.58852495056136,1499700
2024-05-08,36.31068420410156,36.329842298093475,35.91787749212965,35.994520832286916,1332200
2024-05-09,36.674747467041016,36.73223271477602,36.349005039335914,36.349005039335914,1692400
2024-05-10,36.58852005004883,36.94300691568652,36.56935830152275,36.856780874684084,1240400
2024-05-13,36.51187515258789,36.71306802143137,36.46397261068178,36.69390627372299,879200
2024-05-14,36.540618896484375,36.67474748654073,36.416069353690624,36.646006690022936,1159700
2024-05-15,36.69390869140625,36.79929648338128,36.4639750132152,36.69390869140625,2857200
2024-05-16,36.69390869140625,36.760972985439466,36.56935915046031,36.67474694243534,1708400
2024-05-17,36.97175216674805,36.98133121480058,36.65558876006019,36.67475051089554,857900
2024-05-20,37.00048828125,37.13461686538604,36.904683193932776,36.904683193932776,615500
2024-05-21,36.904685974121094,37.038814568361616,36.75139563002762,36.96217122367993,1219300
2024-05-22,36.578941345214844,36.828036768923575,36.47355355470081,36.63642659133065,1358300
2024-05-23,36.24361801147461,36.933422655658035,36.11906847867537,36.751391534435825,4341700
2024-05-24,36.62684631347656,36.71307236099153,36.40649167087833,36.40649167087833,958600
2024-05-28,36.540618896484375,36.7609735308241,36.44481380493839,36.62684494076775,1358700
2024-05-29,35.74542236328125,36.23403412250834,35.73583966237175,36.1669698350601,4019400
2024-05-30,36.11907196044922,36.262779600089324,35.75500602818021,35.75500602818021,2473000
2024-05-31,36.655582427978516,36.67474417550376,36.080744621139694,36.36816352455911,2309100
2024-06-03,36.34900665283203,36.741813392965945,36.15739646133657,36.62684654712264,2238500
2024-06-04,36.03284454345703,36.12864963290434,35.755004667437966,36.080747088180686,3478900
2024-06-05,36.253196716308594,36.272358463845556,36.05200384926493,36.13822988581644,1804200
2024-06-06,36.39691162109375,36.43523146525521,36.16697428247495,36.16697428247495,1221900
2024-06-07,35.889129638671875,36.18613123360302,35.869967891767004,36.11906694680075,1372900
2024-06-10,35.956199645996094,36.042425693421535,35.755006753580105,35.79333025348699,1195900
2024-06-11,35.67478561401367,35.75215206071536,35.51038744832542,35.72313779868461,1480100
2024-06-12,35.88753890991211,36.35172651339981,35.80050350369347,36.35172651339981,2572000
2024-06-13,35.39433670043945,35.800503155184224,35.32664290615451,35.73280936089928,2417200
2024-06-14,35.33631134033203,35.33631134033203,34.968828151603574,35.20092376791489,1737700
2024-06-17,35.278289794921875,35.30730036627081,34.99784197509882,35.229937612995315,1089600
2024-06-18,35.31697463989258,35.48137280380863,35.22993923280902,35.27829141695874,1072000
2024-06-20,35.33631134033203,35.46202626384243,35.19125111900813,35.3169697315532,1243900
2024-06-21,35.287960052490234,35.32663958198832,35.1138892581272,35.20092465530872,1378300
2024-06-24,35.85852813720703,35.91654928167191,35.45236168077722,35.45236168077722,2153800
2024-06-25,35.800498962402344,35.848851139938084,35.61675921215266,35.6651113896884,1072800
2024-06-26,35.713470458984375,35.73281207153803,35.45236422306312,35.52973067327774,1061200
2024-06-27,35.99391555786133,36.013257168937464,35.71346773081001,35.781161525058934,1190300
2024-06-28,35.868194580078125,36.21633617856598,35.73280700045171,36.10029020874832,1927800
2024-07-01,35.713470458984375,36.08095371943303,35.703797808189854,35.88754128293188,1453300
2024-07-02,36.09061813354492,36.100290783120634,35.703793309285,35.703793309285,1536600
2024-07-03,36.58382034301758,36.75788745777606,36.36139366892098,36.40974953922413,2293300
2024-07-05,36.380733489990234,36.80624151790723,36.36139188062721,36.80624151790723,992400
2024-07-08,36.41941833496094,36.42908729555681,36.2163369611331,36.38073511450756,1224900
2024-07-09,36.303367614746094,36.448424138922825,36.24534279165472,36.361388748803,2050700
2024-07-10,36.86426544189453,36.893279702648364,36.4290884209377,36.5257964750587,2390100
2024-07-11,37.11570358276367,37.18339737775259,36.9513017313369,36.9513017313369,2214700
2024-07-12,37.33812713623047,37.473514728228764,37.173725282350254,37.31878552465426,2912000
2024-07-15,37.328453063964844,37.463844339840854,37.1930654771239,37.338125713902095,1774500
2024-07-16,37.744285583496094,37.744285583496094,37.260756416650246,37.31878124472426,957700
2024-07-17,37.473514556884766,37.69593755544141,37.3574685769933,37.54120835257439,1470000
2024-07-18,37.18339538574219,37.56054756305693,37.086687334485234,37.56054756305693,1581600
2024-07-19,37.11570358276367,37.2801017451553,36.91261850876175,36.91261850876175,1283200
2024-07-22,37.37680435180664,37.38647331152305,37.00932116899459,37.21240252435074,1136900
2024-07-23,37.125370025634766,37.299440826380334,37.125370025634766,37.16405324558598,837700
2024-07-24,36.796573638916016,37.18339849825389,36.7772320270456,37.03833825374337,1629100
2024-07-25,36.74821853637695,37.018993702995914,36.467770720073055,36.467770720073055,3117800
2024-07-26,37.067352294921875,37.15438401426664,36.893281478161875,37.009327459656795,1415200
2024-07-29,36.960975646972656,37.14471542694276,36.81591540186686,37.14471542694276,1516800
2024-07-30,37.086692810058594,37.212411450736575,36.96097785841611,37.009330046665944,1616000
2024-07-31,37.637908935546875,37.85066295147949,37.347792170479096,37.444500218191564,2687700
2024-08-01,36.796573638916016,37.66692772790859,36.5934922478295,37.42516311308124,3618100
2024-08-02,35.974571228027344,36.43875879166859,35.66511285226652,36.31304017369237,4664200
2024-08-05,35.31697463989258,35.5103870655266,34.562670237858576,34.659374606157996,6610400
2024-08-06,35.81984329223633,36.003583056443595,35.16224329849933,35.28796192087007,4040800
2024-08-07,35.800498962402344,36.44842625725757,35.71346356722414,36.41941568854306,2203900
2024-08-08,36.41941833496094,36.525795346690266,35.87786431571843,36.032593508497015,1863700
2024-08-09,36.58382034301758,36.62249987461115,36.27435826702426,36.49678494112086,1372500
2024-08-12,36.65151596069336,36.7869035506037,36.55480790430372,36.64184331053682,1663800
2024-08-13,37.1640510559082,37.17372001580887,36.70953247084856,36.70953247084856,2054500
2024-08-14,37.386474609375,37.41548517856593,37.14471002869124,37.14471002869124,1917300
2024-08-15,37.811981201171875,37.937699823564124,37.60889982663937,37.60889982663937,3394800
2024-08-16,37.97638702392578,38.0053975978892,37.77330562811115,37.84099942671603,1509600
2024-08-19,38.24715805053711,38.3535350621915,37.99572449583715,37.99572449583715,1559400
2024-08-20,38.150455474853516,38.34386789700552,38.02473684709945,38.34386789700552,1338000
2024-08-21,38.334197998046875,38.41156444807405,38.2084793612704,38.34387064881796,1475900
2024-08-22,38.16012191772461,38.34386536670966,38.073086517951396,38.33419271727104,1085700
2024-08-23,38.88542175292969,38.98212981722959,38.44057572425648,38.49860056283643,3141800
2024-08-26,39.04014205932617,39.17552962942039,38.99178988272604,39.00146253146683,1202400
2024-08-27,39.02080535888672,39.09817180240571,38.817723978201975,38.84673455000406,829500
2024-08-28,38.73068618774414,38.96278181496772,38.614640218649775,38.96278181496772,1337100
2024-08-29,38.904762268066406,39.14652688844144,38.81772685716998,38.9144349187412,1603400
2024-08-30,39.15619659423828,39.175534516062804,38.74036118334474,38.85640715946722,1730900
2024-09-03,38.47925567626953,38.769372466416016,38.34386808680351,38.769372466416016,3124700
2024-09-04,38.575958251953125,38.769370666080995,38.34386630622765,38.36320422750897,3693600
2024-09-05,38.469581604003906,38.827395864690885,38.43090207204004,38.7113462016943,1690100
2024-09-06,38.01506805419922,38.72102026249661,37.79264505890293,38.51793887840458,2416800
2024-09-09,38.44057083129883,38.53727519425414,38.29551059783088,38.29551059783088,1724500
2024-09-10,38.24715805053711,38.3535350621915,37.908689094395825,38.3535350621915,1503000
2024-09-11,38.73068618774414,38.73068618774414,37.928029675375406,38.30518184170823,3081500
2024-09-12,39.06916046142578,39.1078399933887,38.65332505828568,38.8273958637413,1375500
2024-09-13,39.204551696777344,39.37862251844318,39.117516285944426,39.223893309077475,848600
2024-09-16,39.45598220825195,39.494665429841994,39.146523813601746,39.41729898666191,1499000
2024-09-17,39.33993911743164,39.610714310348556,39.233562094775614,39.56236212433272,1540300
2024-09-18,39.15619659423828,39.65906372044738,39.12718233343136,39.43664072911468,1543900
2024-09-19,39.79445266723633,39.90082598718529,39.436638420829894,39.90082598718529,2236500
2024-09-20,39.755767822265625,39.804120000089945,39.475320026236005,39.63972185768032,887500
2024-09-23,39.98786544799805,40.08457350645815,39.81379463180509,39.92017165159359,1548500
2024-09-24,40.28765106201172,40.3360032421231,40.084569692123,40.200615662197286,1962000
2024-09-25,40.05555725097656,40.336005073001104,40.01687771855269,40.336005073001104,2062900
2024-09-26,40.28765106201172,40.442380251789054,40.181274052345756,40.181274052345756,1037000
2024-09-27,40.08456802368164,40.4036953503616,40.055553765594574,40.39402639035573,2191900
2024-09-30,40.15226364135742,40.2006158216606,39.8137910011654,40.084569851126,2472700
2024-10-01,40.268314361572266,40.3456808104107,39.95885594428919,40.190951601769164,3591600
2024-10-02,40.22962951660156,40.49073573736026,40.12325618728669,40.33600653495161,1557200
2024-10-03,40.05555725097656,40.123254733047176,39.77511311798707,40.01687771855269,3424400
2024-10-04,40.29731750488281,40.316659113525986,39.997531793500166,39.997531793500166,2289400
2024-10-07,40.06523132324219,40.248971098142526,39.83313567528398,40.248971098142526,1371100
2024-10-08,39.78478240966797,40.016878051316404,39.70741965514187,40.016878051316404,2761700
2024-10-09,39.99753952026367,40.026550094315404,39.707422712640245,39.73643328669198,1705600
2024-10-10,40.03622055053711,40.0652311229987,39.68807892485737,39.75577271995786,839400
2024-10-11,40.22962951660156,40.37468975781256,40.03622078036713,40.03622078036713,1576200
2024-10-14,40.23930358886719,40.34568061097654,40.1232576052185,40.17160979098584,1212900
2024-10-15,40.113582611083984,40.16193479402644,39.91050122930459,40.084572039125526,1326200
2024-10-16,40.4907341003418,40.4907341003418,40.16193409738722,40.16193409738722,1642700
2024-10-17,40.50040817260742,40.56810196773718,40.37468954349424,40.51007713375375,1428600
2024-10-18,40.65513610839844,40.73249886226583,40.461723690177394,40.59711127622161,1070100
2024-10-21,40.3940315246582,40.79052533792058,40.35534830164841,40.55842968889703,1386600
2024-10-22,40.442378997802734,40.48106221630635,40.16193119720368,40.37468520993879,1309900
2024-10-23,40.15226364135742,40.403697192354876,39.949182270663144,40.287651221820276,2359100
2024-10-24,40.07489776611328,40.36501823008857,39.77511203059006,40.3166623600694,2100600
2024-10-25,39.80412292480469,40.23929993526875,39.79445396414325,40.20061671455306,1765900
2024-10-28,40.06523132324219,40.10391454607442,39.70742073463199,39.736431307238576,979500
2024-10-29,39.910499572753906,40.10391198553094,39.765439340912394,39.9685244032975,2360300
2024-10-30,39.8718147277832,40.007202304500176,39.67840232288691,39.74609611124539,1914800
2024-10-31,39.29158401489258,39.83313436052838,39.165865389354956,39.755771606452576,2073000
2024-11-01,39.330265045166016,39.63972714035916,39.29158551117266,39.484997937280184,1644200
2024-11-04,39.55268859863281,39.80412215032261,39.41729732876226,39.62038238905064,1622500
2024-11-05,39.99753952026367,40.01688113264328,39.63005626312181,39.73643328669198,1705800
2024-11-06,40.21029281616211,40.22963073914507,39.62038656122889,39.9201723249236,1523900
2024-11-07,40.77117919921875,40.85821459680885,40.413368648697144,40.461720827572805,3051500
2024-11-08,40.3166618347168,40.52941585511704,40.277982303854394,40.52941585511704,1819900
2024-11-11,40.4907341003418,40.74217134973737,40.4907341003418,40.616452725039586,1165600
2024-11-12,40.85821533203125,40.935581770852295,40.61645074426775,40.77117993287499,2800600
2024-11-13,40.7518424987793,40.8001946834794,40.53908845925657,40.66480709070502,1733600
2024-11-14,40.69382095336914,41.05163154348049,40.65513773037462,40.98393774775767,1252500
2024-11-15,40.34567642211914,40.57776836531976,40.21995780094843,40.56809940478429,1819700
2024-11-18,40.64546585083008,40.742173910150164,40.44238445981078,40.45205711026042,1622300
2024-11-19,40.88722610473633,40.88722610473633,40.37468635662837,40.46172175621603,1535600
2024-11-20,40.81953048706055,40.84854474498043,40.558424299989845,40.78084726919051,1369100
2024-11-21,41.52548599243164,41.52548599243164,40.877558641027676,41.04195679680421,5089400
2024-11-22,41.55450439453125,41.651208767681446,41.39010253333347,41.60285658110635,1201100
2024-11-25,41.477134704589844,41.738240918540214,41.40944091086587,41.62219494201841,1618300
2024-11-26,41.19668197631836,41.27404841081449,40.848544088189726,40.95491740206993,2821400
2024-11-27,41.41911315917969,41.554500745314705,41.225700740828934,41.34174671622537,1780300
2024-11-29,41.82527542114258,41.83494438187958,41.51581703106849,41.5641692128235,1586800
2024-12-02,41.680213928222656,41.85428472851228,41.36108658704827,41.84461576806726,2396100
2024-12-03,41.58351516723633,41.85429036457817,41.506148717118435,41.805938177772184,2075000
2024-12-04,41.544830322265625,41.84461977123001,41.49647813734498,41.74791171235348,1056200
2024-12-05,41.854286193847656,41.90264206487043,41.63186320547599,41.63186320547599,1498000
2024-12-06,41.467464447021484,41.8446166257007,41.44812283670012,41.776922834093405,1524700
2024-12-09,41.29339599609375,41.83494635981008,41.28372334586443,41.68988980768685,2008900
2024-12-10,41.128990173339844,41.33207522916489,41.11932121307904,41.293392010052045,1153700
2024-12-11,41.35141372680664,41.50614291638269,41.16767396700848,41.27405097653605,1733200
2024-12-12,40.761512756347656,41.28372148510326,40.761512756347656,41.17734816062148,2225500
2024-12-13,40.626121520996094,40.91624199051145,40.56810037832103,40.91624199051145,2286000
2024-12-16,40.423038482666016,40.64546146152989,40.423038482666016,40.626119851754574,3024900
2024-12-17,40.17805099487305,40.30544586180285,40.10945462150053,40.26624686609799,2645700
2024-12-18,39.05110549926758,40.256450359876794,38.8943132493202,40.256450359876794,5405100
2024-12-19,38.84531784057617,39.403890485767995,38.84531784057617,39.23730034937356,5617700
2024-12-20,39.1295051574707,39.47248705062268,38.600329889559994,38.67872788697888,3835700
2024-12-23,39.345096588134766,39.482289347752655,38.93351457105877,39.060909449942095,1532300
2024-12-24,39.64888000488281,39.64888000488281,39.30589810136505,39.550886243369845,639400
2024-12-26,39.60968017578125,39.70767767346507,39.45288791770944,39.45288791770944,912800
2024-12-27,39.413692474365234,39.62927949182683,39.20789959929322,39.43329197381125,2959400
2024-12-30,39.28629684448242,39.45288697924881,38.94331495630327,39.30589634355297,1126800
2024-12-31,39.49208450317383,39.51168400151275,39.256897999550986,39.29609325800674,3154600
2025-01-02,39.54108428955078,39.75667504892109,39.37449414874453,39.599882788894234,2282700
2025-01-03,39.77627182006836,39.854666075592796,39.57048269381684,39.76647393996109,1381200
2025-01-06,40.00166320800781,40.34464510878631,39.90366944727748,40.33484722800222,3114300
2025-01-07,39.766475677490234,40.315246704805226,39.658680300489856,40.23685244585548,3594100
2025-01-08,39.98206329345703,39.98206329345703,39.54108389830042,39.6880782760934,3077300
2025-01-10,39.21770095825195,39.82527048416323,39.149104579756596,39.79587310430014,2555600
2025-01-13,39.04130935668945,39.227498993594104,38.982510858509016,39.002110357902495,2767200
2025-01-14,39.26669692993164,39.29609430911531,38.98250980374891,39.12950417611162,1524800
2025-01-15,39.688079833984375,39.864471598970994,39.501890187930705,39.75667621612112,2436400
2025-01-16,39.59988021850586,39.67827821254173,39.45288584879966,39.65867871403276,2747900
2025-01-17,39.73707580566406,39.91346756661077,39.59988304453271,39.66847942509839,1313300
2025-01-21,40.4034423828125,40.4524392616917,39.93306561677216,39.96246299645523,3397500
2025-01-22,40.236854553222656,40.54063746261887,40.236854553222656,40.54063746261887,1080400
2025-01-23,40.6190299987793,40.64842737619204,40.26624651693861,40.26624651693861,2123100
2025-01-24,40.815025329589844,40.815025329589844,40.62883195204911,40.74642894993452,1405200
2025-01-27,40.481842041015625,40.511239421905195,40.236853898342815,40.295648660121955,1966900
2025-01-28,40.53083801269531,40.64843127183808,40.403443134660975,40.55043751225616,2084600
2025-01-29,40.65822982788086,40.72682620206519,40.43283746902146,40.54063283937456,1887200
2025-01-30,40.942413330078125,41.30499843841787,40.66802783249954,40.932615450116906,3062500
2025-01-31,40.39364242553711,41.255997916496355,40.36424130914342,40.95221504013059,7129400
2025-02-03,39.766475677490234,40.01146381131936,39.02170965724523,39.35489366878173,10942800
2025-02-04,40.49163818359375,40.73662631574919,40.10945729554682,40.10945729554682,2522600
2025-02-05,40.903221130371094,40.93261851067485,40.56023549453057,40.7170277531878,1753600
2025-02-06,40.96201705932617,41.10901144148226,40.71702891454764,41.001216059664124,2147800
2025-02-07,40.815025329589844,41.089410848211145,40.72682945028695,41.06001346785096,2056900
2025-02-10,41.17760467529297,41.24620105152957,41.05020980304408,41.1482072963979,1312300
2025-02-11,41.22660446166992,41.324598223715704,40.87382093714925,41.06981219946322,1426100
2025-02-12,41.11880874633789,41.25600150737607,40.82482372436718,40.88362222405027,1202700
2025-02-13,41.66758346557617,41.66758346557617,41.13840818389729,41.13840818389729,1963400
2025-02-14,41.3245964050293,41.75577791078831,41.3245964050293,41.72638053111283,994600
2025-02-18,41.58918762207031,41.628386623831695,41.13841031648214,41.23640782088558,1196700
2025-02-19,41.383392333984375,41.44219082790803,41.18740109246088,41.334395458159,1823300
2025-02-20,41.37359619140625,41.54018632385212,41.20700232073821,41.45199044837426,619700
2025-02-21,40.7170295715332,41.373599754009355,40.58963468749052,41.373599754009355,2188000
2025-02-24,40.550437927246094,40.8640224469842,40.41324516713847,40.766024948177076,2266600
2025-02-25,40.52103805541992,40.77582782193657,40.10945976243181,40.687631939407346,1784900
2025-02-26,40.59943389892578,40.8150246532542,40.40344264392015,40.5014401405341,2503400
2025-02-27,39.98206329345703,40.52103644832742,39.98206329345703,40.481841187375295,3839600
2025-02-28,40.4034423828125,40.47203876088783,39.85466761998765,39.903668237089086,2564600
2025-03-03,39.63908004760742,40.90321969130614,39.413691417356226,40.766023198863415,4156100
2025-03-04,38.97270965576172,39.50188487961023,38.60032667547328,39.29609202263228,8461900
2025-03-05,39.91346740722656,39.9428647878595,39.23730148511253,39.23730148511253,5994900
2025-03-06,39.5606803894043,40.09965350328723,39.32549388868762,39.423487640949226,5165700
2025-03-07,39.65868377685547,39.805674427104364,38.992315695370564,39.335297617507244,4963000
2025-03-10,38.884517669677734,39.20790006885415,38.561131532278985,39.15890318876346,3773900
2025-03-11,38.68852233886719,39.11970007179219,38.29654360117772,38.92371257205842,9554100
2025-03-12,39.04130935668945,39.276499611188946,38.659128464072275,38.90411659915737,4377900
2025-03-13,38.51213455200195,39.08050882659791,38.37494179281599,38.95311394811565,2162000
2025-03-14,39.3058967590332,39.33529413883867,38.73752249464583,38.8551194903122,2152100
2025-03-17,39.874267578125,39.92326819579042,39.38429130724905,39.38429130724905,1625000
2025-03-18,39.70767593383789,39.85466656659038,39.38428981298255,39.85466656659038,2763800
2025-03-19,40.21725082397461,40.31524457704544,39.77627145871176,39.82526833524718,2440500
2025-03-20,40.207454681396484,40.33484956831551,39.7762768756539,39.7762768756539,4760300
2025-03-21,40.06045913696289,40.089856515651284,39.70767563981375,39.89386526854375,2991100
2025-03-24,40.67782974243164,40.8542215049851,40.28585095537473,40.28585095537473,3023400
2025-03-25,40.873817443847656,41.07960656948937,40.785621570255195,40.873817443847656,2459800
2025-03-26,40.550437927246094,41.07960946791518,40.42304304790801,40.87382032775374,3042700
2025-03-27,40.42304229736328,40.550437174336,40.19765366162527,40.42304229736328,2468700
2025-03-28,39.75667190551758,40.37404301603248,39.717472909054585,40.315244521337995,2342400
2025-03-31,39.933067321777344,40.03106108371974,39.21770239257514,39.364693035488735,3278500
2025-04-01,40.30544662475586,40.383840879427545,39.52148538692877,39.87426514028442,2337700
2025-04-02,40.756229400634766,40.78562678284868,39.85467105110822,39.89387005287515,2884400
2025-04-03,39.80567169189453,40.599434606297194,39.72727743145976,40.01146456925826,5674400
2025-04-04,37.639976501464844,38.747323906293154,37.22839823349916,38.57093215195865,5385900
2025-04-07,37.03240966796875,38.20835353614658,35.964261183955415,36.268044097630785,6066800
2025-04-08,36.424835205078125,38.169153320353615,36.11125068197246,38.14955382038172,6468800
2025-04-09,38.7473258972168,38.953115041773536,36.07205580331187,36.37583871054637,6514600
2025-04-10,37.96336364746094,38.335742927056096,37.287193991657816,38.19855016739237,6524600
2025-04-11,39.07070541381836,39.28629616162493,38.19854828056036,38.31614153471751,6271300
2025-04-14,39.629276275634766,39.81546963614988,39.22749591515445,39.521484644763156,2883800
2025-04-15,39.71747589111328,40.01146464843685,39.54108413200807,39.648879511263736,1966800
2025-04-16,40.0114631652832,40.207450678604225,39.62927854257393,39.74687553643318,2478400
2025-04-17,40.27605056762695,40.46224395502742,39.9232707699565,40.119258300365914,2470300
2025-04-21,39.952667236328125,40.35444764561635,39.61948320875576,40.26625176366418,1350600
2025-04-22,40.56023406982422,40.756225320817,40.26624906244614,40.32504755921063,1704900
2025-04-23,40.687625885009766,41.17760210654665,40.589628397769246,40.932613995778205,2722600
2025-04-24,41.21680450439453,41.24620188388285,40.756225621892426,40.87381887806791,1413900
2025-04-25,41.19720458984375,41.265800966772815,40.981613840511145,41.07960759663205,1515500
2025-04-28,41.52058792114258,41.56958480031881,41.207003408548005,41.207003408548005,1890800
2025-04-29,41.59898376464844,41.647980641287894,41.30499876658964,41.46179101476914,1208100
2025-04-30,41.59898376464844,41.70677913618848,40.93261577533006,41.30499876658964,2181200
2025-05-01,41.4617919921875,41.80477387497119,41.45199037369531,41.47158987245754,773800
2025-05-02,41.98116683959961,42.02036583825761,41.75577820464949,41.85377196307223,2223000
2025-05-05,41.80477523803711,42.04976337321975,41.74597673983325,41.85377211742918,2296200
2025-05-06,41.912567138671875,42.00076300955001,41.716575899140246,41.814569649795075,1508000
2025-05-07,42.0301628112793,42.21635618177332,41.843973179007456,41.92236743640848,1942000
2025-05-08,41.95176696777344,42.13795659300585,41.834169978784715,42.030161222210545,1101800
2025-05-09,41.990962982177734,42.1967558475035,41.81457123373971,42.14775523209797,1037000
2025-05-12,42.21635818481445,42.52014108671252,42.05956218612854,42.46134632542766,1596200
2025-05-13,42.52994155883789,42.61813743660917,42.27515180606654,42.27515180606654,1560600
2025-05-14,42.56913757324219,42.608336572550904,42.35355055348888,42.549538073587826,3659500
2025-05-15,42.95132064819336,42.99051590785528,42.57893764473865,42.60833502404064,1061300
2025-05-16,43.01011657714844,43.05911345672575,42.85332431956769,42.90232119914499,983200
2025-05-19,43.16691207885742,43.28450534632491,42.77493327455826,42.77493327455826,2529700
2025-05-20,43.304100036621094,43.372696413208644,43.12770828590393,43.12770828590393,2248200
2025-05-21,43.05910873413086,43.41189220955088,43.04931085457891,43.11790722610815,3302900
2025-05-22,43.11791229248047,43.30410193161978,42.91212315371244,43.01991853255922,1280800
2025-05-23,43.54908752441406,43.696081893927165,43.01991601825553,43.07871077548308,1703400
2025-05-27,43.92147445678711,44.137065221208516,43.7842816933271,43.7842816933271,4595500
2025-05-28,43.8626708984375,44.04886426014039,43.74507764877705,43.74507764877705,1155700
2025-05-29,43.88227081298828,44.284051179845726,43.72547856587859,44.25465380170705,1912700
2025-05-30,44.05866241455078,44.117460908858384,43.70587892514921,43.87247278990974,1716000
2025-06-02,44.480045318603516,44.51924431748801,44.05866542615095,44.12726180508767,2738400
2025-06-03,44.43104934692383,44.499645727262106,44.215458586876466,44.42125146611366,2551000
2025-06-04,44.34284973144531,44.57803997152372,44.32325023325361,44.51924147694861,1628200
2025-06-05,44.41144561767578,44.60743685921574,44.34284924387009,44.538840485410056,2066800
2025-06-06,44.480045318603516,44.70543395485591,44.42125055849907,44.49964481804576,2069700
2025-06-09,44.391849517822266,44.58784077436503,44.27425625918552,44.53884389478491,1651900
2025-06-10,44.51924133300781,44.6074372054743,44.37224696615632,44.47024445679799,1030700
2025-06-11,44.744632720947266,44.9014249774472,44.58784046444733,44.65643684302716,2007900
2025-06-12,45.077816009521484,45.09741550854707,44.80343049960768,44.89162637611172,2112400
2025-06-13,44.96022033691406,45.18560895626004,44.79362647326233,44.96022033691406,3503700
2025-06-16,45.14371871948242,45.46927620166084,45.12399138418882,45.2917000774403,2145800
2025-06-17,44.837894439697266,45.18317924438957,44.74910638087322,45.12398971405496,1638600
2025-06-18,44.70964050292969,45.01546684998588,44.68004574019973,45.01546684998588,1473500
2025-06-20,44.49260330200195,44.877354043566164,44.453144871831846,44.877354043566164,1968000
2025-06-23,44.71950912475586,44.80829341531234,44.34462581245574,44.34462581245574,1983900
2025-06-24,45.00559997558594,45.10425545810627,44.719508484581624,44.85762239678823,3195900
2025-06-25,44.70964050292969,44.89708027242243,44.610988784948624,44.877352939483664,1882900
2025-06-26,45.30155944824219,45.30155944824219,44.897081373287236,45.035199050497866,1702300
2025-06-27,44.96614074707031,45.360751380175756,44.71950769013374,45.25223223299218,7997600
2025-06-30,45.57779312133789,45.5876567884997,45.05492844203219,45.153583930260666,2929900
2025-07-01,45.56792449951172,45.66657998516091,45.370621054857295,45.54819340238188,3431900
2025-07-02,45.70603942871094,45.725766761331556,45.30155760687501,45.53832699486168,2990100
2025-07-03,46.04145812988281,46.06118922640806,45.72576811212257,45.814556164825255,1757600
2025-07-07,45.55805969238281,45.94280666848028,45.479135305838774,45.84415494862212,3482300
2025-07-08,45.38048553466797,45.73563776272299,45.29169747765422,45.617254941145326,2097200
2025-07-09,45.50873565673828,45.56792518569712,45.36075430769711,45.46927346188436,1060200
2025-07-10,45.78496170043945,45.804692797093445,45.37061996067131,45.57779083055538,1727800
2025-07-11,45.50873565673828,45.65671324245742,45.400216502551025,45.5383304212177,2597700
2025-07-14,45.81455612182617,45.85401831483963,45.449540244756335,45.50873353427652,1218600
2025-07-15,45.41994857788086,46.0020027928808,45.39035004944214,45.98227169502903,2258000
2025-07-16,45.84415817260742,45.84415817260742,45.27196761988957,45.498869602177706,3258800
2025-07-17,46.0809211730957,46.10065226998498,45.50873441659451,45.50873441659451,2319300
2025-07-18,45.96253967285156,46.33742299785199,45.90334638048664,46.24863494096562,1827100
2025-07-21,46.0809211730957,46.31769057244505,46.06119007620643,46.12038336687425,1170700
2025-07-22,46.455806732177734,46.455806732177734,46.051328634707346,46.100654497653075,1525400
2025-07-23,46.534725189208984,46.59391847997555,46.4163423709978,46.534725189208984,1648900
2025-07-24,46.33742141723633,46.564323385245615,46.29795922367248,46.37687984747827,1455800
2025-07-25,46.37688064575195,46.39661174287351,46.120383909815715,46.130247576715504,1827400
2025-07-28,46.090789794921875,46.31769177003238,46.051327600122995,46.24863481079536,1630700
2025-07-29,46.159847259521484,46.278230081892154,46.03159700668205,46.14011616190603,1889600
2025-07-30,45.755367279052734,46.169709021917285,45.597522267963114,46.090788398033425,3043500
2025-07-31,45.55805969238281,45.95267409845923,45.449540542545705,45.65671141224097,4079100
2025-08-01,45.24237060546875,45.41007928534911,45.04506339836328,45.36075342440324,5102100
2025-08-04,45.95267868041992,45.9822734466639,45.52846946875236,45.558064234996344,4713300
2025-08-05,46.29795837402344,46.32755313699226,45.982268357949906,46.00199945436973,2974700
2025-08-06,47.08718490600586,47.13651076695723,46.741900116024325,46.830688171065574,3450100
2025-08-07,46.70243835449219,47.22529925939895,46.55445700694552,47.22529925939895,1547700
2025-08-08,46.70243835449219,46.91947666067477,46.67284359031165,46.7714953131281,922500
2025-08-11,46.643245697021484,46.79122704658027,46.58405616785561,46.69257532242244,1101600
2025-08-12,46.870147705078125,46.97866685971867,46.702439021231505,46.702439021231505,3027100
2025-08-13,46.99839782714844,47.14637917639816,46.90960977026301,47.03786002205797,2814200
2025-08-14,46.69257354736328,46.84055112797452,46.55445587014213,46.84055112797452,1160900
2025-08-15,46.63338088989258,46.80108956952533,46.55445650183814,46.74190004180645,1907900
2025-08-18,46.712303161621094,46.712303161621094,46.544594476075225,46.64324620129961,1513300
2025-08-19,46.36701583862305,46.732031718090596,46.34728474198671,46.60378523493722,3613400
2025-08-20,46.47553634643555,46.54459330501957,46.32755499900007,46.38674829063866,1673100
2025-08-21,46.643245697021484,46.643245697021484,46.27822980165108,46.347286761225966,1226400
2025-08-22,47.38314437866211,47.45220133745071,46.61365040169089,46.61365040169089,2986900
2025-08-25,46.909610748291016,47.343687374701936,46.909610748291016,47.24503188537122,1191200
2025-08-26,47.3732795715332,47.39301066832964,46.90960820512173,46.90960820512173,2748500
2025-08-27,47.71856689453125,47.748165422960724,47.32395622758541,47.32395622758541,1098000
2025-08-28,47.80735397338867,47.93560422509565,47.6100467622984,47.93560422509565,3048700
2025-08-29,48.132911682128906,48.182237544323,47.738297257932025,47.74816468836408,2339300
2025-09-02,47.935604095458984,47.9947973876226,47.491663812536984,47.797490177065924,2831700
2025-09-03,48.211830139160156,48.27102342912226,47.96519707596755,47.96519707596755,3173000
2025-09-04,48.45846176147461,48.45846176147461,48.08358222616039,48.25129089775015,1522800
2025-09-05,48.507789611816406,48.83334706531302,48.280887642707526,48.67550205361458,1365600
2025-09-08,48.636043548583984,48.84321443652787,48.36967936551804,48.84321443652787,1265100
2025-09-09,48.6064453125,48.82348361579688,48.566983118569304,48.73469556111379,1609900
2025-09-10,48.75442123413086,48.9024025746696,48.62617475320722,48.6656369457938,1379300
2025-09-11,49.24768829345703,49.24768829345703,48.724827403310556,48.77415326332632,1453500
2025-09-12,48.932003021240234,49.17863610857173,48.88267715643838,49.109579145184696,1426000
2025-09-15,49.454864501953125,49.464728168941676,48.93199983183176,49.1391744718114,1550600
2025-09-16,49.405540466308594,49.62257501797599,49.20823324934739,49.50419219312813,1384000
2025-09-17,49.306880950927734,49.681764256217676,49.050384224143144,49.297017284379876,1265000
2025-09-18,49.504188537597656,49.56338182731166,49.18849851910003,49.41540048468758,1946800
2025-09-19,50.046783447265625,50.1454389358894,49.45486556881132,49.55351729411301,2622600
2025-09-22,50.19476318359375,50.26382014174754,49.93826268474656,50.01718707310631,1980700
2025-09-23,49.8494758605957,50.4117989699192,49.83961219346812,50.4117989699192,3459100
2025-09-24,49.56338119506836,50.056647313093904,49.55351376524762,49.84947268339859,1323300
2025-09-25,49.375938415527344,49.435131705389985,49.0898431595074,49.3068814590152,1663600
2025-09-26,49.346343994140625,49.5831096285878,49.30688180062546,49.40553728441337,1113400
2025-09-29,49.78041458129883,49.81001310675743,49.592974815562464,49.592974815562464,1888600
2025-09-30,49.869205474853516,49.948129862814845,49.504189588837235,49.711360462252806,1202300
2025-10-01,49.888938903808594,50.1158408848206,49.81001827548022,49.81001827548022,2118800
2025-10-02,49.908668518066406,50.036918769024865,49.4548645695328,50.01718767169879,1106600
2025-10-03,50.54991912841797,50.56964646363918,50.0073233267784,50.0073233267784,2837100
2025-10-06,50.60910415649414,50.79654769431335,50.45125914551697,50.7866802642587,943500
2025-10-07,50.25395584106445,50.70776357574951,50.1848988786102,50.579513318339245,1035700
2025-10-08,50.45125961303711,50.52031657077194,50.25395240665677,50.47099071000734,822200
2025-10-09,49.8494758605957,50.5893750847921,49.73109303845445,50.54991665295973,1166700
2025-10-10,49.18850326538086,50.14544084315685,49.18850326538086,49.908671424776415,1845800
2025-10-13,49.908668518066406,49.948130712718545,49.553516292841145,49.61270958481936,1043500
2025-10-14,49.8494758605957,50.06651417062304,49.07011820456693,49.13917516442616,2093500
2025-10-15,50.273685455322266,50.55978072751429,49.95799541818697,50.11584043675462,1135300
2025-10-16,49.938262939453125,50.54004823213861,49.78041792525054,50.44139650950774,1046400
2025-10-17,49.602840423583984,49.83960981991266,49.33647626395992,49.65217004683879,1436000
2025-10-20,50.03691864013672,50.086244501663835,49.869206194958124,49.869206194958124,2120500
2025-10-21,49.316749572753906,49.61270849952676,49.198362991387214,49.61270849952676,1080400
2025-10-22,49.52391815185547,49.63243729808876,49.17862961717483,49.17862961717483,1526300
2025-10-23,49.8988037109375,50.00731909876843,49.69162907540845,49.69162907540845,816200
2025-10-24,50.15530014038086,50.184894903853795,49.88893597915873,49.89880340919765,2068700
2025-10-27,50.10597610473633,50.30328331615852,49.800149738865834,50.19476416171022,1638900
2025-10-28,50.71762466430664,50.71762466430664,50.16516522944244,50.16516522944244,3631400
2025-10-29,50.06651306152344,50.79654860242013,49.89880438081535,50.79654860242013,1883000
2025-10-30,49.98759078979492,50.21449653485418,49.77055623870672,49.839613199960525,1133200
2025-10-31,50.05664825439453,50.155299974526024,49.8100151907439,49.93826167425046,1697500
2025-11-03,49.98759078979492,50.01718931841951,49.48446096304256,49.95799602449247,969200
2025-11-04,49.050384521484375,49.48445735533648,48.99119123187287,49.29701758321618,2941000
2025-11-05,49.58311080932617,49.6817662954634,49.13917429333565,49.15890539056309,1657200
2025-11-06,49.07998275756836,49.583112583241494,48.981331031223704,49.44499866103013,1660500
2025-11-07,49.42526626586914,49.444997363284635,48.64590861622849,49.0010570797412,2529000
2025-11-10,50.204627990722656,50.22435908826072,49.83961209457356,49.908669054295764,1826000
2025-11-11,50.35260772705078,50.4117972544462,50.0665124668998,50.17503161822065,1657200
2025-11-12,51.05304718017578,51.11224047373136,50.43153076946953,50.441398200056526,1621000
2025-11-13,49.9579963684082,51.01358565577998,49.810018777555115,51.01358565577998,1986700
2025-11-14,50.204627990722656,50.24409018579879,49.336478515658,49.42526657291827,1210200
2025-11-17,49.66203689575195,50.244091112229995,49.44499858215339,50.05665132714532,1283800
2025-11-18,49.8494758605957,50.03691940591824,49.385808239158294,49.405539336735515,1606700
2025-11-19,49.938262939453125,50.135570148036855,49.60284181385738,49.81001645269739,884200
2025-11-20,49.237823486328125,50.559776826069445,49.21809239011446,50.3131437683813,2789200
2025-11-21,49.750823974609375,49.85934312927094,49.070118045353254,49.375940648502706,2057100
2025-11-24,50.36247253417969,50.42166582623733,49.62257331840822,49.790285764243876,1904200
2025-11-25,50.865604400634766,50.91493026069909,50.26381912321308,50.411796703406054,2359600
2025-11-26,51.54631042480469,51.61536738172432,50.99385100612573,50.99385100612573,1654700
2025-11-28,51.99024963378906,52.0494391594731,51.635097426397515,51.74361657458069,910400
2025-12-01,51.47725296020508,51.96065165387512,51.447658197051936,51.81267407478754,1407500
2025-12-02,51.43778991699219,51.59563492340331,51.1911568592672,51.59563492340331,2417000
2025-12-03,51.76335144042969,51.84227206819618,51.50685093271387,51.63510118657178,1114500
2025-12-04,52.35526657104492,52.43419095798907,51.85213677590267,51.8718678726387,3088200
2025-12-05,52.572303771972656,52.759743542060775,52.43418986103174,52.53284157932616,2119900
2025-12-08,52.23688507080078,52.64136315578133,52.21715397356734,52.611768391592165,962600
2025-12-09,52.35526657104492,52.66109292547062,52.1480957002994,52.1480957002994,1208000
2025-12-10,52.996517181396484,53.12476367279166,52.207288318510436,52.207288318510436,1552000
2025-12-11,53.35166549682617,53.43058611932253,52.99651328728796,53.06557024321796,4691200
2025-12-12,53.164222717285156,53.58843188877862,52.71041878235045,53.47991273839816,2728900
2025-12-15,53.075435638427734,53.47005005372747,52.92745805518181,53.450318956630284,1284200
2025-12-16,52.732051849365234,53.1898981268786,52.65242822567979,52.96097498812192,1112400
2025-12-17,52.56284713745117,52.93111445030747,52.42349915719343,52.87139388733986,2053900
2025-12-18,52.97092819213867,53.33919550522568,52.80172182871324,52.861442391718256,1596200
2025-12-19,53.428775787353516,53.667650451658425,53.120225232711654,53.179945797210046,2599100
2025-12-22,53.916481018066406,54.085687387531515,53.57807587282494,53.806999010582366,1661100
2025-12-23,54.284751892089844,54.30465874704408,54.03592190042846,54.16531076236445,1525700
2025-12-24,54.34446716308594,54.44400143511524,54.14540621271583,54.3643740174918,706900
2025-12-26,54.54353332519531,54.54353332519531,54.33451704377813,54.3842822826616,972300
2025-12-29,54.07573699951172,54.404190622583464,53.986158048338616,54.155360624529784,3773500
2025-12-30,54.04587173461914,54.32456389839434,54.01601335154632,54.225029626744536,1074900
2025-12-31,53.67760467529297,54.045871990026974,53.64774629207905,54.00605828117891,2216500
2026-01-02,53.93638610839844,53.94634143401768,53.54821193982132,53.83685563327147,4376500
2026-01-05,54.33451843261719,54.513676334652594,53.95629577311528,54.016016339408566,2625500
2026-01-06,54.39423751831055,54.53358170569085,54.08568696279393,54.38428219244376,3358700
2026-01-07,53.75722885131836,54.215078914111054,53.677605229644165,54.215078914111054,2830700
2026-01-08,54.20512390136719,54.21507922716163,53.56811973691828,53.65769868484667,2653800
2026-01-09,54.374332427978516,54.57339718648657,54.17526766947046,54.18521919881585,1650000
2026-01-12,54.832176208496094,54.90184830126268,54.473860418928325,54.62315993019633,1594800
2026-01-13,54.86203384399414,55.031240207580446,54.72268966036085,55.031240207580446,1233600
2026-01-14,54.921756744384766,54.94166359958589,54.55348941527511,54.94166359958589,1577100
2026-01-15,54.961570739746094,55.1208217853363,54.73264759901295,54.78241283885156,1409300
2026-01-16,54.87199020385742,55.03124124484631,54.6629701276235,55.01133439011716,1347900
2026-01-20,54.49376678466797,55.10091255633926,54.42409469252644,54.901847808715914,3145000
2026-01-21,54.76250457763672,55.110865044407994,54.46390934942644,54.94166247393175,3257900
2026-01-22,54.9416618347168,55.25020858831178,54.702783376821195,54.98147554384011,2261500
2026-01-23,55.508995056152344,55.558760295170174,54.97152136233328,55.150679260272966,2167600
2026-01-26,55.42936706542969,56.006654463255785,55.35969497215334,55.92702704417177,2813900
2026-01-27,55.917076110839844,55.93698296582289,55.5388534598506,55.668246118818246,3804500
2026-01-28,56.08627700805664,56.374920701424735,55.61847921887979,56.18581127999956,3771200
2026-01-29,56.265438079833984,56.78300493264811,55.43932445867384,56.68347445192575,4186600
2026-01-30,54.00605773925781,56.15594863650527,53.707462519582045,55.37960030597942,8028200
2026-02-02,54.29470443725586,54.4838176644381,53.7074654940712,53.777137589292735,5706200
2026-02-03,54.58334732055664,54.82222578402892,54.035922096286285,54.58334732055664,2197400
2026-02-04,54.75254821777344,54.84212716422918,54.2150783358832,54.78241039782152,4925600
2026-02-05,53.88662338256836,54.682878611231445,53.78709290280214,54.22503232935573,2210100
2026-02-06,54.75254821777344,54.8819408730638,54.39423622879469,54.39423622879469,2316400
2026-02-09,56.006656646728516,56.03651503162691,55.11086713133182,55.11086713133182,3242600
2026-02-10,56.45454788208008,56.6038435941016,56.13604580688776,56.21566942726372,3400700
2026-02-11,56.31520462036133,57.13136667600329,55.80758931938627,57.07164611211084,3187300
2026-02-12,55.001380920410156,56.4943609038798,54.9118019695282,56.404781952997844,2426300
2026-02-13,55.90711975097656,55.95688878593594,54.86203456318261,55.190491969061895,2931100
2026-02-17,55.598575592041016,55.72796825465605,54.8321787393896,55.39951083344353,2349300
2026-02-18,56.195762634277344,56.42468576376885,55.68815113789952,55.68815113789952,2193200
2026-02-19,56.48440933227539,56.49436086154618,55.867312002686795,56.02656304893045,1631000
2026-02-20,56.89249038696289,56.91239724235289,56.38487886347356,56.49436087285187,2264400
2026-02-23,56.6834716796875,57.2508037451161,56.33510742050786,56.88253642824097,2425600
2026-02-24,56.882537841796875,56.962161465090375,56.3052504363304,56.45454995066673,1894100
2026-02-25,57.32047653198242,57.48967910235387,56.94225388483335,57.18113234536022,1607300
2026-02-26,57.87785720825195,57.87785720825195,57.031832963918575,57.19108400568749,2406200
2026-02-27,57.70865249633789,58.504907728027426,57.52949459460219,57.67879411166342,3078100
2026-03-02,57.88780975341797,57.89776128258382,57.11146138577187,57.280663959502164,2892500
2026-03-03,56.80290985107422,56.98206774774042,55.409460387413574,56.743189286570704,5326600
2026-03-04,57.2010383605957,57.320475690683985,56.693423063243046,56.95220837475263,4309600
2026-03-05,56.64365768432617,57.13136612597504,56.03651191288659,56.733236630880285,6363900
2026-03-06,56.08627700805664,56.364969172652565,55.49903809254829,55.966839678569386,3689700
2026-03-09,56.345062255859375,56.4545480564532,54.9615681505612,55.64833754040759,5194100
2026-03-10,56.43464279174805,56.92234744851108,56.26543642328838,56.364970697924754,3775500
2026-03-11,56.21567153930664,56.524222097360905,55.936983162253995,56.13604791593919,2238600
2026-03-12,55.588619232177734,56.14599978651733,55.53885399266486,55.976797212804684,4447500
2026-03-13,54.772457122802734,55.75782557070693,54.66297131783067,55.638388236575764,4377300
2026-03-16,55.588619232177734,55.71801189238672,55.1407282797175,55.1407282797175,4001500
2026-03-17,55.63838577270508,56.21566935947848,55.5587583555809,55.83744672182708,2919900
2026-03-18,54.553489685058594,55.24025910709361,54.533582829759034,55.18053854119492,1990900
2026-03-19,53.84680938720703,54.095639382151326,53.44868367340281,53.65769995791336,4820300
2026-03-20,52.960975646972656,53.836858299475104,52.722100976100265,53.7970445887149,2996700
2026-03-23,53.966251373291016,54.32456717918134,53.259571290854225,53.44868451998771,4462500
2026-03-24,53.826904296875,54.205123141184636,53.25956843672203,53.42877480125571,2634300
2026-03-25,54.374332427978516,54.61320710071261,53.926437670546505,54.45395605327506,2622200
2026-03-26,53.45863342285156,54.543532316564146,53.4188197137433,53.80699768228252,2290600
2026-03-27,53.37900924682617,53.707462851445804,53.13017926275145,53.2396650632394,2354200
2026-03-30,53.16999053955078,53.98615640136471,52.92116054908824,53.73732641090217,2771600
2026-03-31,54.5335807800293,54.59329754683901,53.6178844548894,53.69751187309473,4498100
2026-04-01,54.921756744384766,55.160631413109364,54.692833604838526,54.88194303398253,3658900
2026-04-02,55.061100006103516,55.15067895457683,54.0657800438864,54.13545213749405,1714800
2026-04-06,55.23030471801758,55.35969357549829,55.001377792348755,55.081005209423864,736500
2026-04-07,55.459228515625,55.47913537013383,54.85208274206051,55.04119216462803,1747500
2026-04-08,56.37492370605469,56.71333265500839,56.02656322779843,56.71333265500839,1965300
2026-04-09,56.17585754394531,56.61380075919778,56.09623392098218,56.325157057662175,1160300
2026-04-10,56.49435806274414,56.733236518697495,56.384876058811614,56.504313388366164,1642200
2026-04-13,56.99201965332031,57.0417886891576,56.27539185876457,56.37492233675043,945300
2026-04-14,57.429962158203125,57.45982054186052,57.071646366937145,57.290617972009535,1442700
2026-04-15,57.76837158203125,57.87785738549097,57.36029054894597,57.47972788142733,1157200
2026-04-16,57.718605041503906,58.11673073974426,57.61907076931063,57.93757284664061,1397000
2026-04-17,58.246124267578125,58.445189018102,57.91766685968708,58.16649684863085,1653200
2026-04-20,58.49495315551758,58.524811538638644,58.0968236619635,58.13663737068776,1079200
2026-04-21,57.549400329589844,58.614392393148954,57.52949347457961,58.51486191494215,1148000
2026-04-22,57.718605041503906,58.076917030866944,57.62902609495209,57.93757284664061,1234000
2026-04-23,57.569305419921875,57.78827702147792,57.02188021287603,57.52949171112183,1769700
2026-04-24,57.66883850097656,57.76837277747438,57.32047802534526,57.589214876622734,1626100
2026-04-27,57.70865249633789,57.93757563814586,57.619073545470044,57.74846620713348,1157200
2026-04-28,57.19108581542969,57.63898057109169,57.101506864297285,57.41005742860766,2458800
2026-04-29,56.71332931518555,57.06169356977124,56.554078277811705,57.06169356977124,1722000
2026-04-30,58.325748443603516,58.36556215345527,56.98206800928391,56.98206800928391,11703200
2026-05-01,58.126686096191406,58.52481179464275,58.1067792417422,58.49495341139107,2303900
2026-05-04,57.61907196044922,58.17645250572134,57.58921357659611,57.887808805660185,1705200
2026-05-05,57.429962158203125,57.877856897285604,57.390148448763725,57.788277949469105,1855800
2026-05-06,57.93757247924805,58.116730371215624,57.81813515021774,58.076916662590776,2457500
2026-05-07,57.549400329589844,58.19635982846715,57.44986985138304,58.17645297345692,1163200
2026-05-08,57.818138122558594,57.877858688566,57.519542886210395,57.718607642724,1241600
2026-05-11,57.86790084838867,58.27598187293238,57.82808713944678,57.917666086143896,991100
2026-05-12,57.99729537963867,58.037109089868125,57.34038434823029,57.67879329149184,885600
2026-05-13,57.46977615356445,57.94752927868122,57.30056978602733,57.81813662078158,3443000
2026-05-14,57.897762298583984,57.95748286516029,57.41005762716648,57.599167059391405,1811300
2026-05-15,57.17117691040039,57.27071118411503,56.82281644450994,57.220945945679865,1232000
2026-05-18,57.290618896484375,57.50958670824585,57.051740432837605,57.161226237140525,4457400
2026-05-19,57.220947265625,57.67879354474078,57.10150613441222,57.1910850843996,1697600
2026-05-20,58.00724792480469,58.13664058689459,57.22094801664466,57.22094801664466,1898200
2026-05-21,58.305843353271484,58.50490430190327,57.56930493406355,57.599163316989475,1853200
2026-05-22,58.236167907714844,58.53476692662073,58.13663743264238,58.45513950908736,1147400
2026-05-26,58.4252815246582,58.69401836540095,58.216265247473046,58.59448409280497,1593200
2026-05-27,57.98733901977539,58.28593804432802,57.92762225234032,58.11673167729191,1534100
2026-05-28,58.305843353271484,58.385466973355356,57.62902549675962,57.887807008087464,3423300
2026-05-29,58.534767150878906,58.62434609752501,58.09682394645603,58.34565393193475,2357700
2026-06-01,58.43523406982422,58.6143919667687,58.037108363048745,58.35561044720686,2156300
2026-06-02,59.181724548339844,59.20163140337576,58.48499980946024,58.48499980946024,1309700
2026-06-03,58.365562438964844,59.10210088744779,58.335704054852144,59.08219403242454,2443200
2026-06-04,59.141910552978516,59.24144482767797,58.4750479982918,58.4750479982918,1273300
2026-06-05,57.75841522216797,58.82340726010161,57.62902636298131,58.7537351676644,1624100
2026-06-08,57.78827667236328,58.375515584661514,57.6688355466847,58.13663713014858,1022500
2026-06-09,57.75841522216797,58.31579575850991,56.9920184085144,58.216265282697975,2151300
2026-06-10,57.43991470336914,57.91766783456143,57.40010099322536,57.47972841351292,2238800
2026-06-11,58.21626663208008,58.32574863927315,57.42996294566971,57.63897922782608,3632500
2026-06-12,58.48500061035156,58.813458027675516,58.17645384518055,58.32574956472782,2184300
2026-06-15,58.93000030517578,59.20000076293945,58.779998779296875,59.099998474121094,1533500
2026-06-16,59.11000061035156,59.209999084472656,58.880001068115234,59.060001373291016,1220600
2026-06-17,58.189998626708984,59.310001373291016,58.09000015258789,59.08000183105469,2477700
2026-06-18,57.869998931884766,58.38999938964844,57.77000045776367,58.38999938964844,1537700
2026-06-22,57.88999938964844,58.0099983215332,57.5,57.5,869100
2026-06-23,57.66999816894531,57.869998931884766,57.029998779296875,57.27000045776367,1468200
2026-06-24,57.290000915527344,57.470001220703125,57.0099983215332,57.22999954223633,1535600
2026-06-25,57.619998931884766,58.02000045776367,57.47999954223633,57.68000030517578,2090600
2026-06-26,57.79999923706055,58.04999923706055,57.52000045776367,57.59000015258789,863300
2026-06-29,57.4900016784668,57.88999938964844,57.38999938964844,57.810001373291016,1363400
2026-06-30,57.63999938964844,57.709999084472656,57.290000915527344,57.4900016784668,2355100
2026-07-01,57.66999816894531,58.189998626708984,57.41999816894531,57.439998626708984,2516300
2026-07-02,57.77000045776367,58.09000015258789,57.369998931884766,57.86000061035156,2035800
2026-07-06,58.060001373291016,58.220001220703125,57.689998626708984,58.04999923706055,1707200
2026-07-07,58.36000061035156,58.54999923706055,58.029998779296875,58.2400016784668,1018800
2026-07-08,57.970001220703125,58.18000030517578,57.38999938964844,58.11000061035156,1063700
2026-07-09,58.380001068115234,58.5,58.04999923706055,58.06999969482422,746800
2026-07-10,58.650001525878906,58.810001373291016,58.279998779296875,58.470001220703125,631600
2026-07-13,58.72999954223633,59.0,58.529998779296875,58.7400016784668,960400
2026-07-14,59.18000030517578,59.47999954223633,59.0,59.0,1081100
2026-07-15,59.4900016784668,59.61000061035156,59.130001068115234,59.2599983215332,693400
2026-07-16,59.38999938964844,59.61000061035156,59.16999816894531,59.369998931884766,1539100
2026-07-17,59.45000076293945,59.56999969482422,58.970001220703125,59.220001220703125,2154400
2026-07-20,58.619998931884766,59.54999923706055,58.61000061035156,59.36000061035156,2012300
2026-07-21,59.04999923706055,59.04999923706055,58.52000045776367,58.619998931884766,1002100
2026-07-22,59.279998779296875,59.689998626708984,59.16999816894531,59.25,4279100
2026-07-23,58.81999969482422,59.0099983215332,58.599998474121094,58.880001068115234,1116100
2026-07-24,59.06999969482422,59.279998779296875,58.810001373291016,58.900001525878906,1265200
2026-07-27,59.38999938964844,59.470001220703125,59.0099983215332,59.33000183105469,844400
2026-07-28,59.84000015258789,59.939998626708984,59.189998626708984,59.43000030517578,715100
2026-07-29,59.290000915527344,60.06999969482422,59.119998931884766,59.86000061035156,1610900
2026-07-30,59.790000915527344,59.81999969482422,59.2599983215332,59.66999816894531,1205100
2026-07-31,59.38999938964844,59.75,59.119998931884766,59.630001068115234,1343700
2026-08-03,59.650001525878906,59.709999084472656,59.279998779296875,59.4900016784668,3049400
2026-08-04,60.0,60.06999969482422,59.54999923706055,59.880001068115234,3577700
2026-08-05,60.779998779296875,61.20000076293945,60.75,60.959999084472656,1777300
