Price,Close,High,Low,Open,Volume
Ticker,MSFT,MSFT,MSFT,MSFT,MSFT
Date,,,,,
2021-08-09,276.70941162109375,279.79963700414334,276.2103797453838,278.07219419100153,16117600
2021-08-10,274.89556884765625,277.5923146609027,273.7055541222731,277.16043936211105,18616600
2021-08-11,275.385009765625,277.0260831007816,274.3389144756151,275.6345110192113,13955900
2021-08-12,278.1297302246094,278.283285228758,274.79958112166787,275.0779013971637,14561300
2021-08-13,281.0472106933594,281.09518381779094,277.64026951768847,277.81303719840986,18249000
2021-08-16,282.7266845703125,282.93781903888737,278.3312568029692,281.3735085609403,22507600
2021-08-17,281.2679748535156,281.60387465026935,279.3485809150683,280.60581088936834,20075300
2021-08-18,279.5467834472656,283.4794538884407,279.1044566907851,280.8063906085156,21813000
2021-08-19,285.3544616699219,286.0275472712108,277.5372141574895,277.5852791245708,29850500
2021-08-20,292.6524658203125,294.0755466635113,286.5948135303095,288.190963446094,40817600
2021-08-23,292.9313049316406,293.6524553767425,290.23902167406834,291.5851633028545,22830200
2021-08-24,290.9793395996094,293.89278569706903,290.38319336781683,293.28701473776965,18175800
2021-08-25,290.3928527832031,292.8735972507259,288.86401745475416,292.59474421285233,20006100
2021-08-26,287.585205078125,290.7967251675743,287.4506055747187,289.4121138382239,17666100
2021-08-27,288.1909484863281,289.2967066286994,285.4121013647465,287.48901815902764,22605700
2021-08-30,291.9121398925781,292.5179110830092,289.47945974336733,289.5371494430567,16348100
2021-08-31,290.267822265625,292.7870360747933,289.902434734155,292.71012628359654,26285300
2021-09-01,290.2197265625,293.4504953070567,289.89280860005545,291.21972990530116,18983800
2021-09-02,289.5659484863281,291.69093033858195,288.6332593639689,290.5755767585639,16285600
2021-09-03,289.556396484375,290.96022807123313,288.71024177108217,289.41214289266503,14747900
2021-09-07,288.6332702636719,289.5082697285104,286.7294517158089,289.4313599194175,17180400
2021-09-08,288.662109375,289.04671710020153,286.0275156464967,288.2486568040006,15046800
2021-09-09,285.81597900390625,290.5178943078141,285.5755955060056,289.24866239641324,19927000
2021-09-10,284.335205078125,288.38328426235665,284.01791177587137,286.9409832920089,19633400
2021-09-13,285.56597900390625,287.0563743400453,282.7679114864811,286.1044357072228,23652900
2021-09-14,288.25823974609375,289.79669976756344,286.63324519977493,288.0370763979121,21853400
2021-09-15,293.09478759765625,293.57555457579934,290.2101857287975,291.5947969733447,28356300
2021-09-16,293.47943115234375,293.56596569773495,289.19099739981857,292.0755996209567,19550800
2021-09-17,288.3352355957031,292.78714332382805,288.0083175119213,292.4698499713523,41372500
2021-09-20,282.9794006347656,287.2293931677513,278.3832700003604,284.9313131787065,38278700
2021-09-21,283.4602355957031,286.09485893371766,282.7583344959058,284.316015013533,22364100
2021-09-22,287.0948486328125,288.6717786965253,283.1814270111703,285.3160339610174,26626300
2021-09-23,288.0371398925781,289.32559200827507,286.08522692976766,287.3544589280449,18604600
2021-09-24,287.8352355957031,288.26790832981595,285.5083101876047,286.7583221103223,14999000
2021-09-27,282.8544616699219,285.0659780697312,281.67176431973326,284.7486847699523,23571700
2021-09-28,272.61407470703125,279.5948200559048,271.8737041842086,278.65250629111523,43186200
2021-09-29,273.0757141113281,275.7391532943879,272.1238046387394,274.13340760514626,26353700
2021-09-30,271.0756530761719,276.7582926672313,270.78717529668586,274.71984547108286,32343600
2021-10-01,277.97955322265625,278.82570804449455,270.4699731943855,271.2680336982534,30086300
2021-10-04,272.21990966796875,276.68144205400307,269.4699361794418,276.3448992444517,31350700
2021-10-05,277.652587890625,279.22948850924683,273.1237412861691,273.1237412861691,24993000
2021-10-06,281.83526611328125,282.3352826609883,274.52762990584176,274.7872335676707,28002600
2021-10-07,283.50830078125,285.22945482720434,282.6140812194665,283.825594084445,20430500
2021-10-08,283.50830078125,285.22945482720434,282.46023226093035,284.82559764308587,17685700
2021-10-11,282.9122009277344,286.50832922582435,281.4891198350352,281.65259355026353,19298600
2021-10-12,281.6141052246094,284.0756301147398,281.10449333744236,283.97947083828177,17974100
2021-10-13,284.91217041015625,285.8448596726452,282.2006371715357,283.56602852194857,23416300
2021-10-14,291.1043395996094,291.6043265803658,286.3735806906025,287.7005019459464,27262900
2021-10-15,292.50830078125,292.7390889350849,288.9602373568644,290.71023658361656,25384800
2021-10-18,295.4698486328125,296.35444365266295,291.0467855024762,291.89294028229466,22729300
2021-10-19,296.3736267089844,297.40244575766764,295.4024680074294,296.489006090617,17682100
2021-10-20,295.5852355957031,297.7871571571462,294.33522351404,297.31598543961144,16537100
2021-10-21,298.80633544921875,299.0563143524255,294.5755620879851,295.3544316768825,16918100
2021-10-22,297.267822265625,299.1235756390308,295.960120910737,298.46011490450775,17449300
2021-10-25,296.2774963378906,297.49863403751334,294.6717215370627,297.4601644586546,17554500
2021-10-26,298.1812438964844,300.3831645978906,296.729347757345,299.03702309577824,28107300
2021-10-27,310.7390441894531,313.55633256932924,303.8448305347635,303.8448305347635,52588700
2021-10-28,311.87359619140625,312.37358336767323,308.9985892327168,311.8543467291355,26297900
2021-10-29,318.86383056640625,319.22921810139104,311.44078853801216,311.66195187331414,34766000
2021-11-01,316.7004699707031,318.7389174914313,313.81586777864834,318.6139133681184,27073200
2021-11-02,320.31585693359375,320.6235548856837,317.30625052903974,317.6043237502232,26487100
2021-11-03,321.1523132324219,322.0176878484429,317.9311688926411,321.05615397648955,21500100
2021-11-04,323.49847412109375,323.59463338175044,316.83505110356475,320.08504044542997,23992200
2021-11-05,323.1331481933594,325.75814685735793,321.55624752371233,325.4889184823601,22570100
2021-11-08,324.02728271484375,324.6618985770728,321.57538313486805,324.3253558608429,20897000
2021-11-09,323.0273742675781,325.69081300942594,321.6619830119795,324.1427279377186,21307400
2021-11-10,318.0754089355469,321.75810028088216,317.2292837348111,321.7004105931885,25500900
2021-11-11,319.64276123046875,320.93121335247633,317.79663226365136,318.50815807964443,16849800
2021-11-12,323.7677307128906,324.2581224444753,320.95044312615977,321.07544724155895,23831000
2021-11-15,323.1426696777344,324.8830434999955,321.18113251879515,324.55612553078606,16723000
2021-11-16,326.45037841796875,327.5657612448941,322.60424288113046,322.7676872089823,20886800
2021-11-17,326.6719665527344,329.62928356256526,325.59308293416547,326.4985808420445,19053400
2021-11-18,328.7430419921875,329.87975024868393,324.74538130798175,325.76646969293915,22463500
2021-11-19,330.5154724121094,332.4324456190178,329.63890158471446,330.06275288893943,21963400
2021-11-22,327.3558654785156,336.8346949958714,327.0861445993955,331.9700474366429,31031100
2021-11-23,325.2847900390625,326.98983755172486,321.3160273770026,324.6779107140383,30427600
2021-11-24,325.50640869140625,325.74723199137054,321.6532358919778,323.93623607205905,21661300
2021-11-26,317.5783996582031,325.52556616932594,316.07566506970744,322.0769904847952,24217200
2021-11-29,324.2732849121094,326.58518193047803,322.4526472693235,322.6453176030899,28563500
2021-11-30,318.4550476074219,325.38112702645924,316.9137728395476,323.01143434180807,42885600
2021-12-01,317.9637145996094,326.8260212365159,317.29906952934004,322.82836149169225,33337600
2021-12-02,317.3955078125,321.2486811072241,315.76753974368876,318.1757730528913,30766000
2021-12-03,311.1533203125,320.48763300351385,306.3561099885442,319.8036737217345,41779300
2021-12-06,314.21661376953125,315.43037261838606,307.51210127524547,312.05884639145665,30032600
2021-12-07,322.6261291503906,323.4738023613807,317.9830494801912,319.46652904482426,31021900
2021-12-08,322.67431640625,323.18486061373886,318.657370926668,323.0018325584716,24761000
2021-12-09,320.8729553222656,324.13850382611764,319.92891744874584,322.1348670016077,22214200
2021-12-10,329.9664306640625,330.4095372641144,322.5009090494943,322.68393709248,38095700
2021-12-13,326.9416809082031,331.1705518397965,326.6334200526802,328.17469493292174,28899400
2021-12-14,316.2876892089844,322.35645407358095,312.2129483454999,320.9885647798209,44438700
2021-12-15,322.36602783203125,322.8862143337398,312.5886088133381,316.54772931653724,35381100
2021-12-16,312.973876953125,324.39854675005074,311.16288148400196,323.38707150321426,35034800
2021-12-17,311.9143981933594,312.99331151948473,305.6048380400589,309.1015978644767,47750300
2021-12-20,308.1671142578125,310.9510161666708,305.9130118209808,308.3019600117902,28326500
2021-12-21,315.2761535644531,315.70000480849893,308.0610694765146,311.42298181666746,24740600
2021-12-22,320.9692687988281,321.3641930953662,313.7927235316347,316.2491091479911,24831500
2021-12-23,322.4046630859375,324.04227358775057,320.5166162960236,320.5358715805295,19617800
2021-12-27,329.8797302246094,329.90862784139654,323.11739392269027,323.1462915394775,19947000
2021-12-28,328.7237548828125,331.18978275080303,327.827899397402,330.5540058070814,15661500
2021-12-29,329.3980712890625,331.6617864461058,327.2113772440582,328.77190728660776,15042000
2021-12-30,326.8646545410156,330.53479926844375,326.38300794269304,329.3595803926416,15994500
2021-12-31,323.9747619628906,326.9031519971822,323.52201300272316,326.0843763307589,18000800
2022-01-03,322.4623718261719,325.59307446526094,317.67480384527,323.0403535774783,28865100
2022-01-04,316.93304443359375,322.89583055126775,314.1491135080895,322.5393874417457,32674300
2022-01-05,304.7666931152344,314.1010061399775,304.3813817326678,313.8986934112964,40054300
2022-01-06,302.3584289550781,307.0015085378214,300.05614444176234,301.6552144415301,39646100
2022-01-07,302.51251220703125,304.8822045227702,298.70749347220806,302.6184603158767,32720000
2022-01-10,302.734130859375,303.1676245403952,293.505795319919,298.1295907297212,44289500
2022-01-11,303.4180603027344,304.98820330544083,298.5149021278563,301.87678551872176,29386800
2022-01-12,306.5872802734375,311.53862085227667,305.4409591479046,307.9359141133859,34372200
2022-01-13,293.6117248535156,309.1014943499301,292.84110213316677,308.7065406516053,45366000
2022-01-14,298.8135681152344,299.4108052070794,292.6003150974251,293.08196170663894,39846400
2022-01-18,291.5406494140625,298.42818916600646,290.66404916965183,292.90853854423693,42333200
2022-01-19,292.1957092285156,302.3873676008085,291.58885921501854,295.0470782257124,45933900
2022-01-20,290.5292663574219,300.21035230338873,290.0861596688608,297.72506851398765,35380700
2022-01-21,285.1636047363281,292.9469986716374,284.7590087711074,291.5791391743098,57984400
2022-01-24,285.4911193847656,286.2039467418737,265.917000099836,281.47420435136246,85731500
2022-01-25,277.9004211425781,284.1618263856482,274.70231034504417,280.81919810306823,72848600
2022-01-26,285.8186340332031,297.17586579012413,282.2737231433276,296.6845769938161,90428900
2022-01-27,288.83380126953125,296.019959606394,286.9939079100606,291.55029488282537,53481300
2022-01-28,296.9447937011719,297.15671939709773,283.6417159546675,289.2095498959442,49743700
2022-01-31,299.5648498535156,300.9134540935953,295.12405410178434,297.6093663560582,46444500
2022-02-01,297.4264221191406,299.2277757254821,293.92966304924204,299.01585004253747,40950400
2022-02-02,301.953857421875,303.5529275513087,297.54198780490606,298.26445765509385,36636000
2022-02-03,290.1920471191406,299.8057228648471,288.9493907856898,298.12957287633566,43730000
2022-02-04,294.7098693847656,297.4648733158477,288.95900886982764,289.1901897878569,35096500
2022-02-07,289.903076171875,296.5401504808717,288.89160075762936,294.931467433284,28533300
2022-02-08,293.3804931640625,294.3437860965417,288.9397268560699,290.1919959093459,32421200
2022-02-09,299.7864074707031,300.47997960930934,296.10665053831843,298.49559837334124,31284700
2022-02-10,291.2805480957031,297.7731336434456,289.6622228774468,292.8796180366124,45386200
2022-02-11,284.2099609375,293.12042074814497,283.4200536610799,292.060792620919,39175600
2022-02-14,284.17144775390625,285.866852917156,280.65543402557785,282.9865867276755,36359500
2022-02-15,289.440673828125,289.7585476106749,286.11730093278925,288.9975672412042,27058300
2022-02-16,289.10284423828125,290.42527991431285,283.48487872602993,288.0120675250117,29982100
2022-02-17,280.63726806640625,286.4965245719969,279.9325995384942,286.07179689190673,32461600
2022-02-18,277.93450927734375,283.65864238707985,276.3707522552186,282.87676387601726,34264000
2022-02-22,277.7318420410156,281.41923835084543,274.62362270761514,275.1062652782788,41736100
2022-02-23,270.54034423828125,281.5735712358109,270.3762623285836,280.106319573653,37811200
2022-02-24,284.3632507324219,284.913470148122,262.0941229321313,263.04977493259855,56989700
2022-02-25,286.98883056640625,287.2977287820881,281.5253148914239,284.8941789810283,32546700
2022-02-28,288.41754150390625,288.7553971784616,282.82853256098537,284.0930536775572,34627500
2022-03-01,284.7107849121094,289.5565043668673,282.00796959435814,286.1104303022666,31217800
2022-03-02,289.7689208984375,291.00448458147713,283.50423036390407,285.1065776203058,31873000
2022-03-03,285.6471252441406,292.60682123875046,283.84201770674827,292.37516228556973,27314500
2022-03-04,279.79742431640625,285.3960935577323,277.20083543278474,284.0736581596549,32356500
2022-03-07,269.2276611328125,279.63343295977313,268.86084809464484,278.5136987489001,43157200
2022-03-08,266.2738952636719,274.10234312414246,260.6269716528933,268.1561834951562,48159500
2022-03-09,278.4846496582031,279.54646877210064,271.0326502290579,273.6003111924272,35204500
2022-03-10,275.6756591796875,276.65060617183343,270.8395733141263,273.19487038356175,30628000
2022-03-11,270.34735107421875,279.4596429563479,269.7295545935928,277.9634336750457,27209300
2022-03-14,266.8433532714844,275.4922975054639,266.2448813621328,270.6079583933382,30660700
2022-03-15,277.1815490722656,277.82830290735563,269.053866830209,270.61762363193617,34245100
2022-03-16,284.1701965332031,284.34394072120614,273.3686576400486,279.07346468655453,37826300
2022-03-17,284.9714050292969,285.3478508163391,279.32448255840876,283.1084122705425,30816600
2022-03-18,290.0005187988281,290.5507382302181,282.5678431701578,285.1161798417101,43390600
2022-03-21,288.7746276855469,289.7206174710808,284.662504677972,288.5140113733799,28351200
2022-03-22,293.5045166015625,294.4118867402999,288.39815136686497,289.3923936093338,27599700
2022-03-23,289.0931091308594,292.7032939872879,287.3845657946049,290.07771839086337,25715400
2022-03-24,293.543212890625,293.6397472949178,287.96386603720487,288.7554069109761,24484500
2022-03-25,293.1376953125,294.89452080427003,288.90011015175327,294.63390450047564,22566500
2022-03-28,299.91400146484375,300.01050637906735,293.7651124963967,293.7651124963967,29578200
2022-03-29,304.4605407714844,304.8563111504665,298.3213129462688,303.01261329342486,30393400
2022-03-30,302.96435546875,304.9818271718414,300.763506705358,302.86785052906407,28163600
2022-03-31,297.6070861816406,304.2000007830976,297.2016828825993,303.0030270692517,33422100
2022-04-01,298.678466796875,299.36381082776825,294.9331566706007,298.6301848769681,27110500
2022-04-04,304.0357971191406,304.1709216917822,298.9583889350334,299.32520192359516,24289600
2022-04-05,300.08782958984375,303.9393076222428,299.1128822350108,302.394845606696,23156700
2022-04-06,289.10284423828125,296.3424814061848,286.4096909635366,294.59531799298344,40110400
2022-04-07,290.9078674316406,293.10871553655596,286.0621484743513,286.361384397438,31411200
2022-04-08,286.6606750488281,290.6666017314044,285.99462607140345,290.01021503016705,24361900
2022-04-11,275.3572082519531,282.452029428348,275.10622472559214,281.6605181173394,34569300
2022-04-12,272.26824951171875,280.6469151575573,270.75274518786716,279.1989878449197,30966700
2022-04-13,277.6352233886719,278.5618885948695,271.5346160767129,272.914995798149,21907200
2022-04-14,270.11566162109375,278.3012882088098,269.6233863517897,278.088924351685,28221600
2022-04-18,270.7817077636719,272.65436281401867,268.67739376545774,269.2276132247998,20778000
2022-04-19,275.39581298828125,276.2356357266572,268.74501431186735,269.6813419887161,22297700
2022-04-20,276.4189758300781,279.6430533893089,275.4633531849248,279.35345023812204,22906700
2022-04-21,271.06170654296875,283.1181080139608,270.3377427180526,278.5619611641617,29454600
2022-04-22,264.51708984375,273.3687676766065,263.8896603846391,271.90151538779514,29405800
2022-04-25,270.9747619628906,271.35120773294403,261.37016600391445,263.80270265842034,35678900
2022-04-26,260.8392639160156,268.69666699273034,260.6269000783663,267.8665361916543,46518400
2022-04-27,273.3879699707031,280.86892738240044,269.46891592845344,272.30685567741426,63477700
2022-04-28,279.57550048828125,280.8786411356231,271.689109042136,275.28963271284965,33646600
2022-04-29,267.8858642578125,279.81680135936267,266.9012842301464,278.59087064005706,37073900
2022-05-02,274.5946044921875,275.0482895864189,266.63100384066234,268.06926895596354,35151100
2022-05-03,271.9979553222656,274.2663805402377,270.4245363528179,274.10226915929724,25978600
2022-05-04,279.9132995605469,280.7820499971457,267.1232758393873,272.77983068105766,33599300
2022-05-05,267.72174072265625,276.40930377828715,264.8162240963305,275.6274254599327,43260400
2022-05-06,265.1927185058594,269.5557954403699,261.85281170163194,265.2699283325795,37780300
2022-05-09,255.39511108398438,262.9050277568733,254.17887192626353,260.68488387718264,47726000
2022-05-10,260.14434814453125,264.24681003549324,255.86814199638223,262.2583249814684,39336400
2022-05-11,251.5049285888672,261.939654328253,250.29832265731793,256.4568440452498,48975900
2022-05-12,246.48550415039062,250.8582435521003,241.3405338858611,248.74426727264887,51033800
2022-05-13,252.05520629882812,253.90856640021337,246.48552263469378,248.41609257198036,34925100
2022-05-16,252.42202758789062,256.59206585930104,246.90059620764168,250.9354804390881,32550900
2022-05-17,257.5573425292969,259.0149028011125,253.34868474571135,256.87196899135023,28828800
2022-05-18,245.830810546875,255.04172974493503,244.56334455457838,254.46120398258716,31356000
2022-05-19,244.92135620117188,249.30429522500646,243.70226967132928,245.65667612599017,32692300
2022-05-20,244.36021423339844,250.14607414733115,238.4389150078695,248.8882631085942,39199300
2022-05-23,252.18751525878906,253.0099243599592,245.2019245791374,247.19505531377055,33175400
2022-05-24,251.19097900390625,252.84545260288888,245.26968020605537,249.51716536945642,29043900
2022-05-25,253.996826171875,255.9899423675997,248.78183714380614,249.75905520569623,28547900
2022-05-26,257.2670593261719,258.43776617311875,252.9421849537325,253.7549092585627,25002100
2022-05-27,264.3687438964844,264.46550311516876,258.87316278571984,259.763306260141,26910800
2022-05-31,263.0431823730469,265.84902206515727,260.1986330948572,263.6817576729224,37827700
2022-06-01,263.575439453125,268.67432940880065,261.27270543224773,266.2651808958061,25292200
2022-06-02,265.6651916503906,265.7329260451573,253.10663251468594,255.86410740259439,44008200
2022-06-03,261.25323486328125,264.57189530095667,259.6955209965612,261.5338276844853,28059000
2022-06-06,260.02459716796875,265.27829636106657,258.5442722702789,263.2271303095513,22400300
2022-06-07,263.65283203125,264.26238275252354,257.3058157580708,257.98310089876895,22860700
2022-06-08,261.6306457519531,264.13655309709793,260.85660150666956,262.88842705123176,17372300
2022-06-09,256.19305419921875,263.8558985116178,256.03824538636314,259.0859682271301,26439700
2022-06-10,244.7762451171875,252.11980426463842,244.33117332105226,252.11980426463842,31422800
2022-06-13,234.39459228515625,240.93512629318718,233.6882971691395,237.15206786424903,46135800
2022-06-14,236.5521697998047,237.76158615878145,233.66891057036807,235.94261923059773,28651500
2022-06-15,243.5861358642578,247.01121141715927,238.41951248541616,240.24814951336052,33111700
2022-06-16,237.0166015625,239.38705487358806,235.12991483585378,237.99380474825406,33169200
2022-06-17,239.60960388183594,242.36707955457766,236.10713823491153,236.7553837419542,43084800
2022-06-21,245.50186157226562,246.4790647181553,241.40918580520898,242.13483565226932,29928300
2022-06-22,244.91168212890625,248.82052450027996,242.24128106481916,243.7119356534914,25939900
2022-06-23,250.45558166503906,250.9490329504163,245.3954029023052,247.27241931036113,25861400
2022-06-24,259.0086364746094,259.2795445759663,253.22277759883846,253.30985203926372,33923200
2022-06-27,256.2898254394531,259.58908692020407,254.7320819865546,259.5020124951496,24615100
2022-06-28,248.1529083251953,258.2442718055391,247.99809948086303,255.40940681520112,27295500
2022-06-29,251.81021118164062,253.46468475908262,247.45629682631295,249.22688443197563,20069800
2022-06-30,248.49156188964844,251.10391358347033,244.68916314620972,248.70442039452854,31730900
2022-07-01,251.1522674560547,251.33610113526663,246.34364079711162,248.06586356040017,22837700
2022-07-05,254.31607055664062,254.4418545786392,246.46937685474163,247.84327202741883,22941000
2022-07-06,257.5670166015625,259.28922459470346,253.8807173042958,255.18689308896802,23824400
2022-07-07,259.6858825683594,260.324457968474,256.4156159102422,256.5123751272476,20859900
2022-07-08,258.9698791503906,259.3955960207404,254.7417647817811,256.1930642415837,19658800
2022-07-11,255.92222595214844,257.8766324611341,253.66785697508126,257.0251984883415,19455200
2022-07-12,245.43418884277344,257.30582745769215,243.85710472123532,257.2477778174813,35868500
2022-07-13,244.5149688720703,245.31802312540924,240.05464064203076,242.06711128352157,29497400
2022-07-14,245.830810546875,246.85639326542395,237.95509174418504,242.43477469827525,25102800
2022-07-15,248.38510131835938,251.91659126646923,246.4984147054872,247.41756820782146,29774100
2022-07-18,245.99530029296875,252.37134012804827,245.07614676470823,251.3167325510271,20975000
2022-07-19,251.10391235351562,251.28774603986494,245.44383672914083,249.2172106364665,25012600
2022-07-20,253.75489807128906,256.2704900620598,250.5040009952903,251.46184932540294,22788300
2022-07-21,256.24151611328125,256.2899104944366,248.6850833881356,251.35548474975212,22404700
2022-07-22,251.90695190429688,256.71559351171373,250.6588552259502,256.6285190592783,21881300
2022-07-25,250.4265594482422,253.0098856124285,248.47215337066098,252.52611910074125,21056000
2022-07-26,243.72158813476562,251.44251309723307,241.46724894665664,251.42314353761344,39348000
2022-07-27,260.01483154296875,261.2822975208546,250.44594469622396,252.68094375810006,45994000
2022-07-28,267.4358215332031,268.81938674780196,259.17308078267786,260.9920476929204,33459300
2022-07-29,271.625244140625,272.8443453449876,267.64869711004144,268.6839646557535,32152800
2022-08-01,268.98382568359375,272.1476475746915,266.8842663401412,268.799992074071,21539600
2022-08-02,265.8974914550781,268.8678255810628,263.53670799309106,267.0391735890701,22754200
2022-08-03,273.2990417480469,274.29559953530566,267.62928313742134,267.77443670567607,23518900
2022-08-04,274.4407958984375,274.58591997817257,271.07379914150016,272.65085351031576,18098700
2022-08-05,273.7248229980469,274.44078812230066,269.632146904856,270.0868886929883,16774600
2022-08-08,271.2188415527344,276.63703193658046,270.2513086101462,274.8277205314604,18739200
2022-08-09,273.1346130371094,273.8892877589125,268.5968799256363,270.5610006852255,23405200
2022-08-10,279.7718811035156,280.40077172746834,277.62395639158353,278.81403276129174,24687800
2022-08-11,277.7013244628906,281.7552902911237,277.20790268722305,281.4069925671231,20065900
2022-08-12,282.4326171875,282.4326171875,277.62397604955174,279.1139854304459,22619700
2022-08-15,283.9419860839844,284.62892642888846,280.6910589868737,281.55217775836655,18085700
2022-08-16,283.2066955566406,284.4935315241321,280.9910653118464,282.51007032188716,18102900
2022-08-17,282.4600830078125,284.4283433719824,280.6663411966556,280.9281190261752,18253400
2022-08-18,281.3450012207031,283.0320727028022,280.2881256209133,281.36438230357066,17186200
2022-08-19,277.4472961425781,280.45302156557796,276.87524340040335,280.1136602196925,20570000
2022-08-22,269.302734375,273.8694799294029,268.7888545532896,273.5010322101689,25061100
2022-08-23,268.0326232910156,270.37900717902073,267.02424456116967,268.0326232910156,17527400
2022-08-24,267.40240478515625,268.7986124206689,266.7430631426748,267.03395699391723,18137000
2022-08-25,270.3693542480469,270.5341674761129,266.17102576018783,268.89556299786517,16583400
2022-08-26,259.93658447265625,271.81402564273543,259.8299441018192,270.5923365109039,27549300
2022-08-29,257.1635437011719,259.2675307004995,255.82550904713992,257.7646828438369,20338500
2022-08-30,254.9722900390625,258.9281919093527,252.73254647605063,258.55977371104024,22767100
2022-08-31,253.5178680419922,258.986322342565,253.38211168370708,257.3186614112336,24791800
2022-09-01,252.48040771484375,252.95552538819916,247.64217884234645,250.99694103030285,23263400
2022-09-02,248.27243041992188,256.68843798920335,246.73079073027628,253.7409149849548,22855400
2022-09-06,245.54786682128906,249.98856152174304,244.27771043015858,248.408159830305,21328200
2022-09-07,250.2406768798828,250.95816170983366,245.51879346007277,246.95377791469627,24126700
2022-09-08,250.65757751464844,252.50949191714798,247.041022768642,249.67831493374948,20319900
2022-09-09,256.4170227050781,257.1636237865556,252.37386064994,252.57746567695517,22084700
2022-09-12,258.5403137207031,259.31600091262334,257.09563886057305,257.69677794091064,18747700
2022-09-13,244.3262176513672,252.48043254990552,243.93837399962155,250.96787929490384,33353300
2022-09-14,244.54922485351562,246.49808932194622,242.26099903033722,245.8193814071736,23913000
2022-09-15,237.917236328125,243.75413876662034,236.59859756302296,242.1737221928397,31530900
2022-09-16,237.29672241210938,237.83968875284026,234.6982216168246,236.83131001029162,39791800
2022-09-19,237.0833740234375,237.68451311918642,233.5249921595804,235.09571807800603,26826900
2022-09-20,235.07635498046875,236.10411478867206,232.3518179959653,234.7079219968837,26660300
2022-09-21,231.68276977539062,240.12787756364517,231.634287475008,236.84097880590735,28625600
2022-09-22,233.65101623535156,236.44343087375472,230.34473658595115,230.63560078185145,31061200
2022-09-23,230.68411254882812,233.79649299504186,228.0468350078117,232.2548385862269,34176000
2022-09-26,230.2283935546875,234.106740937524,229.69511783060327,229.84056473429231,27694200
2022-09-27,229.22003173828125,234.44610429031408,227.36811729613822,232.68144911431068,27018700
2022-09-28,233.7383270263672,234.96000122532365,227.5911346801097,229.60787725874428,29029700
2022-09-29,230.27687072753906,232.652355487679,227.28085099175377,231.6245958212714,27484200
2022-09-30,225.81675720214844,233.224399677071,225.65192922341265,231.04282940218874,35694800
2022-10-03,233.41835021972656,234.26188606885609,227.52326022905194,228.25045038719026,28880400
2022-10-04,241.310791015625,242.74577547683293,237.52939325058418,237.6360484007584,34888400
2022-10-05,241.62103271484375,242.95906726147314,236.67614880702004,238.50866730601555,20347100
2022-10-06,239.28433227539062,242.72636855289312,238.59593389672287,240.38966069294162,20239900
2022-10-07,227.11602783203125,233.98070446797666,226.07856280672056,233.57346497384196,37769600
2022-10-10,222.2777862548828,227.4262900818972,219.83442324055144,225.962219258619,29743600
2022-10-11,218.55459594726562,222.09358236444308,217.29412996487275,220.69737480208315,30474000
2022-10-12,218.8842315673828,220.93006041435294,217.14867761413385,218.54487025171542,21903900
2022-10-13,227.11602783203125,228.91945995498912,212.46557001660585,213.163673728378,42551800
2022-10-14,221.6087646484375,230.02478606979594,221.3954543611521,228.3764766144597,30198600
2022-10-17,230.30596923828125,231.6924861628052,227.98865719878884,228.64798396705297,28142300
2022-10-18,231.2464599609375,236.5113093692739,228.21164843552518,235.84230688122926,26329600
2022-10-19,229.28790283203125,232.32271452181564,227.16450518293112,229.83086912144609,19985700
2022-10-20,228.96795654296875,233.9710288478756,227.72688640768192,228.59952355559247,21811000
2022-10-21,234.75637817382812,235.60961938988035,227.3681306457899,227.60083683054654,26299700
2022-10-24,239.73037719726562,240.30242995612315,233.9613377120293,236.3465133618895,24911200
2022-10-25,243.03662109375,243.40505400256714,238.35351526216095,239.74001722910089,34775500
2022-10-26,224.28480529785156,231.05251640438252,223.0631165722391,224.13935841423532,82543200
2022-10-27,219.8538055419922,226.58274025958372,218.9133051682239,224.01332637862237,40424600
2022-10-28,228.69644165039062,229.40425069094275,219.17510664004706,219.3593305055409,40647700
2022-10-31,225.0701904296875,227.77533111378162,224.11998470584146,226.65060686599685,28357300
2022-11-01,221.2306671142578,228.57044790856148,220.41621757358033,227.46511930486386,30592300
2022-11-02,213.40606689453125,224.2654364159978,213.34787925724922,222.48140020209192,38407000
2022-11-03,207.73397827148438,213.70663669340686,207.4721856849331,213.3963618064245,36633900
2022-11-04,214.6568145751953,214.85072897039285,206.93889737068497,210.93360492641042,36789100
2022-11-07,220.9397735595703,221.46335879760886,214.55019910987951,215.23861235404937,33498000
2022-11-08,221.9093475341797,224.6047979139628,218.97150043107274,221.7445195376861,28192500
2022-11-09,217.6819610595703,221.67666935840754,217.50744250984388,220.45498033143147,27852900
2022-11-10,235.59019470214844,235.92955599741592,227.85289624042093,228.2698114597355,46268000
2022-11-11,239.59458923339844,240.4478303320997,234.57212203157073,235.5998964435155,34620200
2022-11-14,234.20370483398438,236.491930374749,231.9348751725974,234.63032541196574,31123300
2022-11-15,234.61094665527344,239.4879676468522,232.72994567583086,238.18872473342853,31390100
2022-11-16,235.03872680664062,237.05143476413045,233.76499097023776,236.06938283193108,24093300
2022-11-17,234.99014282226562,236.51669138454196,231.05226116577742,231.1981031395672,23123500
2022-11-18,234.54287719726562,236.99312613856966,232.41349542511938,236.76948200355858,27613500
2022-11-21,235.34986877441406,237.8973403680741,234.5136736567099,234.74702077282302,26394700
2022-11-22,238.2473907470703,238.51963895713513,234.04697919434565,236.8472486173572,19665700
2022-11-23,240.72682189941406,241.40744246425524,237.50844728562427,238.3251919634337,19508500
2022-11-25,240.63931274414062,241.81581080755163,239.9003405690243,240.46428755240743,9200800
2022-11-28,235.06790161132812,239.82254225297007,234.1344834195783,239.26832798344634,24778200
2022-11-29,233.677490234375,236.06938731272962,231.61617814466862,234.71786413074798,17956300
2022-11-30,248.0775604248047,248.26230347666475,233.2205218203915,233.910875092645,47594200
2022-12-01,247.6400146484375,249.03042418074372,243.97436658880594,246.84270566954237,26041500
2022-12-02,247.96092224121094,248.9721279899123,242.77845754262344,242.90486382486787,21528500
2022-12-05,243.27426147460938,246.79406707607905,241.19349897491784,245.03415685713742,23435300
2022-12-06,238.33489990234375,244.8883372658951,237.03199561292425,243.87713173110765,22463700
2022-12-07,237.60565185546875,239.34611163220632,235.50545353805643,238.05292524127822,20481500
2022-12-08,240.55181884765625,241.85473814761843,236.33195612078578,238.0626835034454,22611800
2022-12-09,238.62660217285156,241.43660437225947,237.40148518904434,237.92653108598594,20609700
2022-12-12,245.5203399658203,245.5495083577721,240.32815848858516,240.6004067044122,30665100
2022-12-13,249.8083038330078,256.61453937496145,246.06486835036688,254.44625651294808,42196900
2022-12-14,250.0999755859375,255.32132556389985,247.27052281634482,250.01247040825905,35410900
2022-12-15,242.11721801757812,247.16355744305537,240.49344660406408,246.69684834391964,35560400
2022-12-16,237.91680908203125,242.92424748334844,236.7694646066407,241.6699621291789,86102000
2022-12-19,233.79417419433594,238.42242358687312,232.1023480969562,238.08210589515767,29696400
2022-12-20,235.1068115234375,236.18608654823132,231.82036751639754,232.77323628356203,25150800
2022-12-21,237.66403198242188,238.8210944819846,233.4636197451072,234.99988623023594,23690600
2022-12-22,231.5967254638672,235.2915415960275,227.396299165475,234.5817378584511,28651700
2022-12-23,232.1217803955078,232.25790450291396,227.46437751544144,229.57430859844388,21207000
2022-12-27,230.40078735351562,232.3162427208361,229.30206179925912,232.09261343652005,16688600
2022-12-28,228.03805541992188,233.0843952081068,227.68801986130742,230.33272967385747,17457100
2022-12-29,234.3386688232422,235.2234829457409,229.12703678909463,229.12703678909463,19770700
2022-12-30,233.18161010742188,233.31773420922855,230.10907771074054,231.61617551843796,21938500
2023-01-03,232.9482879638672,238.94749699304793,230.82862391751698,236.35140592714558,25740000
2023-01-04,222.7583465576172,226.42397945527185,219.70526469993285,225.85031465735742,50623400
2023-01-05,216.1562957763672,221.25125412142148,215.62151720752513,220.91093644040888,39585600
2023-01-06,218.70376586914062,219.51079264209568,213.27823740876858,216.82719680304174,43613600
2023-01-09,220.83316040039062,224.8391261091335,220.14282198786435,220.18170823285104,27369800
2023-01-10,222.51527404785156,224.90717117777552,221.03734458217542,221.4554347527597,27033900
2023-01-11,229.24374389648438,229.41875426303784,224.71273203443783,224.88774240099133,28669300
2023-01-12,231.90786743164062,233.25939064495995,227.09488993594465,228.74782975392716,27269500
2023-01-13,232.6079559326172,232.74408004932297,228.41726187215806,230.4396879177981,21333300
2023-01-17,233.69696044921875,234.24145690846152,230.52718988997353,231.3828356610212,29831300
2023-01-18,229.28260803222656,235.67075285086767,229.0006419678325,234.883176604496,30028700
2023-01-19,225.51002502441406,229.00066284863416,224.2946258083473,227.30882179875937,28623000
2023-01-20,233.570556640625,234.07616685941196,228.0186065956563,228.35892430446629,35389800
2023-01-23,235.86524963378906,238.38355340234384,233.0163459826228,234.42622102838877,31934000
2023-01-24,235.34017944335938,237.19731304543689,233.7844773158166,235.78745289233305,40234400
2023-01-25,233.9497528076172,236.5652941592754,224.50852565701223,227.98943061234027,66526600
2023-01-26,241.1352081298828,241.43662476621853,235.30129180415983,236.90561285916706,33454500
2023-01-27,241.29075622558594,242.9145276437586,239.99756980206558,242.0977830088241,26498900
2023-01-30,235.99163818359375,238.80164053803622,235.49574581512883,237.74180116090332,25867400
2023-01-31,240.950439453125,241.08656355946167,236.22496713827303,236.7111267803919,26541100
2023-02-01,245.7537384033203,248.1164675204951,238.67525406866622,241.1352210643855,31259900
2023-02-02,257.2757263183594,257.36323150604915,250.12917259535388,251.65572121722164,39940400
2023-02-03,251.1986846923828,256.88675825123045,249.9832856273653,252.35574697610576,29077300
2023-02-06,249.66241455078125,251.1500618843591,247.72750865015405,250.31388153410032,22518000
2023-02-07,260.1537780761719,261.3302762498554,252.88081823202182,253.31837383415902,50841400
2023-02-08,259.3467102050781,269.09907056810056,258.8410852318201,265.63761659917793,54686000
2023-02-09,256.3228454589844,266.39609026500864,255.5255363984652,266.2210502148411,42375100
2023-02-10,255.81716918945312,256.7797556334207,253.44470813701852,254.29062103296877,25818500
2023-02-13,263.8097229003906,266.9989295409681,259.7551376978075,260.2315944105398,44630900
2023-02-14,264.6361083984375,267.3585900699576,261.82609189388216,265.12226795926784,37047900
2023-02-15,262.5209655761719,263.8953733913227,259.46022127566107,261.54621079213484,28922400
2023-02-16,255.5319366455078,260.00605711365523,255.2882479724247,257.354723160625,29603600
2023-02-17,251.54518127441406,253.52393201360653,249.53718908576167,252.84162161049076,30000100
2023-02-21,246.29124450683594,249.04005963500097,245.2385077475541,248.0555479638784,28397400
2023-02-22,245.16053771972656,247.9190951759008,244.0200765591585,247.6754065123544,22491100
2023-02-23,248.33827209472656,250.35600669518152,244.1565658834327,249.108321803698,29219100
2023-02-24,242.9283447265625,244.66340673985152,241.83662432455813,243.6496684913582,24990900
2023-02-27,243.84463500976562,246.4374860355747,243.09406973943646,246.08657375483682,21190000
2023-02-28,243.12335205078125,245.14110172253308,242.45076882686396,242.78219677862313,22491000
2023-03-01,240.0528564453125,244.59520227636006,239.58496345634046,244.42949575369053,27565300
2023-03-02,244.77066040039062,245.0533327272031,239.4095093951341,240.32578121944115,24808200
2023-03-03,248.8450927734375,249.1667635730139,245.04355582130654,245.8233624681365,30760100
2023-03-06,250.38522338867188,253.55317601638902,249.51769234094775,249.9563289608396,24109800
2023-03-07,247.73390197753906,251.18454195758378,246.99309375726955,249.82961864090797,21473200
2023-03-08,247.2952880859375,248.11407854265232,244.47824732823858,247.62670114600144,17340200
2023-03-09,245.95010375976562,253.00731800229747,245.22877995450497,249.36174508099094,26653400
2023-03-10,242.31423950195312,246.40820579752568,241.34924197875884,244.74138378096757,28333900
2023-03-13,247.50970458984375,251.3989810865607,239.5264614444424,241.15429996225072,33339700
2023-03-14,254.20626831054688,254.47919841708625,249.40072024994075,250.26825127577843,33620300
2023-03-15,258.7388916015625,259.7526448252449,252.66615907277222,253.41673923474747,46028000
2023-03-16,269.2272033691406,269.57810070864684,256.6333622072751,258.51463124296953,54768800
2023-03-17,272.375732421875,276.177270273355,269.3442592079885,271.2352859400092,69527400
2023-03-20,265.35748291015625,270.47494508940247,263.0375619626868,269.98756773899805,43466600
2023-03-21,266.8682861328125,268.0574878140918,262.71582243886,267.9405220334982,34558700
2023-03-22,265.4159240722656,273.94502636302843,265.3086856035219,266.49788734137707,34873300
2023-03-23,270.6504211425781,273.9645815107582,268.2525326655101,270.9233512964952,36610900
2023-03-24,273.4869079589844,273.54539085578926,268.33044774491924,270.2409584505626,28172000
2023-03-27,269.4027099609375,274.35445077052975,268.56440544663616,273.41869458351096,26840200
2023-03-28,268.2817687988281,269.1687992182552,265.18202599070054,268.8276290958363,21878600
2023-03-29,273.4284362792969,274.0425364680911,271.3814455656998,271.9175487241211,25087000
2023-03-30,276.87908935546875,277.2787423935812,274.3739921244632,277.05456782750633,25053400
2023-03-31,281.02178955078125,281.96730287180225,275.8556011455048,276.5671828397676,32766000
2023-04-03,279.9787292480469,280.9924524503743,276.78153586630657,279.28663217587865,24883300
2023-04-04,279.9300231933594,283.117489822551,278.45816395278734,279.9787787723989,25824300
2023-04-05,277.1617126464844,279.90077062602654,275.7775778065867,278.63360157573726,22064800
2023-04-06,284.238525390625,284.7063886889727,274.9101141667659,276.0603177714144,29770300
2023-04-10,282.08428955078125,282.2889797177499,277.5224147425445,281.90881108908263,23103000
2023-04-11,275.68988037109375,278.76038171504166,274.52994955434735,278.53617740745267,27276600
2023-04-12,276.33319091796875,279.7643463826104,274.8418174679427,277.6003898328518,27403400
2023-04-13,282.5228576660156,282.58134055975376,276.021261419223,276.4306416753899,24222700
2023-04-14,278.91632080078125,281.197243201843,276.5281599154827,279.75459555412215,20987900
2023-04-17,281.5091552734375,284.23848637686285,278.93581824426053,282.6106328823751,23836200
2023-04-18,281.0899658203125,284.39439803515654,279.7643139062447,284.2091922902282,20161800
2023-04-19,281.1680603027344,281.75288943980496,277.3567651079787,278.77014185211067,17150300
2023-04-20,278.8870544433594,281.7333512714664,277.88305828682746,278.048779675469,23244400
2023-04-21,278.5458679199219,279.042972509136,275.91401875313767,277.81480201216493,21676400
2023-04-24,274.6566162109375,277.75635870948304,271.6836263278282,274.9685448486902,26611000
2023-04-25,268.4669189453125,274.4908950976734,268.41816336812605,272.45366159943416,45772200
2023-04-26,287.9132995605469,292.0072813214267,285.3399625443694,289.20974000859206,64599200
2023-04-27,297.1344299316406,297.49511411918564,287.7962940057379,288.49811850361414,46462600
2023-04-28,299.50311279296875,301.1309363430766,295.65282016140077,296.33516029137365,36469600
2023-05-01,297.8459777832031,300.80923974408176,297.4463248750627,299.22038517544803,21294100
2023-05-02,297.6997985839844,301.37461262601437,296.23766672018985,299.9904777866923,26404400
2023-05-03,296.7153015136719,300.8190101503688,296.41312996008793,298.87925796823623,22360800
2023-05-04,297.6997985839844,299.9904777866923,295.7405323674121,298.50883179320516,22519900
2023-05-05,302.80755615234375,304.09423955747224,296.58861610804354,298.00202238980415,28197100
2023-05-08,300.8580627441406,302.3689505307948,298.36269283862055,302.30071055555146,21318600
2023-05-09,299.24969482421875,302.2129574604757,298.5771116971217,300.22444953048654,21340800
2023-05-10,304.4256591796875,305.0982423493034,299.90281252520236,300.82881170640417,30078000
2023-05-11,302.28118896484375,303.26570080657984,298.5284068792122,302.2714616451602,31680200
2023-05-12,301.1699523925781,302.8075331032812,298.8597885779878,302.71005168658775,19774700
2023-05-15,301.6475830078125,302.0764774582507,299.82479646702666,301.2966855922646,16336500
2023-05-16,303.8700256347656,305.790293615096,302.0082405576207,302.0082405576207,26730300
2023-05-17,306.7420349121094,307.1620885056331,303.55737876771076,305.0715691203483,24315000
2023-05-18,311.15753173828125,311.66553123401303,306.46849366987317,307.2597684712648,27276000
2023-05-19,310.98175048828125,311.38227715164794,309.05728471229986,309.4187276052405,27546700
2023-05-22,313.7560729980469,315.1334851097125,310.659362704621,311.2357215634577,24115700
2023-05-23,307.97296142578125,315.26051959828607,307.9631830299581,312.63269496953484,30797200
2023-05-24,306.5955810546875,309.18432218160666,305.3842225217215,307.4552452354423,23384900
2023-05-25,318.3865661621094,319.3438949651791,312.6033903237595,315.7684901108892,43301700
2023-05-26,325.19537353515625,325.69356478381513,316.39362712536325,316.5303755699565,36630600
2023-05-30,323.5542907714844,327.9795816142876,322.8802372817965,327.4813902004807,29503100
2023-05-31,320.7994689941406,328.1749431768424,319.76394285514135,324.6093167826368,45950600
2023-06-01,324.89251708984375,325.820570098654,317.21421253677175,318.39623546469716,26773900
2023-06-02,327.64739990234375,329.6988654721622,324.8632701870316,326.5239875083562,25873800
2023-06-05,328.1748962402344,330.7343313163918,326.9244840727919,327.4715375327869,21307100
2023-06-06,325.96722412109375,327.61816339427435,324.4921469370549,327.57907961755546,20396200
2023-06-07,315.9052429199219,326.7584266923508,315.04557889593144,323.9840754044963,40717100
2023-06-08,317.7418518066406,319.0899588404042,315.8759965452041,316.45235552980716,23277700
2023-06-09,319.2364807128906,322.36249701135495,316.9114880172706,317.4780685960809,22529000
2023-06-12,324.17950439453125,324.4237258036258,317.6441371021866,320.9850692837771,24260300
2023-06-13,326.5631103515625,329.1909351194717,322.7532623015664,326.7389426125968,22951300
2023-06-14,329.5425720214844,331.20328940233077,325.11728161658255,326.61191533447175,26003800
2023-06-15,340.0538024902344,341.7535734902933,329.4057579437553,329.6792846542496,38899100
2023-06-16,334.417236328125,343.3459850753044,334.04604484014123,343.1994581968657,46552000
2023-06-20,330.2361755371094,334.1730234363889,328.0967936208768,331.4670609717045,26375400
2023-06-21,325.8500061035156,329.9236327698556,324.39445588610687,328.5950526568206,25117800
2023-06-22,331.8577575683594,332.2582841920234,325.6350018399905,326.3969713207667,23556800
2023-06-23,327.27618408203125,330.1482299651682,325.74249643584824,326.6314360457984,23146900
2023-06-26,321.0046691894531,328.3410610316965,320.8971962526816,326.0063195495162,21520600
2023-06-27,326.8366394042969,328.38010561548896,321.6884329438187,324.1892578253604,24354100
2023-06-28,328.0870056152344,330.1677765285819,326.0941508206252,326.924509469394,20259500
2023-06-29,327.3054504394531,328.3409466072507,324.9316260064178,326.97331297168574,16997000
2023-06-30,332.6686096191406,334.80799133337183,329.40581549810116,329.94309061938924,26832800
2023-07-03,330.1775817871094,333.0203226963317,328.7904208148886,331.3498565292041,12508700
2023-07-05,330.3338623046875,333.7529619318794,326.99293022093957,327.3445947298887,18172400
2023-07-06,333.3817443847656,335.0619888415349,327.7451250968569,329.50350728576706,28161200
2023-07-07,329.42535400390625,333.8897282258727,329.2104379854344,331.4768196689225,21214800
2023-07-10,324.1598815917969,327.48131592887023,320.01789687690416,326.86587333332807,32791400
2023-07-11,324.78515625,325.1661261312258,319.441590831674,323.4077439781263,26698200
2023-07-12,329.40582275390625,333.75294560855826,327.91118903960694,328.8196854554752,29995300
2023-07-13,334.7395935058594,335.79461674267833,331.1837159282275,331.711242452727,20567200
2023-07-14,337.2599792480469,343.3069035731136,336.35148278353853,339.55566639937143,28352700
2023-07-17,337.7386779785156,338.9695335941496,334.29027291358,337.689815809939,20363900
2023-07-18,351.1806335449219,358.30213870194854,334.260995743675,337.8363711993752,64738600
2023-07-19,346.87249755859375,354.0819174710134,344.29353528638507,353.38833709875524,39732900
2023-07-20,338.852294921875,349.6957307761419,337.3869665581141,345.3974402048797,33778400
2023-07-21,335.8240051269531,342.2030679120131,331.97507286884843,341.0796552566589,69405400
2023-07-24,337.1329345703125,338.9011247209187,334.3976671440658,337.85585009967554,26678100
2023-07-25,342.8673095703125,343.7562790203098,337.09391224924093,339.0867373558683,41637700
2023-07-26,329.962646484375,336.70318113968654,325.4103558990967,333.547829841797,58383700
2023-07-27,323.07562255859375,333.4403649695194,321.444210409782,332.61003601882766,39635300
2023-07-28,330.5487976074219,332.15090440744063,325.4690100380954,325.95745287046435,28484900
2023-07-31,328.15545654296875,329.89431189161485,325.65460173075695,329.1323422402348,25446000
2023-08-01,328.5656433105469,330.7148031903255,325.9866812669901,327.44223102382614,18311900
2023-08-02,319.9300231933594,325.9183364890345,318.8163593371292,325.9183364890345,27761300
2023-08-03,319.1094970703125,322.25507032257764,318.41591654740114,318.464748909169,18253700
2023-08-04,320.2034912109375,327.3933831672602,319.6759647541321,324.20872726323194,23741500
2023-08-07,322.4797058105469,323.4565914550908,319.94957556864017,320.7799343289393,17741500
2023-08-08,318.5135192871094,321.151122177393,315.5340303066097,319.4024887084689,22327600
2023-08-09,314.7818298339844,319.5490060989431,313.62908227048086,318.9238148724649,22373300
2023-08-10,315.46563720703125,320.6724537793776,313.75608752866935,318.4842099187915,20113700
2023-08-11,313.59002685546875,314.9576606059445,311.83161505156005,312.8573627235517,24355500
2023-08-14,316.54998779296875,316.5695147707091,312.68149972344554,313.9612471638397,18836100
2023-08-15,314.4203186035156,317.5756691585243,313.48251697268347,315.5339822625221,16966300
2023-08-16,313.65679931640625,317.59221281010525,313.06942104679297,314.04837487104845,20698900
2023-08-17,310.21087646484375,315.0958462335388,309.55496429159837,313.79385086017476,21257200
2023-08-18,309.8193054199219,311.679311641093,304.9930405423695,307.8711670676138,24755000
2023-08-21,315.1056823730469,315.9769357985516,310.3675491383052,311.23880256380994,24040000
2023-08-22,315.6734313964844,319.21723934340076,314.6944776045053,318.6494592891844,16084600
2023-08-23,320.1178894042969,322.2715996929162,316.6523846218089,317.00482352144604,21166400
2023-08-24,313.23583984375,325.97203798658785,313.2260407459276,325.84476921608996,23281400
2023-08-25,316.1825256347656,318.5124107055097,312.0904758312742,314.70429575926823,21684100
2023-08-28,316.88739013671875,319.2858092722639,314.949050654982,318.8061314202153,14808500
2023-08-29,321.49822998046875,322.0562408320529,315.1056626837717,315.1056626837717,19284600
2023-08-30,321.8702087402344,322.86873080054954,319.57946057224274,321.75273907140877,15222100
2023-08-31,320.8619079589844,323.9456064626788,319.9025224771531,322.27160382501023,26411000
2023-09-01,321.7430114746094,325.0029150101556,319.9025732532159,324.3372334886783,14942000
2023-09-05,326.5299987792969,327.80265653043256,321.74293066142496,322.07577133856296,18553900
2023-09-06,325.8741760253906,327.4209100280818,323.23098856949474,326.3636529709045,17535800
2023-09-07,322.9666748046875,326.0699418421109,322.1051906191248,324.3176359252016,18381000
2023-09-08,327.23486328125,329.08510023164433,322.52609807587226,323.1428437260037,19530100
2023-09-11,330.8276672363281,331.29757584054045,328.37048350695864,330.1423875895978,16583300
2023-09-12,324.7875061035156,329.7018735211136,324.50363099894156,328.75228709732,17565500
2023-09-13,328.9872131347656,329.76059500536803,324.2001445661415,324.3371825636095,16544400
2023-09-14,331.5716552734375,333.68616913545833,329.4864789543326,332.01216654665086,20267000
2023-09-15,323.2701416015625,330.29902307578516,322.71213073688756,329.829144347891,37679800
2023-09-18,322.1345520019531,323.4463465779978,319.4913646526402,320.90106058890035,16834200
2023-09-19,321.733154296875,322.45760041034737,317.6803011768475,319.30536803908217,16505900
2023-09-20,314.01904296875,322.6534238453553,313.7645352608611,322.57512067569024,21436500
2023-09-21,312.8051452636719,318.50266425545,308.3704851953978,312.540838460042,35560400
2023-09-22,310.3381652832031,314.68472270748657,309.49624944861836,314.5574539286877,21447900
2023-09-25,310.8570251464844,310.98429393163934,308.3704739123921,309.92700700519936,17836000
2023-09-26,305.5706787109375,309.23195666524725,303.49527138826676,308.4977412546043,26297600
2023-09-27,306.2070007324219,307.6852008158054,303.1722376476752,305.7272930031046,19410100
2023-09-28,307.03912353515625,308.8403951730469,302.9373041972711,304.44487173232886,19683600
2023-09-29,309.10467529296875,312.746384776468,308.35089159051364,311.06258297495117,24147300
2023-10-02,315.02728271484375,315.1154148364271,308.5466141242197,309.62346914878606,20570000
2023-10-03,306.7943420410156,314.6259723470464,304.66020007739525,314.0777307403494,21033500
2023-10-04,312.2471008300781,313.3043876816742,307.3914982671209,307.420865686593,20720100
2023-10-05,312.6386413574219,313.24561775068076,308.2725161916583,312.3743346117822,16965600
2023-10-06,320.3724060058594,322.26177952741045,309.6430516561737,309.88779008773105,25673600
2023-10-09,322.8785705566406,323.3484492911128,316.37830256029935,317.9152672966711,19891200
2023-10-10,321.4786376953125,324.131594004222,320.7737897972471,323.99452613848536,20557100
2023-10-11,325.4238586425781,325.8154342155564,322.21289114367397,324.2393029495446,20063200
2023-10-12,324.1903381347656,326.6083551720829,321.8016885159057,323.6127589882386,19313100
2023-10-13,320.83258056640625,326.80417560812504,319.49138859402285,325.38471034218486,21072400
2023-10-16,325.6391906738281,329.06552880865223,323.6421166530187,324.08262791660326,22158000
2023-10-17,325.0714111328125,326.4419405397074,320.51928173209353,322.65339394249423,18338500
2023-10-18,323.1624450683594,328.5271229876209,321.3905409680336,325.4923600401383,23153600
2023-10-19,324.34698486328125,329.78996567974724,323.9456102144574,325.1595033838665,25052100
2023-10-20,319.7948913574219,324.93439945615916,318.60056637565555,324.7385967213242,25027700
2023-10-23,322.3891296386719,325.7273662724693,317.56289372065373,318.62015086662296,24374700
2023-10-24,323.5736083984375,324.8560355263617,320.70528084515973,324.3273920928105,31153600
2023-10-25,333.500244140625,338.91385810810175,330.5144167677778,337.7586697804962,55053800
2023-10-26,320.9891662597656,334.4399815109655,320.05914822735156,333.3729254857893,37828500
2023-10-27,322.8687744140625,329.63334926048014,321.4884458683103,323.4757210351802,29856500
2023-10-30,330.2109069824219,332.3058824741977,324.84622935304117,326.39299310170355,22828100
2023-10-31,330.9941101074219,331.86539347468425,327.6461042839537,331.7185563552872,20265300
2023-11-01,338.78662109375,340.1082149810744,332.50172321029675,332.63879111171514,28158800
2023-11-02,340.9892272949219,341.48847346531505,337.5139230484177,339.93194035995595,24348100
2023-11-03,345.3749084472656,346.93147136857294,340.02002965992455,342.2716414539088,23637700
2023-11-06,349.0263977050781,350.01515060483416,345.9133317859224,346.0112331411466,23828300
2023-11-07,352.9422607421875,354.83163466533523,350.10330030774577,351.83603801636735,25833900
2023-11-08,355.5561218261719,356.2120043075006,352.96186970133533,354.06809255451196,26767800
2023-11-09,353.098876953125,357.1125938314782,352.77580544293505,354.67497835793193,24847300
2023-11-10,361.8899230957031,362.3108661279153,353.4709130749397,353.8820570074666,28042100
2023-11-13,358.9627990722656,360.71513487046275,358.1992162461448,360.4703964021509,19986500
2023-11-14,362.4772033691406,364.1218684157094,359.6186750774512,363.2016494775537,27683900
2023-11-15,362.6244201660156,366.0184671527949,360.1131840283514,364.20372057822027,26860100
2023-11-16,369.00048828125,369.17705042836303,363.12463294088235,363.88976551430744,27182300
2023-11-17,362.8009338378906,367.2347751466243,360.00524677898665,366.4892506146671,40157000
2023-11-20,370.24627685546875,371.6490149349355,363.9290160684621,364.1448242296059,52465100
2023-11-21,365.9595947265625,369.0495522871196,364.0467481750121,368.5100468166504,28423100
2023-11-22,370.6484680175781,372.5514954656195,367.8233538705503,370.7956031427492,23345300
2023-11-24,370.23651123046875,370.76622769070315,367.9901781565456,370.1384111547305,10176600
2023-11-27,371.39398193359375,373.38532049617334,369.02994094912424,369.5988734413345,22179200
2023-11-28,375.40606689453125,375.7003371685908,370.95258715281994,371.1389683050371,20453100
2023-11-29,371.6294250488281,376.97553440384473,370.24629493974936,376.44584793002184,28963400
2023-11-30,371.6882629394531,372.8457658390955,368.313824366715,371.2762546529022,30554400
2023-12-01,367.37213134765625,370.95255911244834,364.23310896058763,369.57924804408185,33040500
2023-12-04,362.1045227050781,362.47725508494324,355.98343139448775,362.06527668869364,32063300
2023-12-05,365.4200134277344,365.96933781680315,358.6515286841893,359.4657262173714,23065000
2023-12-06,361.7709655761719,367.0484320232483,361.0156519151652,366.42064545969674,21182100
2023-12-07,363.8800048828125,364.37047528705625,359.33824414976533,361.211844686289,23118900
2023-12-08,367.09747314453125,367.3230703614092,361.2118285564288,362.1633422956095,20154400
2023-12-11,364.2232971191406,364.51759731266617,359.12242306000167,361.4570668899954,27708800
2023-12-12,367.2446594238281,367.28390544194406,363.39935791886194,363.781939239626,24838300
2023-12-13,367.23480224609375,370.4424978188213,363.70340938140794,368.8533485777596,30955500
2023-12-14,358.9556884765625,366.6364723191659,357.1900068696794,366.19503694947514,43277500
2023-12-15,363.6642150878906,365.30236955673547,359.2990162951195,359.8581597688427,78502300
2023-12-18,365.547607421875,365.89094271187565,361.6532709896756,362.408614614865,21802900
2023-12-19,366.1459655761719,366.1459655761719,362.79113493260104,364.40968123442,20603700
2023-12-20,363.5562438964844,368.8631367699809,363.46796282422974,367.8527690284867,26316700
2023-12-21,366.420654296875,367.27406804850153,362.9873613143247,365.45932148482285,17708000
2023-12-22,367.4408264160156,368.0293969388241,365.60647173641576,366.557985599773,17107500
2023-12-26,367.519287109375,369.7558309565617,366.38139217856946,367.852803392138,12673100
2023-12-27,366.94049072265625,367.9116124252774,365.7044958750045,366.56772847108294,14905400
2023-12-28,368.1274719238281,369.2849749136942,367.02882298863733,368.2157530058411,14327000
2023-12-29,368.8730163574219,369.9716653516636,366.3618101031722,368.8337703402161,18730800
2024-01-02,363.801513671875,368.7356447522221,359.7796503608471,366.73451711634624,25258600
2024-01-03,363.53668212890625,366.1459883616317,361.4865193608946,361.9769897820248,23083500
2024-01-04,360.9273986816406,365.98905733956127,360.17208496235486,363.6053781270113,20901500
2024-01-05,360.740966796875,364.96881910463645,359.5147908390338,361.93771572916546,21004600
2024-01-08,367.5486755371094,368.04896487668356,361.9769395114855,362.26139076236115,23134000
2024-01-09,368.62774658203125,368.8239167777909,364.1154129764403,364.91979160608497,20830000
2024-01-10,375.4747314453125,376.84807263186053,369.14768070417387,369.1967157740048,25514200
2024-01-11,377.2992858886719,383.2339660876797,373.1302872544769,378.64317007041507,27850800
2024-01-12,381.0660705566406,381.27205974083927,377.31886954764786,378.14285622037966,21661200
2024-01-16,382.83172607421875,386.5200727807335,380.2322391394401,386.1571295021332,27202300
2024-01-17,382.0470275878906,382.6748141545887,377.4758397118604,380.5854353256014,22234100
2024-01-18,386.3631591796875,386.4808672893111,382.68463107425833,384.2541423864291,23392100
2024-01-19,391.0716247558594,391.0716247558594,386.00014838920214,388.21708385271495,29331100
2024-01-22,388.9528503417969,392.9845027036078,386.0884900033909,392.39593223013395,27016900
2024-01-23,391.2972412109375,391.7681035262422,386.42196470997874,388.2072839775827,20525900
2024-01-24,394.887451171875,397.8989460414398,392.81768084560895,393.8869025225433,24867000
2024-01-25,397.15350341796875,399.25273113363767,394.858105500646,396.613997943498,21021200
2024-01-26,396.2314453125,398.4287732558815,394.7600339819583,396.66306169766744,17803300
2024-01-29,401.91107177734375,402.16612596865383,396.6237864171102,398.3208248033987,24510200
2024-01-30,400.8025817871094,405.1775691973873,398.7033841260815,404.40264755037606,33477600
2024-01-31,390.0024108886719,407.4043201802484,389.639467600293,399.20363992935813,47871100
2024-02-01,396.0843200683594,400.22389191253944,394.14204628655096,394.17147331645987,30657700
2024-02-02,403.3824768066406,404.7852149654356,395.86846668943514,396.11370188933375,28256700
2024-02-05,397.9185791015625,403.32357180404665,396.2902139876251,402.0875769731937,25352300
2024-02-06,397.76165771484375,400.1944015675409,395.23084373526007,398.14423897907153,18382600
2024-02-07,406.15850830078125,406.4037434899342,399.63525825649936,399.67450426882596,22340500
2024-02-08,406.2173767089844,407.6397528307197,404.66750343056947,406.15852265638233,21225300
2024-02-09,412.5346374511719,412.79951062359436,407.17870911735395,407.3356632361391,22032800
2024-02-12,407.345458984375,412.72099505038886,406.84516963028506,412.54443290280494,21202900
2024-02-13,398.5758361816406,402.25436384146246,395.7016870880575,397.22213321307663,27824900
2024-02-14,402.4282531738281,402.77222335184723,397.59311635632974,401.03275815392834,20401200
2024-02-15,399.5487976074219,402.07448469518283,397.3179549607251,401.1015670196542,21825500
2024-02-16,397.0919494628906,401.24901355970684,396.48264621280646,400.9246876418879,22296500
2024-02-20,395.8437805175781,397.5144455402651,391.1462141740097,396.28600214507156,24307900
2024-02-21,395.2442932128906,395.3524118295115,390.3698381114288,393.2689765841808,18518900
2024-02-22,404.55096435546875,405.7106076981084,401.52409308986324,403.1161508977741,27009900
2024-02-23,403.26361083984375,408.6884066709004,401.9172415297094,408.5017108463529,16295900
2024-02-26,400.51190185546875,405.05222425854834,400.3349831970826,404.3642838981377,16193500
2024-02-27,400.4529724121094,401.27848291877046,396.88556737137105,400.95415701072204,14835800
2024-02-28,400.68878173828125,402.24152110085487,398.33017625490425,401.1408405413653,13183100
2024-02-29,406.5067443847656,407.05708472019194,398.91987548490425,401.59296996753153,31947300
2024-03-01,408.3345947265625,408.6982091819838,403.79427262351686,404.17753137688453,17823400
2024-03-04,407.7646484375,410.1527354833861,405.2094798738606,406.31016048803207,17596000
2024-03-05,395.7062072753906,407.1061687535314,393.7308905561475,406.8211614689715,26919200
2024-03-06,395.1558837890625,398.17294829822555,391.5197089331465,396.02071283324057,22344100
2024-03-07,402.08428955078125,402.71323699020854,395.30325783772497,399.11635103541613,18718500
2024-03-08,399.2146301269531,403.34221201538827,397.357209279769,400.9246137706761,18002200
2024-03-11,397.5439453125,398.68394443475927,394.34018518419236,396.7970720878644,16120800
2024-03-12,408.1184387207031,408.40344602882556,399.7748595225906,400.59053286353617,22457000
2024-03-13,407.9415283203125,410.96839994406946,404.3544792559954,410.88979275530687,17115900
2024-03-14,417.8869934082031,420.4421618629372,410.7816654727546,412.99286375239626,34157300
2024-03-15,409.23876953125,415.31218703472393,405.67136478668334,412.05927102600424,45079900
2024-03-18,410.12322998046875,413.4744273628243,406.6442696787311,407.10616562272253,20106000
2024-03-19,414.14263916015625,414.39816496544705,408.38368133647776,410.6243607307359,19837900
2024-03-20,417.8968200683594,418.61421185332546,413.4056235884817,414.7225113763612,17860100
2024-03-21,421.9654235839844,423.3904300401875,419.7935438740281,422.41748239432127,21296200
2024-03-22,421.3463134765625,422.44699413264203,418.72237476810477,422.2897797457437,17648500
2024-03-25,415.56768798828125,420.03924040543956,414.3392444656493,417.9066492539799,18060500
2024-03-26,414.3785400390625,418.64369211377476,414.08372560652526,418.2702405050307,16725600
2024-03-27,414.162353515625,417.13029224439015,411.7841036640323,417.12045509904823,16705000
2024-03-28,413.4645690917969,414.5947310272611,411.89215553357553,413.70042062857715,21871200
2024-04-01,417.2481689453125,420.5109217375922,414.93868940887074,416.6388658317179,16316000
2024-04-02,414.17218017578125,415.0959720756304,410.6342569413904,412.8650995128624,17912000
2024-04-03,413.1992492675781,415.96078773337547,411.8626872035861,412.49166464341647,16502300
2024-04-04,410.6736145019531,421.27754806630895,410.368962888124,417.66098731056826,19370900
2024-04-05,418.1817626953125,419.1547102273811,411.10594695925613,412.7668047759354,16554800
2024-04-08,417.2678527832031,419.91146556821536,416.00009070624833,417.8378673566601,14272400
2024-04-09,418.9287109375,420.3635245342137,414.34907001434647,419.0859553029516,12496900
2024-04-10,415.9607849121094,416.7174952724338,412.4621804028437,414.90923013212864,16216600
2024-04-11,420.5502014160156,421.9653705491401,415.07625067131136,418.4766034449177,17966400
2024-04-12,414.62420654296875,417.8476407951663,412.53093421008157,416.7371231732088,19253800
2024-04-15,406.5067443847656,419.45944655068297,406.30034426550657,419.2432392766727,20273500
2024-04-16,407.43048095703125,411.1846115754289,406.59516335126955,407.42067380289205,16765600
2024-04-17,404.7376708984375,411.65627202245037,403.25370178177224,410.05437714655454,15855500
2024-04-18,397.2983093261719,404.7869267946629,396.98385055417134,403.54864603373227,21029900
2024-04-19,392.2370910644531,398.48742718931453,390.91036608589934,397.0624207324797,30565800
2024-04-22,394.04534912109375,395.9027700554988,388.9252051027742,393.18052011404563,20286900
2024-04-23,400.5414123535156,401.1605527245356,396.10917826173034,397.2688218184954,15734500
2024-04-24,402.00567626953125,405.3568737379943,399.76499652417516,402.4970536697523,15065300
2024-04-25,392.15850830078125,392.99385593125254,381.3383676792714,387.2348968478242,40586500
2024-04-26,399.3128967285156,405.8776909237546,398.7625564960581,405.06201771927783,29694700
2024-04-29,395.3131103515625,399.31292950505053,392.30588312333157,398.2613746922827,19582100
2024-04-30,382.6158752441406,395.2246348761621,382.4586608840312,394.5661760291184,28781400
2024-05-01,388.129150390625,394.79222617325195,383.5789912516123,385.83931510454033,23562500
2024-05-02,390.9791564941406,393.0331103770738,387.84416635932274,390.80226783236736,17709400
2024-05-03,399.6470642089844,400.12860445610875,394.92982324925293,395.3425934548566,17446700
2024-05-06,406.4084167480469,406.7916755135943,399.36205183771864,401.7108501382599,16996600
2024-05-07,402.2807922363281,407.5188914123627,402.035103569306,407.5090542684683,20018200
2024-05-08,403.46014404296875,405.1210019721616,399.6961765499289,401.1310200807253,11792300
2024-05-09,405.2094421386719,405.60253803694064,402.04497067197207,403.48962134136315,14689700
2024-05-10,407.5877380371094,408.2167155386998,404.6984363706866,405.81879129865774,13402300
2024-05-13,406.5853271484375,411.13548678399485,403.7353441559508,410.80135374265615,15440200
2024-05-14,409.3763427734375,410.29029755221785,404.45273155985166,404.91462752191757,15109300
2024-05-15,416.53387451171875,417.25259039103736,410.81377223604346,411.4340293579302,22239500
2024-05-16,414.47613525390625,418.83761399416454,413.84605341031005,415.273599957198,17530100
2024-05-17,413.7082824707031,416.3763735645946,411.56201978291415,416.00224831627656,15352200
2024-05-20,418.7588806152344,420.1667475860199,413.49165301735496,413.7082502471213,16272100
2024-05-21,422.401611328125,426.27079649896183,418.27643943862864,420.2257843102985,21453300
2024-05-22,423.8587341308594,425.71950537683756,420.5212017999642,423.43539455106486,18073700
2024-05-23,420.3931579589844,426.8910441613392,418.83761804177703,426.27078715380964,17211700
2024-05-24,423.5042724609375,424.39034103334086,417.84324041258554,420.58022514023406,11855300
2024-05-28,423.6618347167969,424.1540984130066,419.99939161518114,422.98250841239616,15718000
2024-05-29,422.5296630859375,424.27226587320916,419.1034967099491,419.1034967099491,15517100
2024-05-30,408.2540283203125,417.73500282997145,407.8306586642601,417.73500282997145,28394500
2024-05-31,408.70684814453125,410.3017776619535,398.2511723788605,410.3017776619535,47995300
2024-06-03,407.12176513671875,409.9867435149057,402.5929630717942,409.1006748520027,17484700
2024-06-04,409.63232421875,409.99659455099004,403.341179685009,406.04863004617806,14348900
2024-06-05,417.449462890625,417.5183569725432,409.8587351784671,411.3453811328119,16988000
2024-06-06,417.9515686035156,418.7293536763162,414.0725281736093,417.44948005128595,14861300
2024-06-07,417.2919616699219,419.68435613947076,416.4551073364084,419.60560716420275,13621700
2024-06-10,421.249755859375,421.45649821147657,417.3313558315188,418.1288206635897,13982900
2024-06-11,425.9853515625,426.1231998343133,418.67031944713443,418.8967715885156,14551100
2024-06-12,434.23565673828125,436.53944727057524,426.54650007534946,428.5844790234761,22366200
2024-06-13,434.74761962890625,436.52964196122593,432.57182236972,434.0289338170149,15960600
2024-06-14,435.7222900390625,436.2834778568933,429.96279885352675,431.49865916361745,13582000
2024-06-17,441.4325866699219,443.96282953462116,433.9009573670922,435.7420189694067,20790000
2024-06-18,439.4339294433594,443.17515136355723,438.00638282722565,442.7517817727517,17112500
2024-06-20,438.8039245605469,439.62106917635975,434.4424448434735,439.39461703202835,19877400
2024-06-21,442.82073974609375,443.6083496603445,439.60134591371855,440.45787995794916,34187100
2024-06-24,440.743408203125,445.74479433203504,439.5028940256874,442.8404263927747,15913700
2024-06-25,443.9726257324219,444.4353547941903,439.83759879553867,441.3143898379412,16413400
2024-06-26,445.1639099121094,446.5816317625772,441.25533495755695,442.05279974277113,16507000
2024-06-27,445.8432312011719,449.1118693221635,444.7799248025884,445.18358463488477,14806300
2024-06-28,440.0345153808594,448.33407381119525,439.5028621939787,446.05981801420484,28362300
2024-07-01,449.6632080078125,450.2932899171113,438.7644825324962,441.71806471797646,17662800
2024-07-02,452.17376708984375,452.47896819642483,446.09921948918884,446.1878533998419,13979800
2024-07-03,453.64068603515625,453.88681788882053,450.7954174304016,451.10061852531385,9932800
2024-07-05,460.3255920410156,461.1033770377166,451.8685059547019,452.498587816865,16000300
2024-07-08,459.0260314941406,460.46346308739743,457.2735739768986,459.33123257528905,12962300
2024-07-09,452.4296875,460.0991335961139,450.91350703307506,459.7742528044674,17207200
2024-07-10,459.03594970703125,459.2426920705962,451.7602770153543,454.08377755329457,18196100
2024-07-11,447.6646423339844,457.58866578342753,444.5633568384772,455.81652839633193,23111200
2024-07-12,446.5323791503906,449.29889867197954,443.67725577045155,447.3003093014831,16324300
2024-07-15,446.9360656738281,450.185024234339,444.44521246679955,446.28627396172595,14429400
2024-07-16,442.5647888183594,447.27082904351875,439.74905460392523,447.19208006387777,17175700
2024-07-17,436.6575927734375,437.9670310742686,432.38474735385836,435.74198947896895,21778000
2024-07-18,433.5563049316406,437.770080793845,427.67867544192785,437.4648797185402,20794800
2024-07-19,430.3467712402344,434.3144456334854,425.31585048613374,426.39883667006126,20940400
2024-07-22,436.0865478515625,437.72086686190295,432.1189038234256,434.95434740544323,15808800
2024-07-23,437.9670104980469,441.45224583194545,436.24408758502966,437.0316974699668,13107100
2024-07-24,422.2638244628906,434.6491968195245,420.9740958851319,433.6351347306288,26805800
2024-07-25,411.92626953125,423.14987619224735,411.05005574464656,422.1653487650477,29943800
2024-07-26,418.68994140625,422.28349032231534,410.8137224917234,411.7293557750341,23583800
2024-07-29,420.12738037109375,425.46350195400487,418.1287909882396,424.90231413559286,15125800
2024-07-30,416.3763427734375,422.4114705197089,410.90234276735913,421.1020622928212,32687600
2024-07-31,411.8770751953125,415.25399722383173,405.83206207673004,413.99380325758636,42891400
2024-08-01,410.6562194824219,420.8460843318748,406.69843005351635,414.27930323794226,30296400
2024-08-02,402.1695861816406,408.5788691410044,398.08380349930894,406.10769576372263,29437900
2024-08-05,389.0360107421875,394.83489176821496,379.6140759587015,383.1485558976655,40709200
2024-08-06,393.4270324707031,399.3932969538089,392.3342213324454,393.8110126298072,24946500
2024-08-07,392.2652282714844,403.73496598996115,391.3200904199489,402.31727423535324,20650900
2024-08-08,396.4593505859375,399.58028569311574,393.7519001712231,396.2132187300544,20203000
2024-08-09,399.73785400390625,401.7364436734394,396.0360509489269,397.7786538479972,19276700
2024-08-12,400.51556396484375,402.4354042920839,397.98532149531104,400.7616957993417,16762900
2024-08-13,407.6042175292969,408.52967573215994,403.23291326546496,403.2525929980432,19414300
2024-08-14,410.41009521484375,411.2568044389076,406.0683556338293,408.38197108714223,18267000
2024-08-15,415.2626953125,415.34158622213624,411.9388626649199,414.0495331175792,20752100
2024-08-16,412.7377624511719,415.5684441235936,411.5837759699612,414.83859034033384,22775600
2024-08-19,415.7558288574219,415.97281647426513,410.7552711189502,413.22102581055816,15234000
2024-08-20,418.9810485839844,420.0265262237166,415.86436096713305,415.92353667507666,16387600
2024-08-21,418.3301086425781,420.55913050260955,415.943244764668,418.27090283610073,16067300
2024-08-22,409.85772705078125,420.94378045645306,408.9306008917766,418.5470440541718,19361900
2024-08-23,411.0807800292969,413.51694694228206,406.4451490290269,411.2681797994915,18493800
2024-08-26,407.8259582519531,411.5640508373135,405.7054152115458,410.6665125068156,13152800
2024-08-27,408.1711730957031,408.6840392458711,404.6303529004273,407.2045864016282,13492900
2024-08-28,404.9755859375,409.3153084895278,401.7306441001557,409.1969570716752,14882700
2024-08-29,407.4610290527344,416.268697643249,404.9755591436319,409.25610570352524,17045200
2024-08-30,411.426025390625,411.7712070065085,406.48464280287084,409.9071119024553,24308300
2024-09-03,403.8315124511719,414.128508227764,401.4545209064296,412.18549199157917,20313600
2024-09-04,403.298828125,405.60677088600426,398.8308818633999,400.3497951691964,15135800
2024-09-05,402.7958068847656,407.4412799387572,400.5667551830583,402.036335234427,14195500
2024-09-06,396.1974792480469,405.02486305915306,395.3097834719027,403.4566466739337,19609500
2024-09-09,400.1624450683594,403.0523026786457,396.64133973593033,401.6616132591262,15295100
2024-09-10,408.5262756347656,410.627073483588,402.11531302402886,402.6084639940855,19594300
2024-09-11,417.24517822265625,418.1821469994098,403.9695325309428,409.8084532189213,19266900
2024-09-12,421.1509094238281,421.5158363092752,414.0002206806835,417.51145302107784,17395700
2024-09-13,424.6917724609375,425.9147773030141,419.63203841011375,419.9969653323754,15874600
2024-09-16,425.43145751953125,427.5914610863902,422.3542004104568,424.70160374609685,13834700
2024-09-17,429.18927001953125,435.79750485485505,426.3487157034463,434.1997005769437,18874200
2024-09-18,424.9087219238281,430.05721907964937,424.5142071811442,429.04132931995406,18898000
2024-09-19,432.6807861328125,435.452292084435,430.91529729082623,435.1860014052933,21706600
2024-09-20,429.3076477050781,433.22326773049826,428.2720426762547,431.2309485866615,55167100
2024-09-23,427.57177734375,430.48135010026584,424.4945200082598,428.33121902605126,15128900
2024-09-24,423.2911682128906,427.41390262464773,420.26321438100086,427.0686909653906,17015800
2024-09-25,426.1908874511719,427.18706197372046,422.6994004960537,423.94212038705155,13396400
2024-09-26,425.4018859863281,429.3372210826113,423.251754987828,429.1301061037402,14492000
2024-09-27,422.1569519042969,425.9345052473445,421.61449786891575,425.60900874647825,14896100
2024-09-30,424.40570068359375,424.52408219664926,419.54323948144145,422.3443332995087,16807300
2024-10-01,414.9273681640625,422.61066875300435,413.07311568923785,422.58108089859957,19092900
2024-10-02,411.41607666015625,417.02813633754084,411.00181665833355,416.7914034366954,16582300
2024-10-03,410.834228515625,413.8029769595959,408.6150490966078,411.9092940444477,13686400
2024-10-04,410.36077880859375,414.00023534021534,409.28571331626097,412.5109097932594,19169700
2024-10-07,403.93011474609375,411.39639773757887,403.3975032576847,410.3016170053712,20919800
2024-10-08,409.0292663574219,409.966265233936,402.57887338489604,405.27145839926953,19229300
2024-10-09,411.7416076660156,414.62162263212304,408.6248898614367,410.1635185105957,14974300
2024-10-10,410.1437683105469,411.63309377445904,407.49061385739407,409.5421386142519,13848400
2024-10-11,410.6171875,411.4160895790265,407.58923364023417,410.4396603934482,14144900
2024-10-14,413.3985595703125,418.2314324717677,411.80072533718436,412.047300792356,16653100
2024-10-15,413.0040588378906,416.69284850861214,409.57174739931537,416.3969398711013,18900200
2024-10-16,410.4198913574219,410.6565941524685,404.85716497703487,409.48292272733454,15508900
2024-10-17,411.0117492675781,416.7125733271007,409.89722324961605,416.57447660649984,14820000
2024-10-18,412.4319763183594,413.9015564113299,410.5580088636597,411.42595928887886,17145300
2024-10-21,413.04345703125,413.22098412724716,408.0823602961629,410.41989069208375,14206100
2024-10-22,421.6539611816406,424.68188532771023,412.3136804024992,412.75749822543423,25482200
2024-10-23,418.7838134765625,425.17503084101816,416.74216121867397,424.9580432083023,19654400
2024-10-24,418.91204833984375,420.1449258075998,416.61394788419994,419.5038054447286,13581600
2024-10-25,422.2851867675781,426.5953216047658,420.72684288279277,420.914242666979,16899100
2024-10-28,420.7465515136719,426.02327304477956,420.46051551603273,425.74710969864265,14882400
2024-10-29,426.0330810546875,427.2363704730416,419.96730081243857,422.13717684538614,17644100
2024-10-30,426.605224609375,432.49344905360795,426.1811219516409,431.44797128826104,29749100
2024-10-31,400.7837829589844,410.4594021869807,400.7344498042727,409.6703426075015,53971000
2024-11-01,404.7486877441406,409.8084210802644,401.91800623395363,403.40733166804887,24230400
2024-11-04,402.8648986816406,404.7980722358363,400.01450160866744,404.18653972407174,19672300
2024-11-05,405.8238220214844,409.21670338911827,402.4901163672762,402.77615238186627,17626000
2024-11-06,414.42431640625,414.6906371773605,404.89663664059157,406.77063429083336,26681800
2024-11-07,419.6023864746094,421.0029483375747,414.12842327754487,415.5092398399127,19901800
2024-11-08,416.7519836425781,420.65773046119216,416.0023846199846,419.49390152577604,16891400
2024-11-11,412.2840881347656,418.99092936118404,410.301611581567,416.7322894657105,24503300
2024-11-12,417.23529052734375,418.6259798148705,411.485163708279,412.5207686609151,19401200
2024-11-13,419.3756103515625,423.44901221052845,412.481339102593,415.8643777407356,21502200
2024-11-14,421.0424499511719,422.30491523139983,414.24681513135374,419.17832483529844,30246900
2024-11-15,409.3153381347656,417.0084818478404,407.9739818358906,414.0693210931382,28247600
2024-11-18,410.0649108886719,412.6687324009395,406.4550421174999,409.18708769998454,24727000
2024-11-19,412.06707763671875,412.2150169012381,405.912533336808,407.4511618868994,18133500
2024-11-20,409.7986145019531,411.57397618834216,404.9558679972854,411.1597160983201,19191700
2024-11-21,408.0295715332031,414.85856338751086,405.47983232208855,414.5818472703372,20780200
2024-11-22,412.11114501953125,412.50644943843054,406.2407824115055,406.547145598137,24814600
2024-11-25,413.8801574707031,416.14328803070504,409.9863472135053,413.4749606494442,27691100
2024-11-26,422.9722900390625,424.0099980685231,413.93946191933657,414.6707766023476,23458900
2024-11-27,418.0308837890625,422.2211948203964,417.0722547980022,420.12602422483343,18332400
2024-11-29,418.49542236328125,419.8987878079345,412.90177557031507,415.16493646523105,16271900
2024-12-02,425.92724609375,427.9235529659965,416.370602899235,416.6275643373692,20207200
2024-12-03,426.1446533203125,427.3997530713115,422.7251964040861,424.80058218242306,18302000
2024-12-04,432.2917785644531,434.5153999624501,427.55792723241916,427.95323167121506,26009400
2024-12-05,437.4307861328125,439.44687793021666,431.0564230401268,432.7859063083414,21697800
2024-12-06,438.3696594238281,440.8699968788184,436.5907442566123,437.1145294101148,18821000
2024-12-09,440.7908935546875,443.0738089240489,435.3356203613735,437.4110061952819,19144400
2024-12-10,438.1324462890625,444.34871163189086,436.42274787532307,439.1800467406791,18469500
2024-12-11,443.7261047363281,445.0701760009867,438.84401807874156,438.84401807874156,19200200
2024-12-12,444.2893981933594,450.81202644259827,443.8446618873549,443.8446618873549,20834800
2024-12-13,442.0262145996094,446.13744655491615,440.3560256752725,443.18251083945466,20177800
2024-12-16,446.2956237792969,446.8787030896928,440.0596036741231,442.02626356510217,23598800
2024-12-17,449.1319885253906,449.9522746519603,444.2993336430134,445.7224537683285,22733500
2024-12-18,432.2621154785156,447.34318887069384,431.89642797238076,446.0287948744165,24444500
2024-12-19,431.9062805175781,437.9841721873849,431.2046129674818,436.44246396362297,22963700
2024-12-20,431.4813537597656,438.53762947103075,423.6047919913248,428.03224964237955,64263700
2024-12-23,430.1471862792969,432.51904296318025,427.7555447705133,431.61970806424813,19152500
2024-12-24,434.1793212890625,434.4461751355928,429.09959787026054,429.5541964268554,7164500
2024-12-26,432.9736633300781,435.7705018127553,431.5110338839644,433.9322924323696,8194200
2024-12-27,425.4825439453125,430.117561657289,421.351556737901,429.5048352492743,18117700
2024-12-30,419.8493347167969,422.53744699473475,416.95369289645987,421.0649252132939,13158700
2024-12-31,416.55841064453125,421.72710593306806,415.72826227096317,421.1044871129431,13246500
2025-01-02,413.6726379394531,421.0748471756245,409.98638702094667,420.54116958363784,16896500
2025-01-03,418.38671875,419.0587393010629,414.62138898974536,416.1433125624827,16662900
2025-01-06,422.8339538574219,429.2281017096726,420.4917442238413,422.98218924692804,20573600
2025-01-07,417.4181823730469,425.6011074871905,415.8665816173968,423.9704579117962,18139100
2025-01-08,419.5825500488281,421.96429936103294,416.5979667184096,418.49544017357744,15054600
2025-01-10,414.038330078125,419.73078053679086,410.1543816529302,419.65173171033285,20201100
2025-01-13,412.2989501953125,413.593589604229,407.45640284839305,410.3717995418403,17604800
2025-01-14,410.7967529296875,414.8190138642203,405.90477401390683,412.9116481684101,16935900
2025-01-15,421.31201171875,423.13043625280113,413.3662628653434,414.2161960548363,19637800
2025-01-16,419.60223388671875,424.45467293276505,419.4144891834001,423.6739565648765,15300000
2025-01-17,424.0000915527344,429.3862083308609,423.1501885882937,429.0007661773637,26197500
2025-01-21,423.4762878417969,425.848144332173,420.6102933259344,425.15636919236704,26085700
2025-01-22,440.9688415527344,442.0262741390286,430.888412499157,432.430120920086,27803800
2025-01-23,441.47283935546875,441.5123788470024,436.3239289556834,436.81806704057095,18389300
2025-01-24,438.8539123535156,441.4135440071518,436.225094129831,439.94102216929423,15549500
2025-01-27,429.46527099609375,430.0977821935737,418.53493945291683,419.0389699284215,35647800
2025-01-28,441.95709228515625,443.1232508667098,426.32255685114393,429.5048071593075,23491700
2025-01-29,437.1441955566406,441.6408703345489,435.23682974085557,441.4530954449331,23581400
2025-01-30,410.12469482421875,417.9024230144378,408.31616280623206,413.86037732807745,54586300
2025-01-31,410.19384765625,415.7578465450572,410.04561228332614,414.067902974143,34161900
2025-02-03,406.1024475097656,410.53979775772405,403.8689337668832,406.774468051233,25679100
2025-02-04,407.5354309082031,409.0672770356713,404.9362598096777,407.8516865143663,20532100
2025-02-05,408.4446716308594,408.97831905399164,405.5885389886856,407.515689607161,16316700
2025-02-06,410.9450378417969,413.2971401442444,409.14636782700785,409.14636782700785,16309800
2025-02-07,404.9461364746094,413.74178783038474,403.3154869234488,411.5972455590395,22886800
2025-02-10,407.38720703125,410.5892121947109,406.10246006462063,408.85972888435845,20817900
2025-02-11,406.6163330078125,407.6540108795472,404.50140761463905,404.8374480391833,18140600
2025-02-12,404.2444763183594,405.93442005448907,399.6292135248499,402.435914112503,19121700
2025-02-13,405.7268981933594,406.1814967766394,401.5958809737979,402.2283921851393,23891700
2025-02-14,403.6416015625,404.1159849495273,401.1215095634391,403.00912053959007,22758500
2025-02-18,404.8374328613281,405.78616946504144,401.7342314553049,403.2166455935164,21423100
2025-02-19,409.90728759765625,410.61884763156144,402.8707662400353,403.09808061190597,24114200
2025-02-20,412.07598876953125,415.2250013636158,408.52096684547683,411.24417583261857,23508700
2025-02-21,404.2331237792969,413.97725680128366,403.91626425407014,413.27418223243296,27524800
2025-02-24,400.0641174316406,405.38179653354615,395.4297185716828,404.5301894031576,26443700
2025-02-25,394.0235900878906,398.004445961788,392.8352988072402,397.192427276834,29387400
2025-02-26,395.83575439453125,399.66804717869115,390.40913086553707,394.13250979931917,19619000
2025-02-27,388.7059020996094,401.7871994813194,388.3494237890168,397.36074580317216,21127400
2025-02-28,393.1224365234375,393.7562160246685,382.8039671137811,388.83463352266693,32845700
2025-03-03,384.70526123046875,394.93464171120144,382.39797374435835,394.93464171120144,23007700
2025-03-04,384.82403564453125,388.75535997703025,377.2881889484286,379.6648014174362,29342900
2025-03-05,397.1131591796875,397.7568509049982,385.02212029604283,385.54695570418704,23433100
2025-03-06,393.0234069824219,398.2321421191711,388.8544001591339,390.43881857931865,23304600
2025-03-07,389.4783020019531,390.95377648794664,381.7840095954452,388.49795642753014,22034100
2025-03-10,376.4563903808594,382.6355890788174,373.5450301742595,382.08104715568106,32840100
2025-03-11,376.7435607910156,382.23947903620126,373.2380400086461,375.3076750122287,30380200
2025-03-12,379.53607177734375,381.4670864515663,375.2581813231993,379.21921226907705,24253600
2025-03-13,375.0799255371094,381.5661320778761,373.7728082450696,379.4271716632625,20473000
2025-03-14,384.7745361328125,386.42827981726157,375.8127158813028,376.08007458561946,19952800
2025-03-17,384.9132385253906,388.884151955574,381.8137266185015,382.9327228246585,22474300
2025-03-18,379.78363037109375,383.5961286419255,377.38722360904,383.2990634136601,19486900
2025-03-19,384.04180908203125,385.8836741890137,380.2590168181109,381.77411012943475,19185500
2025-03-20,383.07135009765625,387.97313863322194,379.5460345045817,381.98206039861145,18470500
2025-03-21,387.4482421875,387.92354654843615,379.0706401827953,379.4865617188815,39675900
2025-03-24,389.2505187988281,391.54792412450786,386.012386704804,391.54792412450786,21004500
2025-03-25,391.31024169921875,392.49853282327706,388.8148031404558,390.082331804945,15775000
2025-03-26,386.1708068847656,391.4587795188397,384.784452111458,391.1518020411883,16108400
2025-03-27,386.7748718261719,388.41870337339975,383.62585932715103,386.3292739557081,13766800
2025-03-28,375.109619140625,385.3389984995421,373.2578420054409,384.2992097422753,21632000
2025-03-31,371.73291015625,373.39653609737746,363.66228447346174,368.91066922952973,35184700
2025-04-01,378.46661376953125,379.120187514209,369.59391274714585,371.00006183577835,19689500
2025-04-02,378.4171447753906,381.3284750168948,372.95090216784337,374.2877562933966,16092600
2025-04-03,369.47503662109375,373.80248816308017,365.75168821202425,371.1386925275575,30198000
2025-04-04,356.3343505859375,370.94065262193254,355.97787229621173,360.5825648601157,49209900
2025-04-07,354.3736572265625,367.38565979064595,341.43101018463227,347.4616768226877,50425000
2025-04-08,351.1058044433594,370.00982228854286,346.8377957272636,364.6723484414274,35868900
2025-04-09,386.6857604980469,389.3990874327872,349.6600368937789,350.09575274548115,50199700
2025-04-10,377.6347961425781,380.1599412978202,364.21678559967916,378.33787067807094,38024400
2025-04-11,384.6656799316406,386.2500683401823,375.1988171553271,376.93176841990726,23839200
2025-04-14,384.0318603515625,390.8052198187617,380.46692636349223,389.38915847164185,19251200
2025-04-15,381.9721374511719,388.07212889209285,380.41742551182244,384.7250528209778,17199900
2025-04-16,367.98968505859375,377.892263018399,364.4148689208335,376.9614484928254,21967800
2025-04-17,364.1969909667969,370.6732850580017,363.31567729138493,370.10883089247193,21120200
2025-04-21,355.6213684082031,360.9291658129438,352.20499720618693,359.2853342749941,20807300
2025-04-22,363.2463684082031,364.18709517298703,356.3541524572501,359.83987920585236,19485000
2025-04-23,370.74261474609375,376.68416126561135,369.38593623911186,372.3963282706759,20545500
2025-04-24,383.52679443359375,384.6656149627633,371.53478821384334,372.0398293104223,22232300
2025-04-25,388.0325012207031,388.33947870228997,380.8531326101871,383.2297451406492,18973200
2025-04-28,387.3492126464844,388.9138065441973,382.87325863987553,388.1414067328739,16579400
2025-04-29,390.201171875,391.2508426713115,386.5768248872523,387.48784509297593,14974000
2025-04-30,391.4092712402344,392.79562598704683,380.69467558939255,386.49757125114587,36461100
2025-05-01,421.255615234375,432.73269823374693,420.7604863894309,426.90997818196183,58938100
2025-05-02,431.0393981933594,435.1588741169636,425.80092616148227,427.533877248033,30757400
2025-05-05,431.9207458496094,435.2182909345157,427.9002714913439,428.652877068793,20136100
2025-05-06,429.0885925292969,433.46554517602334,426.9694566129341,427.9894209087166,15104200
2025-05-07,429.1282043457031,433.8517229596541,426.9100064238295,429.61342097536215,23295300
2025-05-08,433.9012451171875,439.3476626606329,431.41568853142036,433.66356271096413,23491300
2025-05-09,434.455810546875,436.4462081525218,431.63356980482325,435.7134270593174,15324200
2025-05-12,444.8832092285156,444.9921230759706,435.4955548202822,441.5955462250109,22821900
2025-05-13,444.7643737792969,446.27946690563454,441.0211705280613,443.4176075446257,23618800
2025-05-14,448.52734375,449.4779827199474,443.7741186799948,443.7741186799948,19902800
2025-05-15,449.5392761230469,452.57502540604634,446.860659567107,447.1979616790238,21992300
2025-05-16,450.67022705078125,450.7595102326154,445.17414935289,448.4678177382938,23849800
2025-05-19,455.2337951660156,455.948090917999,447.22773658664954,447.30711960117503,21336500
2025-05-20,454.53936767578125,454.7080036018212,450.719869916101,451.9797952414424,15441800
2025-05-21,448.98370361328125,454.1524094962116,448.229716398419,450.9678549991314,19216900
2025-05-22,451.25555419921875,456.6028569421555,450.30316997101943,451.3448676580097,18025600
2025-05-23,446.6126403808594,450.0948358464348,445.3527151156796,446.4142434023006,16883500
2025-05-27,457.03936767578125,457.29731705224054,452.5055743512772,452.86273735527834,20974300
2025-05-28,453.7357482910156,458.8548627693229,453.3091629867606,457.56517641086623,17086300
2025-05-29,455.0453186035156,458.0612374989779,451.702028016876,457.89257129241645,13974800
2025-05-30,456.71197509765625,458.0215223462663,451.9301930198663,456.07706236471586,34770500
2025-06-02,458.30926513671875,458.44814000732816,453.26953332147656,453.51755227504805,16626500
2025-06-03,459.30126953125,460.46201137480375,457.20797414521616,457.81315604121755,15743800
2025-06-04,460.19415283203125,461.9997378828715,459.35088242690273,460.3231275179124,14162700
2025-06-05,463.9739685058594,465.92835889810493,460.35289815926444,461.2755213187348,20131700
2025-06-06,466.6525573730469,469.5890928719542,465.06523024972654,466.3648469522318,15285600
2025-06-09,469.0038146972656,469.67841894667356,464.90653697170796,465.9779957450024,16469900
2025-06-10,467.1883239746094,469.0534009468453,463.25968221899245,467.45617352695865,15375900
2025-06-11,468.87481689453125,471.7022387212418,465.93828127215454,466.29541399515057,16399200
2025-06-12,475.0753173828125,476.61305298608835,469.76770597774697,471.255819627256,18950600
2025-06-13,471.1962585449219,475.38281914376,469.0137102048777,472.63478039747713,16814500
2025-06-16,475.34320068359375,476.88090602233666,471.2359924486289,471.44431988386987,15626100
2025-06-17,474.25189208984375,474.9463269378011,470.3232503868908,471.63279762120845,15414100
2025-06-18,476.4344482421875,477.1884355000323,470.70025162122124,474.21220825159133,17526500
2025-06-20,473.6169128417969,479.628888904269,473.09111395434456,478.40865522200505,37576200
2025-06-23,482.1488342285156,483.8849668620545,468.76574150164737,474.42055534258094,24864000
2025-06-24,486.2262268066406,487.952459183197,482.9424585265478,485.075445589935,22305600
2025-06-25,488.369140625,490.64100267238626,485.5119877675007,488.14098256866794,17495100
2025-06-26,493.5080871582031,494.09340820956044,488.9048412091741,489.0735074056833,21578900
2025-06-27,492.01007080078125,495.34343093017947,489.1231266124182,493.60729829384695,34539200
2025-06-30,493.4683837890625,496.79184348109624,491.404849352638,493.1013206195562,28369000
2025-07-01,488.15081787109375,494.1032718491211,487.0893199212463,492.5358056229024,19945400
2025-07-02,487.198486328125,489.5893925672679,484.82744098086494,486.107196925814,16319600
2025-07-03,494.8870849609375,496.16687121115365,489.52988173373706,489.89694493303733,13984800
2025-07-07,493.7759094238281,494.79774616477766,491.3056506650491,493.4386073251964,13981600
2025-07-08,492.68463134765625,494.25212791462184,490.1945116420166,493.2997134401056,11846600
2025-07-09,499.52008056640625,502.76415743455226,495.77993553758444,496.33549554664154,18659500
2025-07-10,497.5061340332031,500.4426696344743,493.8056807647675,499.06366987607214,16492100
2025-07-11,499.33154296875,501.0279839194423,493.85526578992295,494.51996982276876,16459500
2025-07-14,499.0339050292969,499.9763890495242,497.0596840851599,497.5457914873048,12058800
2025-07-15,501.811767578125,504.2720960834484,498.80577924001653,499.03393728805895,14927200
2025-07-16,501.61334228515625,502.70463167926073,497.9129190668174,501.1768265275145,15154400
2025-07-17,507.6451416015625,509.30189104591364,501.6133044647972,501.6728265840105,17503100
2025-07-18,506.0082092285156,510.5618634291492,503.40897568442307,510.4030974050004,21209700
2025-07-21,506.0181579589844,508.03210080948105,501.54388660874696,502.69469811942383,14066800
2025-07-22,501.26611328125,507.1491456054249,501.26611328125,506.92095727911294,13868600
2025-07-23,501.861328125,502.77405108780124,496.7323137246232,502.7343595827018,16396600
2025-07-24,506.8316650390625,509.59953458867506,503.28001689239056,504.73836945889843,16107000
2025-07-25,509.6392822265625,514.1829458042694,506.3157919577708,508.4090573683804,19125700
2025-07-28,508.4388122558594,510.91900158393673,506.07766717141,510.0063088656235,14308000
2025-07-29,508.5082702636719,513.5182406496896,507.50626407616875,511.4448362580723,16469200
2025-07-30,509.1729431152344,511.86149016920456,505.4030674134904,511.08764202727673,26380400
2025-07-31,529.2723999023438,551.0484742016899,527.6851029610986,550.8301860551579,51617300
2025-08-01,519.9568481445312,531.5542170062565,516.7326017006552,530.7605684534492,28977600
2025-08-04,531.3953857421875,533.9846885103634,523.944888342453,524.0837934579807,25349000
2025-08-05,523.5679321289062,533.0422426180032,523.0619638515897,532.9231983823397,19171600
2025-08-06,520.7802124023438,527.4866537198485,519.8774501718309,526.6930052823053,21355700
2025-08-07,516.7127075195312,523.9052559727172,513.4487398823029,522.6254396329194,16079100
2025-08-08,517.9032592773438,520.5024931820143,515.2940949258492,518.4588193359411,15531000
2025-08-11,517.6353759765625,523.4092640243366,515.6015722772428,518.1611446296885,20194400
2025-08-12,525.046142578125,526.7723446368122,518.5579891899393,519.5996565820958,18667000
2025-08-13,516.4547729492188,528.478725311786,515.2543395813665,527.8933740196283,19619200
2025-08-14,518.3396606445312,521.7821945996749,516.0182375574066,518.4190436500928,20269100
2025-08-15,516.0479736328125,521.9309749680182,514.9666450837208,518.627406652342,25213300
2025-08-18,513.0023803710938,518.6770855269226,509.94683045407294,517.4568516493948,23760600
2025-08-19,505.73040771484375,511.0776798784135,504.5200741760794,510.9189744125155,21481000
2025-08-20,501.7125244140625,506.9506829011106,500.44266872858867,505.8296325155463,27723000
2025-08-21,501.06658935546875,504.435269171935,499.5561662916726,500.5200628741361,18443300
2025-08-22,504.037841796875,507.5158151187978,499.2481684011306,501.0765850227361,24324200
2025-08-25,501.0865173339844,504.9917771303553,500.9473838488724,503.44159720621536,21638600
2025-08-26,498.8804931640625,501.801993130018,495.3727099158942,501.1858695359189,30835700
2025-08-27,503.5508728027344,504.09742962807053,496.7539232974875,498.8407132226862,17277900
2025-08-28,506.4326477050781,507.87350408410515,502.3186878124423,503.89867767213724,18015600
2025-08-29,503.501220703125,506.39291066950057,501.3150539612025,505.4588240002719,20961600
2025-09-02,501.9410705566406,502.81553721257154,493.68337117589067,497.32034095368414,18128000
2025-09-03,502.1696472167969,504.5942937991858,499.1587173668126,500.6194673133705,16345100
2025-09-04,504.7731628417969,504.95202275876863,499.983489561643,501.1262461318779,15509500
2025-09-05,491.8847961425781,508.7479993566889,489.27134277765646,505.86625611105876,31994800
2025-09-08,495.06463623046875,498.04575600626316,491.91457299081776,494.97517595073856,16771000
2025-09-09,495.2733459472656,499.08917592804124,494.5678227014102,498.27432917901325,14410500
2025-09-10,497.2209777832031,500.06299449245154,493.5939546766565,499.81456783685906,21611800
2025-09-11,497.8569641113281,500.00337405269875,494.7466575341409,499.08915061774627,18881600
2025-09-12,506.6910095214844,509.32432605160386,500.67909648146514,503.4614629424367,23624900
2025-09-15,512.1166381835938,512.2259313574772,503.80926524972944,505.58800862213144,17143800
2025-09-16,505.83642578125,513.9748550906477,505.3991924428879,513.6270820344445,19711900
2025-09-17,506.81024169921875,508.07226852063866,502.74598524416496,507.4064717390096,15816600
2025-09-18,505.2501525878906,509.84107240669834,504.4651158521554,508.270998935228,18913700
2025-09-19,514.67041015625,516.0317832353262,507.09837133283605,507.34679796260957,52474100
2025-09-22,511.21234130859375,514.4816139887456,509.31432785382,512.3451813197225,20009300
2025-09-23,506.0252685546875,511.35155218118825,504.1173383670773,510.5664850795932,19799600
2025-09-24,506.9394226074219,509.2547456727144,503.72976965544393,507.16798604562155,13533700
2025-09-25,503.8390808105469,506.8003375404676,501.8616142840625,505.10107733704126,15786500
2025-09-26,508.2411804199219,510.70558375978015,503.4316440082871,506.849997214163,16213100
2025-09-29,511.36138916015625,513.5972289973041,505.67741655332713,508.28092297827857,17617800
2025-09-30,514.6903686523438,514.8990082310244,506.45253207823936,510.0099885223437,19728200
2025-10-01,516.4393310546875,517.2342842847302,508.4697839098333,511.5601971915601,22632300
2025-10-02,512.4942626953125,518.3173691617891,507.4661094259624,514.3823296081488,21222900
2025-10-03,514.0940551757812,517.2143082734997,511.75886906280147,513.8456285403139,15112300
2025-10-06,525.2435302734375,527.6880704621805,514.9387971845453,515.3461902238155,21388600
2025-10-07,520.682373046875,526.4657528279373,518.1583800775612,524.9652461341774,14615200
2025-10-08,521.546875,523.6336952116123,519.7980023635643,519.9868090400763,13363400
2025-10-09,519.1123657226562,521.0302122328587,514.1438325922749,519.0527457511332,18343600
2025-10-10,507.74432373046875,520.2849266906686,506.42270727517143,516.3697201998212,24133800
2025-10-13,510.81488037109375,513.1600134586593,508.45980051307464,513.1600134586593,14284200
2025-10-14,510.337890625,512.0371506947121,502.815524609146,507.0189143190136,14684300
2025-10-15,510.1987609863281,513.935107423202,506.7903547024341,511.71916116293283,14694700
2025-10-16,508.3902282714844,513.597241245564,504.93214864922606,509.3541552294708,15559600
2025-10-17,510.347900390625,512.2359067167633,504.1173400169688,505.8364635131052,19867800
2025-10-20,513.53759765625,515.4356111738924,510.19875812962454,511.37132460679527,14665600
2025-10-21,514.4021606445312,515.4257076122852,509.81124074780416,514.2431942660954,15586200
2025-10-22,517.2640380859375,521.9245247034462,514.4518919333965,517.8702452376143,18962700
2025-10-23,517.283935546875,520.6526156742948,515.3461954332505,519.1720024577996,14023500
2025-10-24,520.314697265625,522.0437370421222,517.4329845218087,519.499850577073,15532400
2025-10-27,528.1749877929688,531.2157277722118,525.6807743511338,528.4333612309177,18734700
2025-10-28,538.6585693359375,550.2352153811122,537.366762825241,546.5386557673307,29986700
2025-10-29,538.141845703125,542.8321728172806,533.3521721804118,541.510525937623,36023000
2025-10-30,522.451171875,531.6031704966998,518.8340654321457,527.1414377363435,41023100
2025-10-31,514.5512084960938,525.9887810857076,511.85824179468614,525.5515477587454,34006400
2025-11-03,513.776123046875,521.6562086548496,511.3514766558802,516.5385956979154,22374700
2025-11-04,511.0931701660156,512.3054631947169,504.64399323613884,508.53933673798264,20958700
2025-11-05,503.9682312011719,511.58997398954807,503.39186440425516,510.0695738143288,23024300
2025-11-06,493.9715576171875,502.51744045426454,492.6896676102462,502.47768369906356,27406500
2025-11-07,493.6933288574219,496.2372153715257,490.1457889557352,493.8225155697467,24019800
2025-11-10,502.8155212402344,503.6601778844964,495.66082185127294,496.8930386116327,26101500
2025-11-11,505.4786682128906,506.39289163210333,499.18851875070465,501.6230817360039,17980000
2025-11-12,507.9232177734375,508.4498810705414,495.9788447581273,506.1543908722183,26574900
2025-11-13,500.1225891113281,510.26832472026865,498.1351759673349,507.098398329558,25273100
2025-11-14,506.96923828125,508.38031503091224,494.30942559248354,495.0944623167857,28505700
2025-11-17,504.296142578125,508.8970088955905,501.7323929449627,505.2501227292945,19092800
2025-11-18,490.6824035644531,499.8145698875434,483.71651040889276,492.2524466910109,33815100
2025-11-19,484.0543518066406,492.0735713081103,479.79134202204426,487.0156083775533,23245300
2025-11-20,476.3088684082031,491.3817596467919,473.39186588492817,490.5255566668064,26802500
2025-11-21,470.0268249511719,476.796695003642,466.19388806310616,476.3785437287191,31769200
2025-11-24,471.8985290527344,474.7856658755464,465.9450303435204,472.8940955697233,34421000
2025-11-25,474.8752136230469,477.0256407210385,462.82888433135173,471.9681767111092,28019800
2025-11-26,483.3475036621094,486.14504291080743,479.06658014921754,484.1539100429923,25709100
2025-11-28,489.82867431640625,490.44592067381114,484.49242217644115,485.4382224868377,14386700
2025-12-01,484.5820007324219,487.68816317334665,482.5012705124726,486.27447583839387,23964000
2025-12-02,487.82757568359375,491.312058367048,484.16389832530854,484.56211884124775,19562700
2025-12-03,475.6119689941406,482.09308589504883,473.0931871020635,474.2082166599713,34615100
2025-12-04,478.7081604003906,479.186043226252,474.3774403367437,477.6329620200481,22318200
2025-12-05,481.01788330078125,481.2568095233099,476.7568601661199,480.3807061976695,22608700
2025-12-08,488.8430480957031,490.11737199051475,482.2325023858298,482.74025101921535,21965900
2025-12-09,489.8385925292969,489.93815525049575,486.33420957194573,486.93155551686203,14696100
2025-12-10,476.4382629394531,482.10303829287767,472.973680864489,481.88401246545567,35756200
2025-12-11,481.3265075683594,483.8751552220924,473.750231167373,474.51683677020293,24669200
2025-12-12,476.4084167480469,480.31105063829824,474.22812377070755,477.69270598810584,21248100
2025-12-15,472.7148742675781,478.588710310573,470.42505317808707,477.97146396596463,23727700
2025-12-16,474.2779235839844,475.7712732838117,468.79234263095657,469.8177748762136,20705600
2025-12-17,474.00909423828125,477.8718969329872,472.8940646732686,474.79560024235434,24527200
2025-12-18,481.8342590332031,487.4293375934554,475.7712630284666,476.06992080908344,28573500
2025-12-19,483.7656555175781,485.68709144559693,480.35083955461556,485.1992432324443,70836100
2025-12-22,482.7701110839844,486.5632169440421,480.5499868948874,483.9647726311972,16963000
2025-12-23,484.6915588378906,485.66719456773416,482.5908977144131,482.829854335465,14683600
2025-12-24,485.8563232421875,486.99128356758627,482.680463867149,483.5267014178325,5855900
2025-12-26,485.5477294921875,485.95591540329985,483.8054881161676,484.5521629916047,8842200
2025-12-29,484.9404296875,486.1848877649252,482.0333622504328,482.71034015280554,10893400
2025-12-30,485.3187561035156,487.5089841188462,483.3475235456682,483.77560983811236,13944500
2025-12-31,481.4758605957031,485.97584057107747,481.15727202744546,485.6771523949816,15601600
2026-01-02,470.84320068359375,482.5112407273309,468.07552715971417,482.24244872265706,25571600
2026-01-05,470.75360107421875,473.95932625248497,467.41844739653146,471.95822796941724,25250300
2026-01-06,476.3885192871094,476.617480129593,467.6673473241013,471.69937935780575,23037700
2026-01-07,481.3265075683594,487.5288974221053,475.83099176167434,477.63296458601815,25564200
2026-01-08,475.9902648925781,480.5201105081445,473.7502403609407,479.10639276886474,18162600
2026-01-09,477.15509033203125,477.6927047258898,470.106493184136,471.9582322108041,18491000
2026-01-12,475.06439208984375,478.85749783991434,473.57104241242143,474.5566738594685,23519900
2026-01-13,468.5832824707031,473.6706125344443,463.88420753037366,472.57548334410274,28545800
2026-01-14,457.3433532714844,466.12425727832346,455.14315976714454,464.3919508718589,28184300
2026-01-15,454.6354064941406,462.191752665677,453.8787662235596,462.06232415810086,23225800
2026-01-16,457.8211975097656,461.13645097900303,454.4562082505655,455.8001987238622,34246700
2026-01-20,452.5048522949219,454.77474258752966,447.28809381488645,449.2194951600843,26130000
2026-01-21,442.1409912109375,450.6829681667298,436.73507280530305,450.5933708341933,37980500
2026-01-22,449.1398620605469,450.8323067932568,442.7284117030413,445.6354487179439,25349400
2026-01-23,463.8841857910156,469.01134678020316,448.5325382185013,449.8665935761158,38000200
2026-01-26,468.1949768066406,472.14737672642065,459.9516880286902,463.2470104625561,29291200
2026-01-27,478.4493408203125,480.72919663912324,471.06225431764057,471.59986874099184,29213900
2026-01-28,479.4946594238281,481.59528998521284,475.8807484603396,481.0676409982362,36875400
2026-01-29,431.57806396484375,440.5381621786467,419.1533835040837,438.0392806211351,128855300
2026-01-30,428.3822937011719,437.65101486434605,424.55932220203715,437.2229285851671,58566800
2026-02-02,421.49298095703125,428.8303011436502,420.37795134689077,428.33251789753194,42219900
2026-02-03,409.3868713378906,420.178808008447,406.7486263222299,420.1390072256922,61424100
2026-02-04,412.35369873046875,417.93881231579195,407.4256323109538,409.17783910585314,45012400
2026-02-05,391.9246520996094,406.4897635323938,390.5806313349955,405.6335909812077,66289200
2026-02-06,399.3615417480469,400.0086538663787,391.17798428483076,397.4002746193236,53515300
2026-02-09,411.76629638671875,413.05058563481117,399.0927243377603,403.0550898097971,45480500
2026-02-10,411.437744140625,421.80159473973595,410.8702943432265,417.75959730190846,44857900
2026-02-11,402.5771789550781,414.61357304478975,399.2320904458023,414.33481566901673,42491000
2026-02-12,400.05841064453125,404.3990960787573,396.24540458526855,403.20440420967,40802400
2026-02-13,399.5407409667969,403.7420326637702,396.2852191820681,402.65686886295305,34091600
2026-02-17,395.1004943847656,398.7442713079252,392.78083787972264,397.45004705087115,32078800
2026-02-18,397.8283386230469,400.77520665339193,394.56288205367116,396.3648548030424,23223400
2026-02-19,397.5988464355469,403.55594539020564,395.8127368785549,399.82403795970674,28234000
2026-02-20,396.37152099609375,399.2552593187824,394.3059873534157,395.2539159508346,34015200
2026-02-23,383.6390686035156,394.50551684604494,382.27203437696886,394.14630950985264,43238300
2026-02-24,388.1593017578125,388.5185091169527,380.88504821898124,383.30981969967445,33884700
2026-02-25,399.7342224121094,400.60233728073825,389.31678308531696,389.68597856263057,43625500
2026-02-26,400.851806640625,406.6093255926281,397.8782360341113,403.8353349281015,34405900
2026-02-27,391.8912048339844,395.9624042352165,389.0374004516944,390.03523926255787,51367200
2026-03-02,397.6886291503906,400.32293811697235,389.78576315389057,392.01092411942045,35474900
2026-03-03,403.0570068359375,405.82103971635513,391.82136299902305,392.2903484387299,38199200
2026-03-04,404.32427978515625,410.14166638677375,399.44483360720756,400.4027502952161,35808000
2026-03-05,409.79241943359375,410.72040218284053,403.525993165685,403.54596943015656,39001300
2026-03-06,408.0761413574219,412.1572983375802,407.6271321747383,408.31564337314285,31123900
2026-03-09,408.5251770019531,409.3234358422322,402.62794618065146,404.044890641513,30131900
2026-03-10,404.8830871582031,409.31349393117443,402.05918625996463,409.1438479339772,31706400
2026-03-11,404.0049743652344,408.1260534422115,400.7220762180728,404.6934855668013,25512100
2026-03-12,400.9914855957031,405.2422886286942,400.84181586601125,403.7555185610488,27263900
2026-03-13,394.69512939453125,403.9251383935716,393.3979511212616,400.13336309353434,26848000
2026-03-16,399.08563232421875,399.7641553863696,393.9367805641587,397.209690545171,27733700
2026-03-17,398.5467834472656,403.5259891234105,396.8903674487218,399.4049101655112,26228300
2026-03-18,390.9432678222656,397.13983817793417,390.1549666521916,396.271723303423,25908500
2026-03-19,388.1792297363281,391.6417315076428,386.2234742615233,389.2569126674818,25138800
2026-03-20,381.0447082519531,386.16362631018524,379.29849030352204,385.95408868282834,50853200
2026-03-23,382.1722717285156,386.3731646745857,380.85511716508233,383.07032058481127,29680100
2026-03-24,371.9344177246094,381.6434000325674,371.04635704379217,381.53362193174286,42733600
2026-03-25,370.2381286621094,376.2451074667104,368.831172255135,376.10542586510894,31181200
2026-03-26,365.1790771484375,373.9101668945663,364.4007640805619,370.01860155518807,36836600
2026-03-27,355.9989318847656,361.6666793192034,355.73951450811694,361.11784971721505,37883400
2026-03-30,358.1842041015625,364.5703662773937,355.51000344849933,361.1178525849577,44797000
2026-03-31,369.3699951171875,372.09407550142714,362.28533367877645,363.7621155862403,45244400
2026-04-01,368.57171630859375,373.1817267376728,367.4042619540212,372.682807332766,29417200
2026-04-02,372.6528625488281,372.83249667260446,363.3629859357669,366.41637016886637,24099100
2026-04-06,372.0741271972656,372.92229624611906,368.70142726638517,372.682794233078,16146600
2026-04-07,371.48541259765625,371.64507045865594,365.7677853538718,369.5396147715723,21443300
2026-04-08,373.52099609375,384.167949815935,370.6073237610428,384.148004001906,33064800
2026-04-09,372.26373291015625,372.6927962909368,366.2567237727329,371.6949574789129,30435300
2026-04-10,370.0684814453125,374.8281921461914,369.23030048358606,372.17393720824543,28111100
2026-04-13,383.539306640625,383.70895264062807,370.2181521550117,372.8025510733858,35745800
2026-04-14,392.2604064941406,393.83700889302276,385.684652281273,387.0816509997633,37504500
2026-04-15,410.3312683105469,413.47445440771634,395.8725939925935,397.1398382929036,45063400
2026-04-16,419.35174560546875,419.9105328997013,411.2492993874727,418.95258572248235,41642400
2026-04-17,421.87628173828125,430.64726300981,419.78081413338697,423.9018933176335,48568200
2026-04-20,417.1664733886719,422.4150847565369,415.40027922801784,420.2398034863272,27582200
2026-04-21,423.2433166503906,426.25677891783357,416.2983670043314,419.33177508554746,32048500
2026-04-22,431.984375,432.7626880248645,422.7543663498755,425.2689090952171,29378200
2026-04-23,414.8514709472656,422.7443793162959,410.5208543154444,418.9825380949446,38308000
2026-04-24,423.7023010253906,424.0316048781353,414.9013556123021,416.0688403922519,27457400
2026-04-27,423.9018859863281,426.1869149113369,416.1686352924954,421.46715688013995,30867300
2026-04-28,428.3222961425781,428.99086152362304,420.9881750222059,423.6524179624475,30438100
2026-04-29,423.5426330566406,425.8975483734993,419.38166246548025,423.6623688360089,38288300
2026-04-30,406.8987121582031,413.5243765293071,397.1498378648014,409.92216255995794,70909400
2026-05-01,413.5443115234375,416.2085240460113,409.5529563541748,411.9078412872606,31372400
2026-05-04,412.72607421875,419.87060358807366,409.91216153093814,410.6505829404435,28066500
2026-05-05,410.4909362792969,415.8792597859335,407.916495085617,414.42242364358015,25700900
2026-05-06,413.0653381347656,417.51572107575487,404.23445872829495,407.11822745622237,30285900
2026-05-07,419.8606262207031,427.05506598481406,417.8549909144547,419.2020489501835,34942400
2026-05-08,414.22283935546875,417.7252633012779,413.105264767488,416.48795292910256,33383800
2026-05-11,411.7681579589844,411.79809190456297,404.6236285818644,406.9885016374445,35657900
2026-05-12,406.8887023925781,414.6020070114768,405.76117016707224,413.58422243338293,38594200
2026-05-13,404.3342590332031,405.4318878236479,400.1633000811369,402.3286237155428,29667100
2026-05-14,408.5451354980469,410.94993067744383,400.013625877668,403.6058516736889,27077500
2026-05-15,421.0081481933594,427.24464052002446,412.01761111071977,413.3746572242232,50771200
2026-05-18,422.6246643066406,424.2012362508279,414.7117792841577,415.71960624154525,32564100
2026-05-19,416.51788330078125,431.7648588737268,415.58987007798993,428.9708919761278,33018700
2026-05-20,420.1499938964844,421.18775475321456,410.4110776678385,413.2749005432513,27864000
2026-05-21,419.0899963378906,426.3399963378906,415.7099914550781,424.75,31393500
2026-05-22,418.57000732421875,424.3999938964844,416.3299865722656,419.5400085449219,22390300
2026-05-26,416.0299987792969,419.7699890136719,413.0199890136719,416.42999267578125,30398000
2026-05-27,412.6700134277344,415.94000244140625,409.5799865722656,411.010009765625,28901500
2026-05-28,426.989990234375,429.489990234375,412.6700134277344,412.9800109863281,47250500
2026-05-29,450.239990234375,450.3299865722656,432.3599853515625,432.54998779296875,79654400
2026-06-01,460.5199890136719,466.32000732421875,458.2699890136719,464.8399963378906,53628900
2026-06-02,441.30999755859375,453.5,440.42999267578125,446.8800048828125,37036800
2026-06-03,427.3399963378906,440.3900146484375,424.25,438.45001220703125,39037000
2026-06-04,428.04998779296875,436.1499938964844,426.4100036621094,435.80999755859375,26899500
2026-06-05,416.6700134277344,429.4700012207031,414.3999938964844,428.3399963378906,34782200
2026-06-08,411.739990234375,417.1600036621094,408.55999755859375,414.1400146484375,32086700
2026-06-09,403.4100036621094,411.9800109863281,398.4800109863281,409.0299987792969,35317300
2026-06-10,397.3599853515625,405.0400085449219,397.1600036621094,398.54998779296875,32576000
2026-06-11,390.3399963378906,396.8500061035156,384.0,395.2099914550781,47224100
2026-06-12,390.739990234375,391.739990234375,382.2699890136719,391.42999267578125,34865800
2026-06-15,399.760009765625,401.75,392.8500061035156,396.79998779296875,32266400
2026-06-16,393.8299865722656,396.8399963378906,390.69000244140625,395.7900085449219,31506800
2026-06-17,378.9100036621094,390.3699951171875,377.32000732421875,390.25,41987800
2026-06-18,379.3999938964844,381.3699951171875,373.2799987792969,377.82000732421875,59714200
2026-06-22,367.3399963378906,381.6300048828125,367.07000732421875,375.739990234375,45171100
2026-06-23,373.94000244140625,377.2200012207031,370.6700134277344,372.3800048828125,40647600
2026-06-24,365.4599914550781,378.8800048828125,364.7799987792969,371.57000732421875,44509900
2026-06-25,352.8299865722656,364.2300109863281,349.20001220703125,362.7699890136719,66179000
2026-06-26,372.9700012207031,376.6099853515625,355.42999267578125,357.1499938964844,186201600
2026-06-29,368.57000732421875,380.5,359.8999938964844,377.5,51229900
2026-06-30,373.0199890136719,374.1499938964844,367.45001220703125,371.0299987792969,44945700
2026-07-01,384.2799987792969,388.8299865722656,374.8900146484375,380.8299865722656,48065800
2026-07-02,390.489990234375,392.20001220703125,383.70001220703125,384.4800109863281,42128900
2026-07-06,386.739990234375,389.1499938964844,381.2200012207031,387.0400085449219,34224500
2026-07-07,388.8399963378906,395.57000732421875,388.2200012207031,392.489990234375,29297500
2026-07-08,383.3399963378906,385.30999755859375,381.3299865722656,384.0299987792969,25908300
2026-07-09,384.3599853515625,384.6499938964844,373.3500061035156,374.45001220703125,31083200
2026-07-10,385.1000061035156,391.9100036621094,381.5,387.79998779296875,24644600
2026-07-13,390.989990234375,393.6499938964844,384.1499938964844,387.75,28914900
2026-07-14,384.92999267578125,388.19000244140625,378.6499938964844,382.82000732421875,27863900
2026-07-15,395.6300048828125,398.9599914550781,386.3999938964844,387.79998779296875,36253700
2026-07-16,401.1000061035156,405.989990234375,392.04998779296875,398.30999755859375,37047400
2026-07-17,393.82000732421875,398.3900146484375,389.3900146484375,394.8599853515625,33049800
2026-07-20,402.2900085449219,403.17999267578125,389.6499938964844,391.4100036621094,27915800
2026-07-21,397.75,401.4700012207031,396.32000732421875,398.80999755859375,24126600
2026-07-22,390.3399963378906,401.0,386.9599914550781,399.5799865722656,28142500
2026-07-23,381.5799865722656,391.7799987792969,377.3900146484375,389.9700012207031,30351800
2026-07-24,381.70001220703125,389.0299987792969,380.6499938964844,387.04998779296875,27659400
2026-07-27,389.1000061035156,394.20001220703125,387.989990234375,390.0799865722656,27856200
2026-07-28,393.3500061035156,400.32000732421875,391.29998779296875,393.1600036621094,32367500
2026-07-29,390.5400085449219,401.25,388.739990234375,393.3999938964844,47209000
2026-07-30,451.1000061035156,458.69000244140625,432.44000244140625,437.8999938964844,110160700
2026-07-31,464.7200012207031,466.8399963378906,449.3299865722656,450.0,60846000
2026-08-03,487.6499938964844,491.6499938964844,475.0,476.1300048828125,66762100
2026-08-04,492.80999755859375,499.44000244140625,479.1700134277344,480.8999938964844,50455500
2026-08-05,487.4599914550781,498.239990234375,485.67999267578125,496.3599853515625,33388900
