Date,AAPL,BAC,COP,COST,CVX,EWA,EWC,GOOGL,GS,JNJ,JPM,KO,MCD,META,MRK,MS,MSFT,NVDA,PEP,PFE,QQQ,SLB,SPY,UNH,WMT,XOM
2021-09-13,145.8667449951172,36.222957611083984,48.23175811767578,435.6072692871094,80.17469787597656,21.175384521484375,33.78001403808594,140.99087524414062,362.5542907714844,144.1925048828125,141.06149291992188,48.3608283996582,214.68862915039062,373.232421875,62.61113739013672,89.0323257446289,285.0294189453125,22.054859161376953,132.4472198486328,34.21607971191406,365.2242431640625,25.170602798461914,417.38739013671875,381.0357971191406,45.42182922363281,46.4680061340332
2021-09-14,144.47193908691406,35.24969482421875,47.68738555908203,434.422607421875,78.7261962890625,20.96371078491211,33.51780319213867,141.20086669921875,357.6199951171875,143.3228302001953,138.59957885742188,48.395591735839844,214.61741638183594,373.25225830078125,62.24858856201172,86.90886688232422,287.7166748046875,22.14446258544922,131.92849731445312,34.31585693359375,364.1859130859375,24.776611328125,415.13494873046875,379.2156677246094,45.18385696411133,45.80501174926758
2021-09-15,145.35952758789062,35.515132904052734,49.68064880371094,436.6211853027344,80.39566040039062,21.167240142822266,33.969886779785156,143.068115234375,356.07861328125,143.8619842529297,139.5614013671875,48.560707092285156,214.48390197753906,370.6650390625,62.852848052978516,87.87250518798828,292.5440979003906,22.243026733398438,132.66830444335938,34.36191177368164,366.8934631347656,26.182437896728516,418.6025085449219,383.79339599609375,45.26214599609375,47.34920120239258
2021-09-16,145.12545776367188,35.789405822753906,49.605262756347656,439.06622314453125,79.64276123046875,21.102113723754883,33.6715087890625,142.25633239746094,351.409912109375,143.6880645751953,139.49960327148438,48.100128173828125,216.4686737060547,369.8125,62.127723693847656,87.38641357421875,292.9279479980469,22.14446258544922,132.2771453857422,34.13166046142578,367.145751953125,25.842174530029297,417.9388427734375,383.1683349609375,45.41243362426758,46.84566116333008
2021-09-17,142.4627227783203,35.83364486694336,49.34564208984375,435.4650573730469,79.18448638916016,20.711332321166992,33.23750305175781,139.47279357910156,346.78570556640625,143.2793426513672,139.13783264160156,47.3093147277832,215.82789611816406,361.5450744628906,61.87738800048828,86.77240753173828,287.7933654785156,21.8039608001709,131.06114196777344,33.686500549316406,362.7979736328125,25.34969139099121,413.8677062988281,386.22021484375,45.31848907470703,46.291778564453125
2021-09-20,139.41957092285156,34.60380554199219,47.796260833740234,427.5330505371094,77.56410217285156,20.174009323120117,32.55937194824219,137.41192626953125,334.9769592285156,142.46182250976562,134.97286987304688,46.97909164428711,212.8017120361328,352.6036376953125,62.09318542480469,84.11168670654297,282.44769287109375,21.020414352416992,130.61900329589844,33.9244270324707,355.3013916015625,24.400531768798828,406.9667663574219,379.36279296875,44.69538497924805,45.05810546875
2021-09-21,139.8974609375,34.621498107910156,49.68900680541992,428.4521179199219,77.62141418457031,20.410104751586914,32.695003509521484,137.72250366210938,332.9482421875,143.08798217773438,134.99049377441406,46.970401763916016,214.05670166015625,354.36810302734375,62.127723693847656,83.83024597167969,282.9275817871094,21.152830123901367,130.55947875976562,33.70952224731445,355.7386474609375,24.113994598388672,406.5823974609375,379.03192138671875,44.78305435180664,45.01614761352539
2021-09-22,142.25787353515625,35.515132904052734,52.142887115478516,428.6607666015625,79.90461730957031,20.54036521911621,33.10187911987305,138.961181640625,341.47930908203125,142.56617736816406,137.57595825195312,47.0399284362793,216.3975067138672,340.2222900390625,62.18814468383789,85.9622573852539,286.55535888671875,21.844783782958984,130.95913696289062,33.732540130615234,359.06134033203125,24.310989379882812,410.5484313964844,375.6858825683594,44.67973709106445,46.333736419677734
2021-09-23,143.2137451171875,36.88653564453125,53.35726547241211,429.08721923828125,81.88505554199219,20.849733352661133,33.51780319213867,139.88490295410156,347.1400451660156,143.375,142.2262420654297,46.961708068847656,217.8660888671875,342.9483337402344,63.06003952026367,88.30744171142578,287.4958801269531,22.383407592773438,131.06114196777344,33.916748046875,362.3743896484375,25.86008644104004,415.5366516113281,375.0699768066406,44.70478820800781,47.9030876159668
2021-09-24,143.30152893066406,37.2846794128418,54.45439529418945,443.2738342285156,82.32697296142578,20.621776580810547,33.36409378051758,140.87448120117188,346.245361328125,142.94012451171875,143.86753845214844,46.83135986328125,219.32574462890625,349.8874816894531,63.54343795776367,87.76166534423828,287.29437255859375,21.98416519165039,131.12066650390625,33.72488021850586,362.7144470214844,25.976491928100586,416.2210998535156,374.19677734375,44.83002853393555,48.33108901977539
2021-09-27,141.7897186279297,38.27564239501953,55.86977767944336,436.46014404296875,84.26651000976562,20.743896484375,33.635337829589844,139.74227905273438,354.1827697753906,141.90521240234375,147.34422302246094,46.58803939819336,220.8299560546875,350.50201416015625,63.3276252746582,89.6292953491211,282.3229675292969,21.565017700195312,129.86221313476562,33.44089126586914,359.8192443847656,27.033100128173828,415.0302734375,372.532958984375,44.541954040527344,49.76615905761719
2021-09-28,138.41494750976562,38.187164306640625,56.78266143798828,423.9413757324219,84.58564758300781,20.1333065032959,33.00242233276367,134.54966735839844,345.0494079589844,141.59214782714844,146.550048828125,45.74509811401367,216.96714782714844,337.6845703125,63.29308319091797,87.01972961425781,272.1018371582031,20.608224868774414,128.4421844482422,33.03410720825195,349.6371765136719,27.67781639099121,406.6667175292969,366.420166015625,43.99398422241211,50.2864875793457
2021-09-29,139.31228637695312,38.1075439453125,56.98365020751953,428.1490783691406,84.56108856201172,20.07631492614746,32.83062744140625,133.0870361328125,340.9654846191406,142.64443969726562,146.43533325195312,46.02317428588867,217.42105102539062,336.65362548828125,64.82103729248047,84.896240234375,272.5625,20.427030563354492,129.50509643554688,33.41019058227539,349.0639953613281,27.158462524414062,407.3512268066406,368.0655212402344,43.97519302368164,50.2529182434082
2021-09-30,138.01502990722656,37.55897521972656,56.757530212402344,425.83673095703125,83.0225830078125,20.206573486328125,32.82158279418945,132.4159698486328,334.8883972167969,140.45291137695312,144.44110107421875,45.59736251831055,214.59963989257812,336.435546875,64.83831787109375,82.98596954345703,270.56634521484375,20.625158309936523,127.8979721069336,33.01107406616211,347.7814636230469,26.54061508178711,402.3723449707031,359.1766357421875,43.643280029296875,49.363338470458984
2021-10-01,139.1366729736328,38.11638641357422,58.70891189575195,424.8700866699219,85.37945556640625,20.304269790649414,33.119964599609375,135.25592041015625,336.6335754394531,139.55711364746094,147.47657775878906,46.075313568115234,216.21949768066406,340.0240783691406,70.26813507080078,84.46984100341797,277.4571533203125,20.651039123535156,128.3571319580078,32.94966506958008,349.93841552734375,27.185325622558594,407.1543273925781,360.7301330566406,42.91370391845703,51.13412094116211
2021-10-04,135.71315002441406,38.3464241027832,59.87302780151367,417.1086730957031,85.69863891601562,20.393821716308594,33.1380500793457,132.39959716796875,331.4511413574219,138.4700164794922,147.3177490234375,46.04924774169922,216.35301208496094,323.39019775390625,71.73564910888672,82.84953308105469,271.7083740234375,19.645471572875977,127.71937561035156,32.55824661254883,342.59332275390625,27.650949478149414,401.90350341796875,355.74798583984375,42.5003776550293,51.79710006713867
2021-10-05,137.63461303710938,39.12503433227539,60.07404708862305,422.8893737792969,86.63156127929688,20.613636016845703,33.36409378051758,134.7408447265625,341.7805480957031,138.78311157226562,149.72349548339844,46.12746047973633,218.2577362060547,330.06158447265625,70.44075775146484,84.59777069091797,277.130859375,20.361316680908203,128.47621154785156,32.481483459472656,347.2180480957031,27.39127540588379,406.08538818359375,361.6494140625,42.77906036376953,51.71317672729492
2021-10-06,138.50270080566406,39.142738342285156,60.14102554321289,425.82720947265625,85.87046813964844,20.458951950073242,33.33696365356445,136.26832580566406,343.7648620605469,139.07008361816406,150.04307556152344,46.67494583129883,219.9309844970703,330.73565673828125,69.62931823730469,84.51249694824219,281.30560302734375,20.609224319458008,131.76695251464844,32.2512321472168,349.4429016113281,26.80924415588379,407.7731018066406,362.4031677246094,43.09218978881836,50.764854431152344
2021-10-07,139.7609100341797,39.036556243896484,59.88977813720703,429.1724853515625,86.4842529296875,20.719472885131836,33.861385345458984,137.9126739501953,346.04156494140625,140.31375122070312,150.99290466308594,46.82267761230469,221.01687622070312,326.35406494140625,70.7342758178711,84.25664520263672,282.9755554199219,20.982580184936523,132.98292541503906,32.80384826660156,352.6490173339844,27.776309967041016,411.2985534667969,372.0090026855469,43.59944534301758,50.90751647949219
2021-10-08,139.38055419921875,39.2312126159668,62.74565887451172,428.20587158203125,88.42376708984375,20.73575782775879,34.09646987915039,138.4678955078125,347.981689453125,139.95716857910156,151.1083221435547,47.0312385559082,220.46505737304688,327.1768493652344,69.60343170166016,85.31412506103516,282.9755554199219,20.739652633666992,132.67678833007812,32.58126449584961,350.8905029296875,28.349390029907227,410.5484313964844,375.4652404785156,43.730960845947266,52.183143615722656
2021-10-11,139.29270935058594,38.7357292175293,61.95003890991211,426.1684265136719,87.67086791992188,20.752038955688477,34.00605392456055,137.60462951660156,341.2755126953125,139.36578369140625,147.93026733398438,47.126827239990234,219.4681854248047,322.6169128417969,68.9991455078125,82.96890258789062,282.3805847167969,20.604244232177734,132.85536193847656,32.28193283081055,348.1993408203125,29.06572914123535,407.5761413574219,372.2755126953125,43.69025421142578,51.66282653808594
2021-10-12,138.02476501464844,38.523380279541016,61.481048583984375,423.4864196777344,87.68724060058594,20.874155044555664,34.13264083862305,135.162841796875,342.4183654785156,137.13941955566406,146.79396057128906,47.126827239990234,217.63465881347656,320.9515686035156,68.70563507080078,83.38677978515625,281.0849304199219,20.580350875854492,133.4420928955078,32.120758056640625,346.9848327636719,29.441818237304688,406.57293701171875,370.66693115234375,43.643280029296875,51.39427185058594
2021-10-13,137.4395294189453,38.169471740722656,61.330291748046875,421.99859619140625,88.21099853515625,20.96371078491211,34.50334930419922,136.28512573242188,342.2234191894531,138.45262145996094,142.92349243164062,47.135520935058594,215.9702606201172,321.71484375,68.15316009521484,84.06050872802734,284.3768005371094,20.84717559814453,134.34344482421875,31.790712356567383,349.7635192871094,29.33436393737793,408.03558349609375,370.9518737792969,43.32703399658203,51.251609802246094
2021-10-14,140.2193145751953,39.877105712890625,61.84955596923828,427.07818603515625,89.04570007324219,21.199810028076172,35.00064468383789,139.8205108642578,346.5552978515625,139.24404907226562,145.11618041992188,47.45704650878906,217.66134643554688,325.6700744628906,67.61795806884766,86.1413345336914,290.5574035644531,21.650634765625,135.42337036132812,31.98259162902832,356.20501708984375,30.014896392822266,414.8991394042969,386.404052734375,43.796714782714844,52.032073974609375
2021-10-15,141.27276611328125,41.02731704711914,62.09241485595703,428.7176818847656,89.70040893554688,21.29749870300293,35.253822326660156,140.03546142578125,359.7283935546875,140.27894592285156,147.90362548828125,47.344085693359375,215.6142578125,321.9328918457031,67.61795806884766,87.10499572753906,291.9586181640625,21.766128540039062,135.0406951904297,31.844453811645508,358.4493408203125,30.444704055786133,418.0588073730469,393.4912109375,44.00963592529297,52.5272331237793
2021-10-18,142.940673828125,40.94768142700195,62.393917083740234,437.77740478515625,89.65946960449219,21.191667556762695,35.30805969238281,141.4321746826172,366.478759765625,139.25271606445312,147.8503875732422,46.874813079833984,215.62315368652344,332.4208068847656,66.5993423461914,86.48246765136719,294.91455078125,22.124553680419922,134.42849731445312,31.71396827697754,362.0538024902344,30.58796501159668,419.2966003417969,390.3198547363281,44.36346435546875,52.5020637512207
2021-10-19,145.09619140625,41.124637603759766,63.08067321777344,442.638916015625,91.41075897216797,21.484752655029297,35.56122970581055,141.88685607910156,365.12335205078125,142.51400756835938,149.64358520507812,47.057308197021484,216.0771026611328,337.03033447265625,68.61933135986328,86.77240753173828,295.8166809082031,22.192251205444336,136.13763427734375,32.304962158203125,364.7936096191406,30.928237915039062,422.5313720703125,390.09930419921875,45.305973052978516,53.290916442871094
2021-10-20,145.5839080810547,41.66436004638672,63.666927337646484,445.1882019042969,92.6055679321289,21.680143356323242,35.850582122802734,140.43267822265625,361.3406982421875,142.4357452392578,151.65869140625,47.47443771362305,213.3624725341797,337.81341552734375,69.98323822021484,85.84285736083984,295.0297546386719,22.006071090698242,137.16653442382812,32.84989929199219,364.31756591796875,31.107318878173828,424.19091796875,399.94415283203125,45.71616744995117,53.58464813232422
2021-10-21,145.7984619140625,41.434326171875,62.469276428222656,452.2578125,91.44351196289062,21.476608276367188,35.71494674682617,140.548583984375,361.07489013671875,142.10523986816406,150.46914672851562,47.231109619140625,214.85772705078125,338.9039001464844,70.069580078125,85.518798828125,298.244873046875,22.592487335205078,135.35531616210938,32.89594650268555,366.5424499511719,30.71332550048828,425.29730224609375,406.5533752441406,45.96980285644531,52.611148834228516
2021-10-22,145.02793884277344,42.08905792236328,63.4156608581543,456.7687683105469,92.31096649169922,21.606868743896484,35.769195556640625,136.26980590820312,367.036865234375,142.383544921875,152.49317932128906,47.31800842285156,212.2231903076172,321.7841796875,70.05230712890625,86.81505584716797,296.7092590332031,22.6263370513916,136.027099609375,33.12620544433594,363.4625549316406,30.364110946655273,424.856689453125,412.87762451171875,46.448883056640625,52.97201919555664
2021-10-25,144.97914123535156,42.03595733642578,64.08568572998047,464.4543151855469,93.17022705078125,21.73712921142578,35.82344436645508,136.1514129638672,367.4176940917969,142.6966552734375,151.74749755859375,47.126827239990234,211.24411010742188,325.8287353515625,70.4925537109375,86.90886688232422,295.7207946777344,23.064414978027344,135.38937377929688,33.11853790283203,367.1837158203125,30.767059326171875,427.13507080078125,413.180908203125,46.98745346069336,54.00425720214844
2021-10-26,145.64242553710938,42.43412399291992,64.5128173828125,460.12347412109375,93.37482452392578,21.696422576904297,35.552188873291016,137.99537658691406,369.951416015625,144.1489715576172,152.1558074951172,47.33539962768555,210.4252471923828,313.0608215332031,71.00189208984375,88.2392349243164,297.6209716796875,24.60860824584961,137.04750061035156,33.43321228027344,368.33978271484375,30.677501678466797,427.51947021484375,417.9149475097656,46.57725143432617,55.25471878051758
2021-10-27,145.18399047851562,41.62012481689453,62.709781646728516,463.51611328125,91.71356964111328,21.623149871826172,35.262855529785156,144.83926391601562,364.0869140625,142.4009552001953,148.9866485595703,48.247859954833984,216.04147338867188,309.5021057128906,70.38897705078125,86.87474060058594,310.155029296875,24.34377098083496,136.57125854492188,32.98038101196289,369.19482421875,29.137365341186523,425.62548828125,416.84869384765625,46.195247650146484,53.81962966918945
2021-10-28,148.81236267089844,42.27485656738281,63.31642532348633,465.61383056640625,92.57284545898438,21.859249114990234,35.805362701416016,144.47422790527344,367.47979736328125,141.626953125,151.2326202392578,48.699745178222656,218.50689697265625,314.1611633300781,74.71382904052734,88.01683044433594,311.2875671386719,24.831626892089844,137.4301300048828,33.14155197143555,373.2947998046875,29.81789779663086,429.7322998046875,418.6503601074219,46.48332214355469,53.97069549560547
2021-10-29,146.11058044433594,42.27485656738281,62.76032257080078,466.5726318359375,93.6939926147461,21.541736602783203,35.42560958862305,146.65052795410156,366.1776123046875,141.6530303955078,150.81539916992188,48.98651885986328,218.55140686035156,320.7532653808594,76.00872039794922,88.25725555419922,318.2648010253906,25.454883575439453,137.4131317138672,33.57136535644531,375.13104248046875,28.886642456054688,430.6043395996094,423.2739562988281,46.78704833984375,54.10497283935547
2021-11-01,145.29127502441406,42.336795806884766,62.84457778930664,466.88580322265625,93.72671508789062,21.54987907409668,35.84153366088867,142.1444091796875,369.145263671875,141.77476501464844,150.73548889160156,48.81272506713867,223.02835083007812,327.1075134277344,75.82740783691406,89.30487823486328,316.1053771972656,25.713741302490234,137.1240234375,33.4946174621582,376.4135437011719,29.81789779663086,431.3450622558594,417.4277648925781,46.90291213989258,55.07847595214844
2021-11-02,146.32518005371094,42.36334228515625,61.53023147583008,471.7456970214844,93.15387725830078,21.30564308166504,35.56122970581055,144.0616455078125,375.47930908203125,144.0098419189453,151.3302459716797,48.751888275146484,221.83570861816406,325.2239990234375,76.84603881835938,89.87162017822266,319.7140197753906,26.285221099853516,138.38255310058594,34.883827209472656,377.9875183105469,29.72835350036621,433.0890197753906,415.52490234375,46.88099670410156,54.39870834350586
2021-11-03,147.75897216796875,42.796875,61.28588104248047,476.8145446777344,92.48283386230469,21.468467712402344,35.81440734863281,145.21617126464844,370.20831298828125,143.54893493652344,151.38352966308594,48.917015075683594,222.86814880371094,328.7331848144531,76.55254364013672,88.11128234863281,320.5488586425781,26.48135757446289,139.70907592773438,34.40030288696289,381.9999084472656,29.531362533569336,435.7331237792969,420.3876037597656,47.025028228759766,53.651798248291016
2021-11-04,147.24205017089844,41.876708984375,61.76613998413086,489.4294738769531,92.89201354980469,21.36263084411621,35.669734954833984,146.86993408203125,361.5001220703125,143.1488494873047,149.39498901367188,49.18639373779297,225.59169006347656,332.9263610839844,78.15817260742188,85.68974304199219,322.89068603515625,29.67030906677246,139.71754455566406,33.95121765136719,386.896728515625,29.683582305908203,437.7864990234375,419.8637390136719,47.36946487426758,54.05462646484375
2021-11-05,147.76951599121094,41.55818557739258,63.569183349609375,487.0564270019531,93.8985824584961,21.517314910888672,35.859615325927734,147.4488983154297,360.62310791015625,142.13133239746094,149.1819610595703,49.39496994018555,226.7042694091797,338.160400390625,70.44940185546875,85.7584457397461,322.5259094238281,29.621536254882812,141.15457153320312,37.63669204711914,387.26593017578125,30.005939483642578,439.3053894042969,418.99041748046875,47.040679931640625,54.56654357910156
2021-11-08,146.948974609375,41.88555145263672,63.97358322143555,478.2193603515625,94.23411560058594,21.55802345275879,36.04045104980469,147.62625122070312,361.73931884765625,141.64434814453125,150.0785675048828,48.9517707824707,225.27127075195312,335.6722717285156,71.3730697631836,85.93017578125,323.4184875488281,30.668916702270508,138.118896484375,37.41989517211914,386.7413330078125,30.71332550048828,439.6804504394531,425.25030517578125,46.740081787109375,55.15400695800781
2021-11-09,147.31039428710938,41.47855758666992,63.82192611694336,482.87042236328125,94.9297103881836,21.39519691467285,36.04045104980469,147.5148162841797,359.090576171875,141.33123779296875,148.94232177734375,49.0908088684082,224.87074279785156,332.4505615234375,71.4075927734375,85.62104034423828,322.4204406738281,30.522560119628906,139.03726196289062,36.62240982055664,384.07916259765625,30.570064544677734,438.2271728515625,426.840576171875,46.90291213989258,55.69111251831055
2021-11-10,144.4874725341797,41.78824234008789,61.504966735839844,479.8330993652344,93.41576385498047,21.13467788696289,35.69686508178711,144.51829528808594,353.5715637207031,142.8618927001953,148.80023193359375,49.290687561035156,225.29798889160156,324.7878723144531,72.52119445800781,83.95514678955078,317.4778137207031,29.32981300354004,139.4879150390625,37.954132080078125,378.4343566894531,29.307497024536133,434.70166015625,422.7500915527344,46.480194091796875,54.59397888183594
2021-11-11,144.43862915039062,42.018272399902344,60.78037643432617,486.1641845703125,93.42394256591797,21.036983489990234,35.678775787353516,144.3925018310547,356.424072265625,141.80953979492188,148.79136657714844,49.30806350708008,222.65452575683594,324.88702392578125,72.52981567382812,84.90833282470703,319.04217529296875,30.256731033325195,138.33999633789062,38.852272033691406,379.483642578125,29.352272033691406,434.84228515625,420.4428405761719,46.49898147583008,54.696022033691406
2021-11-12,146.5094451904297,41.505104064941406,60.96572494506836,490.9006652832031,93.48123168945312,21.224231719970703,36.16703414916992,147.27658081054688,358.7007751464844,143.50546264648438,148.12557983398438,49.19509506225586,223.1084442138672,337.9225769042969,72.51255798339844,85.74125671386719,323.1593322753906,30.256731033325195,138.30596923828125,38.50385284423828,383.4768371582031,29.33436393737793,438.12396240234375,421.91357421875,46.26726150512695,54.2792854309082
2021-11-15,146.51919555664062,41.62896728515625,61.26905059814453,493.4825744628906,95.60076904296875,21.24051284790039,36.07661819458008,147.05267333984375,358.6121826171875,142.2095947265625,147.85926818847656,49.20377731323242,225.1288604736328,344.5344543457031,72.24496459960938,86.0503921508789,322.5355224609375,29.893329620361328,139.28387451171875,38.441932678222656,383.3893737792969,29.298545837402344,438.27398681640625,414.3851013183594,46.00111389160156,54.74705123901367
2021-11-16,147.49598693847656,41.655521392822266,61.201663970947266,499.965576171875,95.97721862792969,21.11839485168457,36.00428009033203,146.4821319580078,357.0885009765625,141.47039794921875,146.79396057128906,48.85617446899414,224.70164489746094,339.9745178222656,72.60749816894531,86.46257019042969,325.83709716796875,30.07054901123047,138.8671875,38.4031982421875,386.1194763183594,29.450773239135742,440.0086364746094,413.3004455566406,44.83002853393555,55.29987716674805
2021-11-17,149.92822265625,41.151187896728516,60.637149810791016,499.5574035644531,95.54676055908203,20.77646255493164,35.742069244384766,146.65150451660156,346.8653564453125,142.0009002685547,146.0039520263672,48.58678436279297,224.90635681152344,337.8035888671875,71.30400085449219,83.87788391113281,326.0581359863281,29.132678985595703,138.91819763183594,39.386505126953125,386.3235778808594,28.70755958557129,438.939697265625,412.6846008300781,44.44487762451172,54.696022033691406
2021-11-18,154.2065887451172,40.98308181762695,61.26905059814453,502.4809875488281,94.7437744140625,20.792743682861328,35.83249282836914,148.42611694335938,346.70599365234375,141.23558044433594,144.74334716796875,48.15226364135742,225.60948181152344,335.7417297363281,71.69247436523438,83.87788391113281,328.1253356933594,31.536096572875977,138.96072387695312,39.80460739135742,390.3263854980469,28.528474807739258,440.4305419921875,413.1625671386719,44.8268928527832,54.100669860839844
2021-11-19,156.82440185546875,40.1690788269043,58.648765563964844,506.6764221191406,92.64111328125,20.621776580810547,35.48890686035156,147.52268981933594,343.1800842285156,141.66172790527344,142.85250854492188,47.908939361572266,224.2477264404297,342.29412841796875,69.66385650634766,83.2166748046875,329.8944396972656,32.840354919433594,139.29237365722656,39.332313537597656,392.50262451171875,26.907737731933594,439.6430358886719,404.45751953125,44.58578109741211,51.600181579589844
2021-11-22,157.28347778320312,40.94768142700195,60.569732666015625,512.23876953125,94.29674530029297,20.597354888916016,35.127235412597656,144.9229278564453,350.9493103027344,139.79718017578125,145.8973846435547,48.20440673828125,225.60948181152344,338.0414733886719,70.47528839111328,85.28614807128906,326.7407531738281,31.81586456298828,139.5814208984375,39.64201354980469,387.9460754394531,27.167415618896484,438.4052734375,402.1962585449219,45.33415603637695,52.31460189819336
2021-11-23,157.6644287109375,42.02712631225586,62.16212844848633,517.5640258789062,96.27523803710938,20.86601448059082,35.36231994628906,144.40785217285156,359.967529296875,140.66378784179688,149.38613891601562,48.560707092285156,227.54092407226562,334.314208984375,71.47666931152344,87.46725463867188,324.6736145019531,31.60679054260254,140.51683044433594,39.54910659790039,386.17779541015625,27.91957664489746,438.98663330078125,411.0115966796875,45.65666961669922,53.692440032958984
2021-11-24,158.18215942382812,42.14213943481445,63.046791076660156,521.8067626953125,97.01200103759766,20.784605026245117,35.54315185546875,144.74267578125,353.6335754394531,140.26988220214844,148.21434020996094,48.169647216796875,228.84034729003906,338.0910339355469,71.02776336669922,86.83181762695312,324.894775390625,32.53071212768555,139.2328338623047,39.402000427246094,387.42138671875,28.125530242919922,440.15869140625,413.79681396484375,45.885250091552734,53.99009704589844
2021-11-26,153.17115783691406,40.48760223388672,60.22429656982422,518.3898315429688,94.79344940185547,19.994901657104492,34.53047180175781,140.84280395507812,344.95196533203125,139.35946655273438,143.74908447265625,46.69232177734375,222.52099609375,330.22021484375,68.3344497680664,84.09254455566406,316.9817199707031,31.364850997924805,137.02198791503906,41.809940338134766,380.07635498046875,26.59433937072754,430.3416748046875,404.3747863769531,45.37173080444336,52.09347915649414
2021-11-29,156.52162170410156,40.337196350097656,60.78879165649414,526.6953735351562,95.07489776611328,20.149585723876953,34.60280990600586,144.15870666503906,342.42724609375,139.8409423828125,143.127685546875,47.43098068237305,222.77914428710938,335.08740234375,64.64839935302734,83.4914779663086,323.6640625,33.22963333129883,139.57296752929688,40.57112121582031,388.3249206542969,26.549564361572266,435.62054443359375,415.4881286621094,44.66093826293945,52.382652282714844
2021-11-30,161.46417236328125,39.34623336791992,59.086883544921875,511.9826354980469,93.43582153320312,19.913488388061523,33.798095703125,140.55996704101562,337.5105895996094,136.4970245361328,140.99716186523438,45.93343734741211,218.9127960205078,321.635498046875,64.66568756103516,81.4219970703125,317.8567199707031,32.53269577026367,135.86550903320312,41.60089111328125,382.621826171875,25.78972625732422,427.14447021484375,408.3366394042969,44.03469467163086,50.894256591796875
2021-12-01,160.94642639160156,38.788822174072266,58.30332565307617,502.9272155761719,92.79840087890625,19.742521286010742,33.32792663574219,139.72193908691406,335.2752990722656,138.37905883789062,140.16268920898438,45.802066802978516,218.5369110107422,307.89617919921875,64.25993347167969,81.7998275756836,317.3663330078125,31.30097770690918,136.1886749267578,42.33644104003906,376.1123046875,25.519960403442383,422.40008544921875,408.4469909667969,42.94187545776367,50.85173797607422
2021-12-02,159.9598846435547,39.90900421142578,60.038936614990234,498.817138671875,95.3149642944336,20.07631492614746,33.924678802490234,141.61839294433594,345.12481689453125,137.512451171875,143.10992431640625,46.47641372680664,222.67172241210938,307.6880187988281,63.785152435302734,84.89114379882812,316.799072265625,31.989030838012695,137.5027313232422,41.066650390625,378.8230285644531,26.365230560302734,428.8696594238281,409.99127197265625,42.41896438598633,52.11899185180664
2021-12-03,158.08444213867188,39.00218963623047,59.91256332397461,502.0633239746094,94.71066284179688,19.791372299194336,33.59917449951172,140.66297912597656,340.8412780761719,139.51705932617188,140.5177459716797,46.88801956176758,223.14610290527344,304.1689147949219,63.310359954833984,84.33299255371094,310.5686340332031,30.562145233154297,141.0041046142578,42.01899337768555,372.23577880859375,26.293289184570312,425.137939453125,414.3717956542969,43.057743072509766,51.78729248046875
2021-12-06,161.48370361328125,39.251129150390625,61.344871520996094,506.1164855957031,96.19245147705078,20.07631492614746,34.23209762573242,141.8056182861328,346.69219970703125,142.6333770751953,142.17782592773438,48.08779525756836,228.92767333984375,315.1029052734375,63.37942886352539,85.24320983886719,313.6261901855469,29.9089412689209,142.46795654296875,39.85881042480469,375.2185363769531,26.985694885253906,430.1729736328125,424.3225402832031,43.5242919921875,52.3741455078125
2021-12-07,167.20770263671875,39.74897766113281,62.82771682739258,514.488525390625,97.61628723144531,20.458951950073242,35.03681182861328,145.88136291503906,356.31903076171875,143.00100708007812,144.31724548339844,48.350528717041016,232.61502075195312,319.9998474121094,62.39533233642578,88.01683044433594,322.0198974609375,32.28874969482422,142.3052978515625,40.04463577270508,386.517822265625,27.660110473632812,439.0710144042969,428.58319091796875,43.383384704589844,52.96099853515625
2021-12-08,171.0172119140625,39.26000213623047,62.44015884399414,503.1834716796875,98.05504608154297,20.638059616088867,34.80173110961914,146.78968811035156,353.8344421386719,143.85888671875,142.66604614257812,48.166622161865234,232.31964111328125,327.68243408203125,63.19814682006836,86.94343566894531,322.0679931640625,31.690311431884766,142.55355834960938,39.796871185302734,388.2472229003906,27.92987632751465,440.23370361328125,432.3919372558594,42.94501495361328,53.11408233642578
2021-12-09,170.50927734375,39.553401947021484,61.125831604003906,497.6970520019531,97.79841613769531,20.515945434570312,34.421974182128906,146.2468719482422,353.0951843261719,145.2244873046875,142.4441680908203,48.04400634765625,234.789794921875,326.9488525390625,62.895999908447266,86.36813354492188,320.27008056640625,30.360004425048828,142.37380981445312,40.3233642578125,382.53436279296875,27.53421974182129,437.26141357421875,436.50506591796875,43.54235076904297,53.250160217285156
2021-12-10,175.2858123779297,39.58006286621094,61.91778564453125,530.4352416992188,97.9639892578125,20.54850959777832,34.385807037353516,146.60643005371094,348.25958251953125,144.86561584472656,141.8759765625,49.287593841552734,237.14364624023438,326.8795166015625,62.68883514404297,84.52191162109375,329.346435546875,30.069252014160156,144.6509246826172,40.86534118652344,386.6926574707031,27.866931915283203,441.3775939941406,441.0331115722656,44.337738037109375,53.590370178222656
2021-12-13,171.66188049316406,38.7443733215332,59.83673858642578,528.9164428710938,95.92755126953125,20.320219039916992,33.81624984741211,144.4519500732422,342.5422058105469,147.4567413330078,140.18931579589844,50.58371353149414,235.46102905273438,331.5782470703125,63.37942886352539,83.43993377685547,326.32733154296875,28.04093360900879,145.37008666992188,42.739051818847656,381.1061706542969,26.82383155822754,437.4676818847656,440.9502258300781,45.13628005981445,52.41666793823242
2021-12-14,170.28463745117188,39.233341217041016,59.550270080566406,517.6398315429688,96.2090072631836,20.236595153808594,33.64227294921875,142.55052185058594,346.2647399902344,149.0673370361328,141.26345825195312,50.618736267089844,234.95089721679688,330.8347473144531,64.24214172363281,84.8568115234375,315.6933288574219,28.216190338134766,145.010498046875,43.00230026245117,377.16168212890625,26.679954528808594,434.4578552246094,442.16741943359375,45.566978454589844,52.340118408203125
2021-12-15,175.1392364501953,39.064422607421875,59.5755615234375,536.7568969726562,95.66265106201172,20.46237564086914,33.9444465637207,145.0606231689453,347.23541259765625,149.8114776611328,140.2071075439453,50.84644317626953,236.74087524414062,338.685791015625,65.61029815673828,85.38060760498047,321.76031494140625,30.329139709472656,146.87677001953125,45.52638244628906,385.760009765625,26.35623550415039,441.2463073730469,455.927001953125,45.82792282104492,52.11048889160156
2021-12-16,168.2626190185547,40.00680923461914,60.4096565246582,524.5596313476562,96.55667877197266,20.34530258178711,34.05432891845703,143.08346557617188,353.8789367675781,151.44839477539062,142.39976501464844,51.36314010620117,237.66270446777344,331.98468017578125,66.15059661865234,86.12767791748047,312.38580322265625,28.26597023010254,147.09075927734375,47.423309326171875,375.84033203125,26.706928253173828,437.35516357421875,454.5252380371094,45.063968658447266,52.19554138183594
2021-12-17,167.1686248779297,39.011077880859375,57.80622100830078,519.7945556640625,94.04011535644531,20.111164093017578,33.68806457519531,140.38909912109375,340.01300048828125,147.26414489746094,139.15953063964844,50.55743408203125,234.21705627441406,330.88433837890625,65.95886993408203,83.40559387207031,311.32818603515625,27.682476043701172,144.077392578125,46.05287551879883,373.9651184082031,26.050500869750977,432.700439453125,449.2317199707031,43.620941162109375,51.05586242675781
2021-12-20,165.8108673095703,38.3709716796875,57.797813415527344,520.6962280273438,94.08152770996094,20.127885818481445,33.2119026184082,140.27220153808594,330.93829345703125,146.84393310546875,136.65614318847656,50.39104080200195,234.24386596679688,322.6169128417969,66.58631134033203,81.89427947998047,307.5880432128906,27.600818634033203,145.03619384765625,47.245235443115234,370.3376159667969,25.600887298583984,428.099365234375,446.1053771972656,43.76240539550781,50.31591796875
2021-12-21,168.97572326660156,39.28668212890625,59.550270080566406,517.725341796875,95.588134765625,20.47073745727539,33.97191619873047,142.1201629638672,338.69500732421875,146.3712615966797,138.5647735595703,50.59246826171875,236.62451171875,331.2907409667969,65.82815551757812,83.95514678955078,314.68377685546875,28.951040267944336,144.60816955566406,45.64251708984375,378.6258850097656,26.482131958007812,435.70196533203125,449.314697265625,43.894447326660156,51.455596923828125
2021-12-22,171.564208984375,39.366695404052734,59.88727951049805,521.7498168945312,96.13451385498047,20.771778106689453,34.42060470581055,145.03489685058594,340.4849853515625,147.00148010253906,139.1063232421875,50.95152282714844,237.1167755126953,327.5733947753906,66.36844635009766,84.4102783203125,320.36627197265625,29.274654388427734,145.50701904296875,46.10707092285156,383.23699951171875,26.52709197998047,440.0584411621094,455.6965026855469,43.951045989990234,51.872344970703125
2021-12-23,172.18934631347656,39.49115753173828,59.9799690246582,522.414306640625,96.36630249023438,20.90557098388672,34.750247955322266,145.5316619873047,342.8983154296875,147.28160095214844,139.60342407226562,50.98656463623047,238.020751953125,332.3216857910156,65.99373626708984,85.3033218383789,321.798828125,29.513629913330078,145.34439086914062,45.456695556640625,386.1261901855469,26.59003257751465,442.7965087890625,456.8492736816406,43.85359191894531,51.897857666015625
2021-12-27,176.1453857421875,39.68675231933594,61.681884765625,534.8489379882812,98.33648681640625,21.047733306884766,35.07989501953125,146.5123291015625,345.570068359375,148.52467346191406,140.40237426757812,51.36314010620117,240.07022094726562,343.16644287109375,66.72572326660156,86.21353149414062,329.2598876953125,30.813066482543945,146.79115295410156,45.836082458496094,392.50787353515625,26.832822799682617,449.0630798339844,460.64874267578125,44.25285720825195,52.63780212402344
2021-12-28,175.12948608398438,39.740089416503906,61.60603713989258,535.9595336914062,98.14610290527344,20.989198684692383,35.015804290771484,145.30435180664062,345.1871643066406,149.1199188232422,140.8284912109375,51.56455612182617,239.748046875,343.20611572265625,66.93486785888672,85.84430694580078,328.1060791015625,30.192726135253906,147.55307006835938,44.91471862792969,390.6886901855469,27.07561492919922,448.696044921875,463.8211975097656,44.88792037963867,52.46769714355469
2021-12-29,175.21742248535156,39.6778678894043,61.43754196166992,538.9306030273438,97.64115142822266,21.081178665161133,34.915069580078125,145.2726287841797,343.9314880371094,150.1703643798828,140.75747680664062,51.625858306884766,240.29397583007812,339.9546813964844,67.05689239501953,84.7795181274414,328.7791442871094,29.87309455871582,148.07525634765625,44.581787109375,390.6302795410156,26.661972045898438,449.2701416015625,466.2558288574219,44.86590576171875,52.008419036865234
2021-12-30,174.06478881835938,39.588951110839844,60.89833068847656,535.2665405273438,97.2106704711914,21.08877182006836,35.024959564208984,144.8223876953125,343.32586669921875,150.83563232421875,140.6864776611328,51.476985931396484,239.14840698242188,341.36224365234375,67.22246551513672,84.83963012695312,326.25048828125,29.459869384765625,147.8184356689453,45.21666717529297,389.4629211425781,26.81484031677246,448.028076171875,465.1952819824219,45.01052474975586,51.702247619628906
2021-12-31,173.4494171142578,39.553401947021484,60.98281478881836,538.8641357421875,97.14444732666016,20.945371627807617,35.18978500366211,143.48663330078125,340.6809387207031,149.75018310546875,140.571044921875,51.85356140136719,239.9180908203125,333.42205810546875,66.78673553466797,84.29005432128906,323.3659973144531,29.285612106323242,148.70877075195312,45.719940185546875,387.03094482421875,26.931737899780273,446.8988952636719,463.0833740234375,45.48838806152344,52.042442321777344
2022-01-03,177.78634643554688,41.05587387084961,62.32616424560547,537.9244384765625,98.72557830810547,20.979110717773438,35.31797790527344,143.62481689453125,352.06219482421875,150.16159057617188,143.544921875,51.93238067626953,240.3744659423828,335.5929870605469,66.98716735839844,86.03321838378906,321.8564453125,29.992582321166992,148.0837860107422,43.861732482910156,390.7568359375,28.52336311340332,449.4864807128906,463.2125244140625,45.47581481933594,54.041133880615234
2022-01-04,175.52996826171875,42.665035247802734,65.02976989746094,535.5703125,100.5219497680664,21.29966163635254,34.97001647949219,143.03839111328125,362.8824157714844,149.75894165039062,148.9866485595703,52.79937744140625,240.31185913085938,333.6004638671875,67.10917663574219,89.52812957763672,316.33758544921875,29.165122985839844,148.29779052734375,42.22029113769531,385.6885070800781,29.908166885375977,449.3359680175781,452.7176513671875,44.6427001953125,56.0738410949707
2022-01-05,170.8609619140625,41.944915771484375,63.91452407836914,521.9872436523438,101.17591094970703,21.038162231445312,34.53964614868164,136.47633361816406,355.0010070800781,150.75686645507812,146.2628936767578,53.23725891113281,239.1304473876953,321.3480529785156,68.73873138427734,87.31269073486328,304.1939697265625,27.486310958862305,148.8029022216797,43.07197952270508,373.8396301269531,29.908166885375977,440.70770263671875,451.601806640625,45.24630355834961,56.77125549316406
2022-01-06,168.00869750976562,42.78950500488281,66.31395721435547,521.8733520507812,102.03685760498047,20.66699981689453,34.80519104003906,136.4490966796875,353.4870910644531,150.2404022216797,147.8167724609375,52.95701217651367,241.36795043945312,329.5658874511719,68.69517517089844,88.80682373046875,301.79034423828125,28.05786895751953,148.837158203125,42.460323333740234,373.5769958496094,30.61855697631836,440.2936706542969,433.1204833984375,45.12055587768555,58.10654830932617
2022-01-07,168.1747283935547,43.722999572753906,68.13043212890625,508.9451599121094,103.50208282470703,20.76822853088379,35.07989501953125,135.72547912597656,354.00360107421875,152.27122497558594,149.28138732910156,52.834415435791016,239.01412963867188,328.9017639160156,69.97618865966797,89.3478012084961,301.9442443847656,27.130834579467773,149.02549743652344,43.141658782958984,369.5301818847656,31.499794006347656,438.55291748046875,422.9299621582031,45.55126953125,58.582828521728516
2022-01-10,168.1942596435547,43.50074005126953,68.45990753173828,492.447998046875,103.56830596923828,20.60795021057129,34.951698303222656,137.3623809814453,355.48193359375,151.5184326171875,149.4242401123047,52.92198181152344,236.64242553710938,325.2140808105469,71.78004455566406,89.41648864746094,302.1653137207031,27.28318214416504,149.1025390625,43.54428482055664,369.7734375,31.58072280883789,438.00726318359375,428.8321838378906,45.46324157714844,58.234127044677734
2022-01-11,171.0172119140625,43.74966049194336,70.622802734375,495.5138854980469,105.93586730957031,20.86945152282715,35.583526611328125,138.41885375976562,358.9372253417969,149.90773010253906,149.57608032226562,52.93949508666992,234.59292602539062,331.459228515625,71.17005157470703,90.95355987548828,302.8479919433594,27.69840431213379,149.03404235839844,43.8926887512207,375.32806396484375,32.80366516113281,441.9967346191406,432.52105712890625,45.33434295654297,60.6835823059082
2022-01-12,171.456787109375,43.43850326538086,71.30713653564453,499.0923767089844,105.40606689453125,21.063467025756836,36.0413703918457,140.09738159179688,347.5916748046875,148.6296844482422,150.42446899414062,53.01831817626953,233.51895141601562,330.35894775390625,70.76045227050781,88.48910522460938,306.0111389160156,27.879634857177734,148.87139892578125,43.861732482910156,376.8164978027344,32.77668380737305,443.1916809082031,436.87396240234375,45.09541702270508,60.50497817993164
2022-01-13,168.1942596435547,43.3495979309082,70.64816284179688,490.62542724609375,104.96733093261719,20.987546920776367,35.73918533325195,137.2806854248047,348.0279846191406,147.72804260253906,150.23692321777344,53.333587646484375,233.9574432373047,323.637939453125,70.86502838134766,88.05974578857422,293.06011962890625,26.461700439453125,149.11109924316406,43.00230026245117,367.3900146484375,32.52490234375,437.08514404296875,431.07318115234375,45.733612060546875,60.07121276855469
2022-01-14,169.05384826660156,42.59390640258789,73.2841567993164,477.4409484863281,106.7553939819336,20.75135040283203,35.83076095581055,138.165771484375,339.2471923828125,146.92269897460938,141.0028533935547,53.76271057128906,230.6460418701172,329.0107727050781,70.91734313964844,84.90833282470703,298.2520446777344,26.827133178710938,150.36097717285156,42.545494079589844,369.6760559082031,33.999637603759766,437.2639465332031,432.23516845703125,45.60470962524414,61.12584686279297
2022-01-18,165.8597412109375,41.12699508666992,73.93470001220703,463.27886962890625,107.10310363769531,20.405498504638672,35.75749969482422,134.71609497070312,315.6119079589844,146.27493286132812,135.0908966064453,53.333587646484375,229.5452423095703,315.3804626464844,71.0567626953125,80.72644805908203,290.9927978515625,25.792564392089844,148.92279052734375,41.895111083984375,360.47332763671875,33.7568359375,429.52020263671875,425.1340637207031,44.80617141723633,62.15496826171875
2022-01-19,162.37255859375,41.28701400756836,73.74036407470703,465.2626953125,106.71403503417969,20.498291015625,35.665931701660156,133.84288024902344,309.3067932128906,145.81976318359375,133.0011749267578,53.421165466308594,228.4175262451172,316.8078918457031,70.83891296386719,82.20341491699219,291.64666748046875,24.960134506225586,149.99290466308594,41.45378494262695,356.5140075683594,33.361183166503906,425.0601806640625,426.5450744628906,45.25259780883789,62.18046569824219
2022-01-20,160.69252014160156,40.673587799072266,72.3463363647461,458.29547119140625,106.3332290649414,20.34644889831543,35.35459899902344,132.0509490966797,310.0013732910156,144.655517578125,131.86700439453125,53.20222091674805,226.54705810546875,313.8043212890625,70.36833953857422,85.72409057617188,289.98333740234375,24.047039031982422,148.90567016601562,41.84864807128906,351.8834228515625,33.31621551513672,420.355712890625,426.98773193359375,44.39748001098633,62.31654357910156
2022-01-21,158.64122009277344,39.935691833496094,69.88777160644531,457.1470031738281,105.05839538574219,19.77283477783203,34.42975616455078,129.12281799316406,306.27001953125,144.3228759765625,129.56295776367188,52.93949508666992,227.8536834716797,300.53082275390625,69.69734191894531,84.89114379882812,284.62786865234375,23.274343490600586,149.14532470703125,40.87309646606445,342.12615966796875,32.69575881958008,412.103759765625,425.3000793457031,44.07365036010742,61.38098907470703
2022-01-24,157.8695526123047,39.60673904418945,70.14122772216797,464.0666809082031,105.28190612792969,19.61256217956543,34.21915817260742,129.57106018066406,305.806884765625,142.65966796875,129.44683837890625,52.510372161865234,226.97662353515625,306.02264404296875,68.69517517089844,84.22135925292969,284.9547424316406,23.272354125976562,148.3834686279297,39.9052619934082,343.6923828125,32.91157531738281,413.8538513183594,426.3145446777344,44.076805114746094,61.908321380615234
2022-01-25,156.07220458984375,40.38909149169922,73.59674072265625,453.07489013671875,109.76036834716797,19.561946868896484,34.40229415893555,125.73851013183594,304.1682434082031,146.73887634277344,130.8578643798828,52.38776779174805,224.35427856445312,297.53717041015625,69.24417877197266,85.04571533203125,277.37823486328125,22.228822708129883,146.67984008789062,40.67952346801758,335.7252197265625,34.88087844848633,408.8011169433594,421.306884765625,43.117919921875,63.72840118408203
2022-01-26,155.9843292236328,40.80693817138672,73.55451965332031,458.9124755859375,109.84317016601562,19.38479995727539,34.18252182006836,128.0148468017578,305.174560546875,147.39544677734375,132.09918212890625,52.195098876953125,223.6114959716797,292.06524658203125,68.96533203125,86.01605224609375,285.28167724609375,22.67491340637207,145.13035583496094,41.043418884277344,335.1998291015625,35.789085388183594,407.7755126953125,422.7731628417969,42.67778778076172,63.08201217651367
2022-01-27,155.52525329589844,40.42466354370117,75.75120544433594,458.0107421875,112.06172180175781,18.954587936401367,33.91697311401367,127.78901672363281,303.7051696777344,149.32997131347656,129.76834106445312,52.23889923095703,222.61802673339844,292.0751037597656,70.2201919555664,86.85758209228516,288.2911071777344,21.850444793701172,144.9933624267578,41.63633728027344,331.8242492675781,34.94381332397461,405.761962890625,425.6966552734375,42.70608139038086,63.889991760253906
2022-01-28,166.37741088867188,40.780269622802734,75.37940979003906,467.41741943359375,108.12130737304688,19.038944244384766,34.173370361328125,132.09402465820312,309.0307312011719,150.3804473876953,130.92930603027344,53.281044006347656,229.1961669921875,299.0835876464844,70.49903869628906,88.02489471435547,296.38671875,22.742624282836914,147.8184356689453,42.38528060913086,342.2332763671875,35.68117141723633,415.8392028808594,429.8097839355469,43.23424530029297,64.02607727050781
2022-01-31,170.72415161132812,41.02030563354492,74.87250518798828,479.47222900390625,108.71734619140625,19.26670265197754,34.97001647949219,134.02813720703125,315.8612060546875,150.81813049316406,132.7064971923828,53.42991638183594,232.2033233642578,310.5330505371094,71.00447845458984,88.66478729248047,299.0021057128906,24.381608963012695,148.54608154296875,41.1058349609375,353.17724609375,35.132659912109375,423.3288879394531,435.8133544921875,43.954185485839844,64.60441589355469
2022-02-01,170.55810546875,41.731544494628906,77.33953094482422,482.5857238769531,111.58158874511719,19.51976776123047,35.418701171875,136.3465576171875,324.21466064453125,149.5838623046875,134.98373413085938,53.03582763671875,231.7915802001953,316.2230529785156,71.3879165649414,89.88395690917969,296.8675231933594,24.532957077026367,147.53594970703125,41.40228271484375,355.580078125,35.53730392456055,426.1893310546875,431.97698974609375,44.30002212524414,68.74637603759766
2022-02-02,171.7595672607422,41.68709182739258,77.90558624267578,495.5043640136719,112.09481811523438,19.63786506652832,35.56520462036133,146.60494995117188,323.3240661621094,151.2383575439453,133.90313720703125,53.57879638671875,234.736083984375,320.1882629394531,71.46634674072266,89.85803985595703,301.3865051269531,25.134384155273438,150.2154541015625,42.01860809326172,358.4693298339844,35.29450988769531,430.329345703125,442.4626159667969,44.281150817871094,68.56777954101562
2022-02-03,168.8877716064453,41.278133392333984,76.77348327636719,496.0177001953125,111.0931625366211,19.418540954589844,34.96086120605469,141.74122619628906,319.6015319824219,151.2295379638672,132.7957763671875,53.95537567138672,233.26837158203125,235.69027709960938,68.8520278930664,88.4485855102539,289.6467590332031,23.845897674560547,150.1298370361328,41.64413833618164,343.93560791015625,34.692039489746094,420.2144775390625,450.7533874511719,44.325164794921875,67.7682876586914
2022-02-04,168.6042022705078,42.9228515625,77.61834716796875,494.116455078125,112.4839096069336,19.494462966918945,35.15315246582031,141.9423065185547,327.36712646484375,150.2404022216797,136.2428741455078,53.386131286621094,232.7492218017578,235.02609252929688,68.45989990234375,90.02230834960938,294.1560974121094,24.21531867980957,147.66433715820312,41.34767532348633,348.2743225097656,34.62908935546875,422.1903991699219,445.58892822265625,43.80329513549805,69.23967742919922
2022-02-07,167.8901824951172,43.12733840942383,78.5223617553711,490.4280090332031,114.6941909790039,19.65473747253418,35.30882263183594,137.88890075683594,327.8569641113281,149.74142456054688,136.69837951660156,53.94661331176758,232.56134033203125,222.95213317871094,67.60588836669922,90.94751739501953,289.3583984375,24.622570037841797,147.08216857910156,41.51151657104492,345.47265625,36.21171951293945,420.83544921875,446.07769775390625,43.37258529663086,70.07316589355469
2022-02-08,170.9906005859375,43.90080261230469,77.16212463378906,495.42840576171875,112.94750213623047,20.025897979736328,35.49195098876953,138.0850372314453,329.5934753417969,150.13536071777344,139.27032470703125,54.29692459106445,232.76715087890625,218.26329040527344,67.02202606201172,91.95919799804688,292.829345703125,25.000951766967773,147.26197814941406,40.333499908447266,349.35418701171875,35.08870315551758,424.298095703125,455.0325012207031,43.38200378417969,68.26158905029297
2022-02-09,172.40872192382812,43.8119010925293,78.53077697753906,502.72930908203125,114.0650405883789,20.34644889831543,35.96811294555664,140.2573699951172,333.5386962890625,150.11781311035156,139.85081481933594,53.45619201660156,232.57025146484375,229.9804229736328,66.69087982177734,94.01715087890625,299.2231750488281,26.591144561767578,147.19351196289062,40.15406036376953,356.7572021484375,35.539710998535156,430.50811767578125,459.3576354980469,43.287696838378906,67.93482208251953
2022-02-10,168.34010314941406,43.60741424560547,77.65214538574219,492.8901062011719,112.61637115478516,20.160865783691406,35.638465881347656,137.3133544921875,330.0121154785156,148.30584716796875,139.27032470703125,53.75394821166992,229.8942413330078,226.08462524414062,66.7170181274414,93.01412200927734,290.7333068847656,25.713899612426758,144.1372833251953,39.475337982177734,348.682861328125,35.332244873046875,422.7737731933594,448.8628845214844,42.78154373168945,67.28128051757812
2022-02-11,164.9365234375,42.60280227661133,79.4098129272461,484.51495361328125,114.90943145751953,19.95841407775879,35.56520462036133,133.01675415039062,323.3240661621094,146.80892944335938,137.45742797851562,52.79937744140625,228.3638458251953,217.63880920410156,66.78673553466797,90.4200668334961,283.67596435546875,23.846893310546875,144.3170623779297,39.615760803222656,337.6221923828125,36.64018630981445,414.43719482421875,440.94097900390625,42.545745849609375,68.975341796875
2022-02-14,165.1712646484375,42.15827560424805,77.7370376586914,481.5584411621094,113.13789367675781,20.000591278076172,35.263031005859375,134.24853515625,320.81268310546875,144.96189880371094,136.18043518066406,53.14091491699219,226.77972412109375,215.80490112304688,66.63859558105469,88.69070434570312,283.6375732421875,24.163536071777344,142.70765686035156,38.85121536254883,338.0403747558594,35.44951248168945,413.0823059082031,437.5010070800781,42.11189270019531,67.91761016845703
2022-02-15,168.99539184570312,42.48722457885742,76.1491928100586,488.5552062988281,112.30974578857422,20.32957649230957,35.57436752319336,135.32081604003906,324.1076965332031,146.45877075195312,138.171875,53.342342376708984,227.15557861328125,219.07615661621094,67.80631256103516,89.4343490600586,288.8968811035156,26.38204574584961,142.0741729736328,38.843414306640625,346.4454650878906,36.162113189697266,419.7440490722656,441.0331115722656,42.243934631347656,67.06629180908203
2022-02-16,168.76068115234375,42.389434814453125,76.59921264648438,487.1101989746094,112.34320068359375,20.54890251159668,35.45532989501953,136.439697265625,320.6435241699219,146.3712615966797,138.4219512939453,53.333587646484375,226.51119995117188,214.65499877929688,67.29215240478516,87.46286010742188,288.55963134765625,26.397972106933594,142.36521911621094,38.75760269165039,346.35797119140625,37.605350494384766,420.2144775390625,442.7116394042969,41.979862213134766,67.37583923339844
2022-02-17,165.1712646484375,40.95807647705078,77.40589141845703,489.5914306640625,111.76600646972656,20.388628005981445,34.98832702636719,131.28970336914062,310.85638427734375,145.4783477783203,135.2337646484375,54.40200424194336,224.57803344726562,205.90187072753906,66.54273223876953,83.13941955566406,280.1099853515625,24.40252113342285,142.75047302246094,38.149085998535156,336.0559387207031,37.0821647644043,411.2380065917969,433.7568054199219,43.66181564331055,67.27266693115234
2022-02-18,163.62594604492188,40.86028289794922,76.10673522949219,487.3668212890625,111.60707092285156,20.228351593017578,34.56711196899414,129.17381286621094,308.1668701171875,143.91897583007812,135.86781311035156,54.76982879638672,224.28273010253906,204.36534118652344,66.55143737792969,82.50818634033203,277.4122619628906,23.54120445251465,143.57232666015625,37.860443115234375,332.2230529785156,36.270347595214844,408.5753479003906,431.4236755371094,43.38200378417969,66.5245361328125
2022-02-22,160.71139526367188,40.50467300415039,74.57829284667969,477.39459228515625,110.75382995605469,20.34644889831543,34.37481689453125,128.58987426757812,306.5904541015625,141.96315002441406,135.626708984375,54.54213333129883,226.1621856689453,200.32086181640625,66.1854476928711,81.92887115478516,277.2099304199219,23.2902774810791,144.12017822265625,37.08028030395508,328.8863525390625,35.67502212524414,404.1905822753906,426.5359191894531,42.897857666015625,65.75059509277344
2022-02-23,156.55470275878906,39.811222076416016,74.9179458618164,470.81622314453125,113.38883972167969,20.21991539001465,34.136741638183594,126.38534545898438,303.84765625,142.03369140625,132.78683471679688,53.9378547668457,221.767822265625,196.7224578857422,66.089599609375,80.89125061035156,270.03204345703125,22.291555404663086,142.6990966796875,36.565391540527344,320.4618225097656,35.846405029296875,397.0208435058594,423.87060546875,42.45771789550781,66.01716613769531
2022-02-24,159.16607666015625,38.762149810791016,74.4933853149414,480.6268005371094,112.80327606201172,20.068078994750977,33.97191619873047,131.4402618408203,302.9571533203125,139.3201904296875,129.089599609375,52.992034912109375,219.29769897460938,205.79281616210938,64.05912780761719,79.38668823242188,283.8289794921875,23.646757125854492,140.21649169921875,35.855464935302734,331.23077392578125,34.56553268432617,402.9956359863281,420.4307556152344,42.29423904418945,65.18302154541016
2022-02-25,161.229736328125,40.02458572387695,77.49929809570312,491.9489440917969,117.42919921875,20.430803298950195,34.933387756347656,133.19207763671875,311.8002624511719,146.2448272705078,132.14382934570312,55.04130935668945,223.25350952148438,208.6477508544922,66.50787353515625,81.75594329833984,286.44964599609375,24.054012298583984,144.1458740234375,37.228515625,336.3671569824219,35.58481216430664,411.8873291015625,438.74603271484375,42.875850677490234,66.93728637695312
2022-02-28,161.49383544921875,39.29557418823242,80.54763793945312,493.6221008300781,120.45735931396484,20.28740119934082,34.99748611450195,133.7839813232422,303.9367980957031,144.98501586914062,126.6337661743164,54.50710678100586,220.28359985351562,209.19297790527344,66.73445129394531,78.46147155761719,287.87554931640625,24.281036376953125,140.1737060546875,36.619998931884766,337.3691711425781,35.395389556884766,410.83349609375,438.8567199707031,42.492305755615234,67.43607330322266
2022-03-01,159.615966796875,37.75753402709961,82.33077239990234,497.12060546875,125.2421875,20.110254287719727,34.521331787109375,132.79783630371094,294.0022888183594,144.48280334472656,121.85597229003906,54.27063751220703,215.65780639648438,201.71861267089844,66.52529907226562,75.77232360839844,284.1758728027344,23.37690544128418,138.915283203125,35.69163131713867,332.2035827636719,33.979209899902344,404.576416015625,439.2071838378906,42.75324630737305,68.08100128173828
2022-03-02,162.90219116210938,38.3709716796875,83.24783325195312,501.940185546875,128.93954467773438,20.759790420532227,35.32713317871094,133.3030242919922,301.3299560546875,146.28004455566406,124.3832778930664,54.67349624633789,216.83676147460938,206.29837036132812,66.81287384033203,76.42082214355469,289.22442626953125,24.120849609375,140.84144592285156,37.21290969848633,337.7777404785156,35.395389556884766,412.0190734863281,447.62701416015625,42.80668258666992,69.25051879882812
2022-03-03,162.57943725585938,37.96001052856445,82.7129135131836,506.7410583496094,130.6795196533203,20.565771102905273,35.19892883300781,132.63734436035156,298.6783752441406,148.42967224121094,123.49915313720703,54.708526611328125,212.9759063720703,201.20309448242188,67.2311782836914,75.90201568603516,285.1104431152344,23.616926193237305,140.69061279296875,37.31433868408203,332.95269775390625,34.74593734741211,409.9678955078125,448.74285888671875,43.79071807861328,69.68909454345703
2022-03-04,159.5866241455078,36.584197998046875,85.141357421875,499.5635986328125,132.7122039794922,20.894756317138672,35.29050827026367,130.66314697265625,295.3191223144531,149.3106689453125,120.02523803710938,54.79609298706055,212.2199249267578,198.31845092773438,67.8237533569336,74.67417907714844,279.2716979980469,22.84210777282715,142.82766723632812,37.95405578613281,328.1275634765625,35.12478256225586,406.6370544433594,459.8648376464844,44.900489807128906,72.31188201904297
2022-03-07,155.80165100097656,34.25245666503906,85.990478515625,502.4346618652344,135.54795837402344,20.489852905273438,34.850975036621094,125.18726348876953,288.3497619628906,151.71580505371094,115.39033508300781,53.491214752197266,201.88839721679688,185.83802795410156,67.73660278320312,72.15792846679688,268.7217102050781,21.26458740234375,139.98399353027344,37.43135070800781,316.02587890625,37.97517776489258,394.649658203125,449.0010986328125,44.53895568847656,74.91747283935547
2022-03-08,153.9824676513672,34.475799560546875,83.8931884765625,497.529296875,142.6499481201172,20.16930389404297,34.51216506958008,125.90641784667969,287.8839111328125,148.64112854003906,114.5776596069336,51.371891021728516,200.50244140625,188.6334686279297,67.05689239501953,72.03685760498047,265.7735290527344,21.425926208496094,136.0373992919922,37.01007080078125,314.55694580078125,40.6632080078125,391.6576232910156,436.6341552734375,43.61780548095703,75.48505401611328
2022-03-09,159.37149047851562,36.664608001708984,81.69393920898438,501.60760498046875,139.08639526367188,20.59951400756836,35.20809555053711,132.16236877441406,298.8306884765625,149.20497131347656,119.16790008544922,51.634613037109375,200.21444702148438,196.7720184326172,67.78887939453125,75.57341766357422,277.96148681640625,22.919780731201172,135.63241577148438,38.03207015991211,325.88037109375,38.39011001586914,402.1581726074219,447.80224609375,43.844154357910156,71.19397735595703
2022-03-10,155.0387725830078,36.334049224853516,84.6743392944336,506.4272766113281,142.89251708984375,20.785091400146484,35.45532989501953,131.1812286376953,295.5251159667969,149.46926879882812,117.75689697265625,50.68880081176758,199.79147338867188,193.51068115234375,67.87604522705078,74.24181365966797,275.1577453613281,22.565244674682617,133.14207458496094,38.38313674926758,322.2615051269531,39.14780807495117,400.34222412109375,453.2157287597656,44.840755462646484,73.40399169921875
2022-03-11,151.33197021484375,36.030296325683594,83.56204223632812,501.388916015625,142.9594268798828,20.565771102905273,35.27219009399414,128.64634704589844,292.92730712890625,149.1961669921875,115.10454559326172,50.72382354736328,204.17428588867188,185.97682189941406,68.1984634399414,73.65384674072266,269.83935546875,22.009532928466797,132.46995544433594,39.21788787841797,315.5782470703125,38.6967887878418,395.2518310546875,446.6299743652344,44.66469955444336,73.02561950683594
2022-03-14,147.31227111816406,36.80754470825195,81.98265075683594,499.9914855957031,139.4628448486328,20.312705993652344,34.722774505615234,124.76377868652344,291.1177978515625,151.25767517089844,116.24763488769531,51.659236907958984,203.5532989501953,185.00535583496094,68.38308715820312,73.2560806274414,266.34197998046875,21.2426815032959,134.3312225341797,40.7625732421875,309.5177917480469,37.47905731201172,392.3633117675781,451.3010559082031,45.28717803955078,70.41143798828125
2022-03-15,151.68409729003906,37.075557708740234,80.7089614868164,515.5533447265625,132.4027099609375,20.506723403930664,34.887603759765625,127.98018646240234,294.86224365234375,155.17808532714844,118.31055450439453,52.6122932434082,209.3040771484375,190.35836791992188,69.13919067382812,74.64823913574219,276.6607666015625,22.87895393371582,137.01113891601562,40.73136520385742,319.2263488769531,35.41343688964844,400.9914855957031,460.5412902832031,45.83107376098633,66.40413665771484
2022-03-16,156.0852508544922,38.236961364746094,80.51365661621094,516.5707397460938,131.92591857910156,21.190000534057617,35.57436752319336,132.0242156982422,305.2535705566406,153.75086975097656,123.5973892211914,52.471099853515625,214.3168487548828,201.85739135742188,68.68202209472656,79.34346771240234,283.6363220214844,24.395721435546875,137.6143035888672,41.28527069091797,331.0653381347656,34.168643951416016,409.8832092285156,460.86505126953125,45.695884704589844,66.15474700927734
2022-03-17,157.09263610839844,38.442447662353516,83.91864013671875,525.5066528320312,134.20956420898438,21.400890350341797,36.288604736328125,132.5774383544922,307.5019836425781,155.759521484375,125.16022491455078,53.02705001831055,213.71388244628906,206.03073120117188,69.40293884277344,81.1593017578125,284.4359436035156,24.664615631103516,138.68284606933594,42.3150634765625,335.07330322265625,35.63893508911133,415.0111999511719,468.9674987792969,45.76532745361328,67.91761016845703
2022-03-18,160.37884521484375,38.3263053894043,84.57245635986328,533.6441040039062,135.28863525390625,21.670825958251953,36.42595672607422,134.84239196777344,309.3922119140625,154.0327911376953,125.1155776977539,53.0358772277832,215.01885986328125,214.60543823242188,69.55240631103516,81.98939514160156,289.45562744140625,26.344707489013672,140.2769775390625,42.525699615478516,341.9316101074219,35.83738327026367,419.5567321777344,468.1351013183594,45.90103530883789,67.65103912353516
2022-03-21,161.7481231689453,38.2726936340332,87.25569915771484,528.1115112304688,137.72293090820312,21.670825958251953,36.819698333740234,134.81861877441406,303.6769714355469,154.9049530029297,124.71369934082031,53.45946502685547,211.77894592285156,209.64895629882812,69.50845336914062,80.07845306396484,288.2320251464844,26.624555587768555,140.0788116455078,42.27605056762695,340.98095703125,37.15433120727539,419.43408203125,469.5594177246094,45.51914596557617,70.68660736083984
2022-03-22,165.11257934570312,39.46983337402344,86.41505432128906,531.8095092773438,137.26283264160156,21.91545295715332,36.97536849975586,138.5496063232422,307.2691650390625,154.17376708984375,127.36605834960938,53.653602600097656,214.2988739013672,214.7640380859375,69.71945190429688,81.4705810546875,292.953125,26.415416717529297,141.6126251220703,41.37888717651367,347.6821594238281,37.163360595703125,424.3420104980469,467.3951721191406,45.38344192504883,70.37704467773438
2022-03-23,166.47207641601562,38.49604797363281,88.62278747558594,526.6760864257812,138.74343872070312,21.932323455810547,36.68234634399414,136.9720916748047,300.6401672363281,153.59228515625,124.82977294921875,53.300621032714844,212.4989471435547,211.60179138183594,70.0975112915039,79.87956237792969,288.5499267578125,25.52906036376953,140.87156677246094,40.71577072143555,342.6855163574219,38.25480270385742,418.877197265625,465.4620666503906,44.79957962036133,71.48634338378906
2022-03-24,170.24728393554688,38.47817611694336,88.76712036132812,530.564208984375,139.11151123046875,22.236003875732422,36.80138397216797,140.23753356933594,301.195556640625,154.3852081298828,125.6424789428711,53.81243896484375,216.2247772216797,217.6586151123047,70.69535064697266,79.66340637207031,292.99151611328125,28.034761428833008,141.72467041015625,41.0278205871582,350.3022155761719,38.46227264404297,425.1914367675781,474.92431640625,45.07731246948242,71.70132446289062
2022-03-25,170.88299560546875,39.067813873291016,91.28052520751953,528.2825927734375,141.62940979003906,22.354101181030273,37.16765213012695,140.3376007080078,302.32427978515625,155.8653106689453,126.74092864990234,54.297794342041016,217.4127197265625,219.88906860351562,71.51299285888672,79.87956237792969,292.5869140625,27.57863426208496,142.3882293701172,41.17604064941406,350.0101013183594,39.40037536621094,427.2679138183594,474.5265197753906,45.272979736328125,73.26641082763672
2022-03-28,171.74368286132812,38.90700149536133,87.88404083251953,537.313720703125,139.15333557128906,22.24444007873535,36.966209411621094,140.12216186523438,300.3624572753906,156.6669464111328,125.80323791503906,54.64195251464844,218.6366729736328,221.64361572265625,71.3987045288086,78.91976165771484,299.3504943847656,28.10347557067871,142.8104248046875,41.56612014770508,355.4255065917969,37.64142608642578,430.3070983886719,474.6836853027344,46.0777702331543,71.2111587524414
2022-03-29,175.0299072265625,38.80873107910156,85.49800109863281,541.8483276367188,137.45523071289062,22.505939483642578,37.16765213012695,141.1622314453125,304.26812744140625,156.58770751953125,126.08006286621094,54.85374450683594,223.34347534179688,227.8590545654297,71.71520233154297,79.41264343261719,303.888427734375,28.538686752319336,144.9302215576172,41.14483642578125,361.5423278808594,38.4532470703125,435.63037109375,472.3991394042969,46.46595001220703,70.83279418945312
2022-03-30,173.86599731445312,38.41563415527344,86.10269165039062,548.0179443359375,138.42559814453125,22.522809982299805,37.23176193237305,140.6005859375,300.62225341796875,158.21751403808594,125.50849914550781,54.897865295410156,224.11741638183594,225.86654663085938,72.44493103027344,78.05506896972656,302.39501953125,27.576642990112305,144.73202514648438,40.91079330444336,357.5488586425781,38.07439041137695,432.9404296875,481.7317810058594,47.29914855957031,72.04530334472656
2022-03-31,170.77540588378906,36.825408935546875,85.16586303710938,547.4285278320312,136.20883178710938,22.2950496673584,36.819698333740234,137.75665283203125,295.7043151855469,156.1383819580078,121.7398681640625,54.71255111694336,222.5425262451172,220.42433166503906,72.13722229003906,75.57341766357422,297.04779052734375,27.174299240112305,144.2322540283203,40.38810348510742,353.1171875,37.2625732421875,426.27691650390625,471.6960754394531,46.99932098388672,71.02195739746094
2022-04-01,170.48199462890625,36.539520263671875,85.65982055664062,547.1625366210938,137.37155151367188,22.514373779296875,36.828857421875,138.82945251464844,295.811767578125,156.98414611816406,120.83789825439453,55.48029327392578,224.3154296875,222.89266967773438,73.42960357666016,75.21891021728516,298.1172180175781,26.60264778137207,146.28311157226562,40.23207092285156,352.4450988769531,37.605350494384766,427.4849853515625,474.1195373535156,47.658931732177734,71.4777603149414
2022-04-04,174.52127075195312,36.476993560791016,85.63426971435547,546.744140625,137.49705505371094,22.674650192260742,37.19512939453125,141.62384033203125,294.01123046875,155.46881103515625,121.37370300292969,55.18907928466797,222.13754272460938,231.85394287109375,73.40323638916016,75.46967315673828,303.46453857421875,27.24799156188965,145.90394592285156,39.74058151245117,359.70147705078125,37.47905731201172,431.1471252441406,471.742431640625,47.668399810791016,71.51214599609375
2022-04-05,171.2155303955078,35.86055374145508,83.50511932373047,546.9246826171875,136.6521453857422,22.55655288696289,36.92958068847656,139.2658233642578,290.2041015625,156.47317504882812,119.96125030517578,55.127315521240234,223.64944458007812,229.82180786132812,73.60546112060547,73.74031829833984,299.5239562988281,25.82485008239746,146.05902099609375,39.9746208190918,351.7146301269531,36.4958610534668,425.7010803222656,478.9015808105469,47.804100036621094,71.14237213134766
2022-04-06,168.05645751953125,35.46745681762695,83.07078552246094,555.9273071289062,137.8651123046875,22.404712677001953,36.53583526611328,135.26092529296875,283.306396484375,160.54335021972656,118.29685974121094,55.68325424194336,226.3043212890625,221.3561553955078,74.70445251464844,71.88123321533203,288.55963134765625,24.30708122253418,148.5493621826172,41.24625778198242,344.0783996582031,36.78451156616211,421.4443359375,491.841552734375,48.915016174316406,71.93352508544922
2022-04-07,168.35964965820312,35.190513610839844,85.13180541992188,578.0394287109375,139.78073120117188,22.379405975341797,36.43511962890625,134.60760498046875,281.4162292480469,160.1292724609375,117.93699645996094,55.9832878112793,228.9142303466797,221.00918579101562,76.3133544921875,71.88123321533203,290.361328125,24.108901977539062,148.68727111816406,43.03279113769531,344.8965759277344,36.95589828491211,423.56805419921875,496.6511535644531,49.404197692871094,73.1374282836914
2022-04-08,166.3546600341797,35.440670013427734,87.763427734375,570.4247436523438,142.1480255126953,22.387842178344727,36.52667999267578,132.0311279296875,287.9018859863281,160.44644165039062,120.09622192382812,56.32745361328125,226.3043212890625,220.39459228515625,77.0870361328125,72.6854019165039,286.12200927734375,23.024356842041016,149.18699645996094,43.04059600830078,340.07513427734375,38.38108444213867,422.4354248046875,504.9850769042969,49.67877197265625,74.67668914794922
2022-04-11,162.11000061035156,35.36919403076172,83.44549560546875,555.8131713867188,138.4924774169922,22.15164566040039,36.23365783691406,127.60921478271484,287.3374938964844,158.43772888183594,119.65534973144531,56.30980682373047,225.3953857421875,214.57571411132812,76.16388702392578,72.65080261230469,274.8398132324219,21.82727813720703,148.7303466796875,42.073219299316406,332.0299072265625,37.28062438964844,415.21502685546875,497.1045227050781,48.694095611572266,72.1054916381836
2022-04-12,163.97802734375,34.99396514892578,85.16586303710938,552.6665649414062,141.37843322753906,22.236003875732422,36.07799530029297,126.51065826416016,286.45965576171875,158.4906005859375,118.34183502197266,56.971649169921875,224.24343872070312,212.27586364746094,75.28469848632812,72.57298278808594,271.7566223144531,21.415973663330078,149.33352661132812,41.433494567871094,330.6273193359375,37.461021423339844,413.6766357421875,493.6545104980469,48.359554290771484,73.6103744506836
2022-04-13,166.6578369140625,34.681278228759766,85.36174774169922,561.9164428710938,143.60354614257812,22.354101181030273,36.453426361083984,128.6696319580078,288.4214172363281,159.16018676757812,114.52729034423828,57.12167739868164,226.18736267089844,213.11849975585938,75.72429656982422,72.74591064453125,277.113525390625,22.112106323242188,149.07501220703125,41.425697326660156,337.347900390625,38.39913558959961,418.4147033691406,496.697509765625,49.618804931640625,74.6509017944336
2022-04-14,161.66014099121094,33.564544677734375,86.3326416015625,561.2509765625,143.53660583496094,22.261306762695312,36.33438491821289,125.53544616699219,288.1258544921875,158.4906005859375,113.46566772460938,57.377586364746094,225.44940185546875,208.35035705566406,76.4100570678711,73.29066467285156,269.608154296875,21.170974731445312,148.12716674804688,41.44129943847656,329.63385009765625,39.012508392333984,413.2046203613281,494.6811218261719,49.57462692260742,75.52802276611328
2022-04-18,161.44493103027344,34.70808410644531,88.12113189697266,553.3890991210938,145.46060180664062,22.193822860717773,36.361854553222656,126.4730224609375,295.5072021484375,156.51719665527344,115.57090759277344,56.86575698852539,225.94436645507812,208.93521118164062,75.67153930664062,74.7779312133789,270.27288818359375,21.693832397460938,146.85182189941406,40.44270706176758,329.8870849609375,39.40037536621094,413.3745422363281,493.9966735839844,49.19590377807617,76.1471939086914
2022-04-19,163.7237548828125,35.351322174072266,86.49444580078125,564.9678955078125,143.73739624023438,22.47219467163086,36.64571762084961,128.7835235595703,300.9447937011719,161.2921600341797,117.96399688720703,57.42170333862305,229.85018920898438,215.41827392578125,75.42538452148438,76.87910461425781,274.8782958984375,22.107128143310547,148.9888458251953,39.147674560546875,337.26031494140625,39.174869537353516,420.0475158691406,497.3450622558594,49.75452423095703,75.46784210205078
2022-04-20,163.5574951171875,35.431724548339844,87.43978881835938,573.7424926757812,144.3229522705078,22.607162475585938,36.938743591308594,126.83308410644531,305.52227783203125,162.0057830810547,118.37786102294922,58.20709228515625,230.25515747070312,198.67532348632812,76.01441955566406,78.34905242919922,275.8996276855469,21.394060134887695,151.20343017578125,38.81221389770508,332.3415832519531,38.498355865478516,419.7359924316406,505.031494140625,50.37940979003906,75.63982391357422
2022-04-21,162.7652587890625,34.76168441772461,84.03314971923828,562.5341796875,137.67271423339844,22.168521881103516,36.123775482177734,123.63800048828125,299.4666748046875,161.53883361816406,117.46018981933594,58.427711486816406,229.71519470214844,186.432861328125,75.81221771240234,76.87910461425781,270.5523681640625,20.100378036499023,150.6605682373047,38.312923431396484,325.4649963378906,36.667236328125,413.45947265625,497.1045227050781,50.45515060424805,74.84008026123047
2022-04-22,158.23692321777344,33.55561828613281,81.76774597167969,543.4834594726562,134.63619995117188,21.333406448364258,34.96086120605469,118.5078125,286.4507141113281,159.93545532226562,114.0864486694336,57.580543518066406,225.1434326171875,182.50730895996094,74.37035369873047,73.27337646484375,264.01995849609375,19.43510627746582,148.34255981445312,37.548377990722656,316.94244384765625,37.56926727294922,402.1145935058594,481.84283447265625,49.505191802978516,73.20621490478516
2022-04-25,159.3030242919922,33.314395904541016,78.06303405761719,540.1656494140625,131.74188232421875,20.97067642211914,34.64952850341797,121.91389465332031,287.9287109375,163.87347412109375,114.05046844482422,58.18946075439453,227.58229064941406,185.36221313476562,75.11766815185547,73.54141998291016,270.4656066894531,19.820528030395508,149.71266174316406,38.1880989074707,321.0138244628906,34.899269104003906,404.4458312988281,484.9229431152344,49.53043746948242,70.73818969726562
2022-04-26,153.35655212402344,32.563961029052734,77.77346801757812,526.428955078125,130.93881225585938,20.5826416015625,33.88949966430664,117.53160095214844,280.4936218261719,162.7017822265625,110.67669677734375,57.404052734375,223.7124786376953,179.3748016357422,74.2736587524414,71.22408294677734,260.3492126464844,18.711088180541992,149.33352661132812,38.25050735473633,308.8972473144531,35.66599655151367,392.7327575683594,475.2202453613281,49.01285171508789,70.76399230957031
2022-04-27,153.13157653808594,32.385284423828125,79.2553482055664,526.7329711914062,130.6962432861328,20.76822853088379,33.9627571105957,113.2171630859375,280.5921630859375,160.42880249023438,109.23724365234375,57.85410690307617,222.41651916503906,173.42701721191406,74.21208190917969,71.08572387695312,272.874267578125,18.33961296081543,150.6691436767578,38.804412841796875,308.52703857421875,36.035823822021484,393.83697509765625,475.2478942871094,48.678321838378906,72.78485107421875
2022-04-28,160.0463104248047,32.88557434082031,83.07929992675781,535.1314697265625,135.33885192871094,21.0718994140625,34.686153411865234,117.40530395507812,285.2323303222656,161.626953125,110.96461486816406,58.41006088256836,228.76126098632812,203.9390869140625,77.8782958984375,72.73402404785156,279.0501708984375,19.701013565063477,152.9526824951172,39.405113220214844,319.4846496582031,36.18015670776367,403.78509521484375,485.0616149902344,49.300045013427734,74.98625946044922
2022-04-29,154.1878662109375,31.87605094909668,81.35041809082031,506.2991638183594,131.055908203125,20.734481811523438,33.92613220214844,113.03390502929688,273.6585998535156,158.98399353027344,107.38392639160156,57.015777587890625,224.2344512939453,198.72486877441406,77.9749984741211,70.28338623046875,267.38250732421875,18.471073150634766,147.96339416503906,38.281715393066406,305.10821533203125,35.18793869018555,388.8630065917969,470.3826904296875,48.28382110595703,73.3094253540039
2022-05-02,154.4910888671875,32.28700256347656,81.69110107421875,503.66143798828125,133.6323699951172,20.675432205200195,33.84372329711914,115.48408508300781,278.0749816894531,157.38058471679688,108.36457061767578,55.9832878112793,221.966552734375,209.29208374023438,77.0606460571289,71.47815704345703,274.07867431640625,19.453041076660156,144.55967712402344,37.71220779418945,310.2024230957031,35.278133392333984,391.2037658691406,463.5380859375,47.965065002441406,74.30693054199219
2022-05-03,155.97772216796875,33.17146682739258,84.25458526611328,502.8330383300781,135.92442321777344,20.9116268157959,34.30156326293945,116.22799682617188,281.8730773925781,157.0722198486328,110.68572235107422,55.665611267089844,221.2735595703125,210.18423461914062,76.57709503173828,73.03925323486328,271.4869384765625,19.521751403808594,144.75784301757812,38.45334243774414,310.5334777832031,36.21623611450195,392.9969787597656,462.1229553222656,48.1323356628418,75.83760833740234
2022-05-04,162.37405395507812,34.50260543823242,88.45330047607422,518.4014892578125,140.19058227539062,21.400890350341797,35.06158447265625,121.10857391357422,290.3384704589844,158.75489807128906,114.34734344482422,57.38640594482422,228.8782196044922,221.4652099609375,77.8255386352539,76.06547546386719,279.3873596191406,20.250761032104492,149.8160858154297,38.74199676513672,321.0332946777344,38.42619323730469,404.9649353027344,469.5224914550781,48.79824447631836,78.85598754882812
2022-05-05,153.3271942138672,33.537742614746094,87.60160827636719,492.5874938964844,139.07806396484375,20.624818801879883,33.9444465637207,115.40731811523438,280.4488525390625,155.7242889404297,111.48640441894531,56.92753219604492,224.01846313476562,206.46688842773438,77.37716674804688,74.07706451416016,267.2187805175781,18.76685905456543,146.82595825195312,37.798030853271484,304.8647766113281,37.95713424682617,390.5713195800781,457.590576171875,48.380130767822266,77.6606674194336
2022-05-06,154.05201721191406,33.45733642578125,91.7151107788086,479.29486083984375,142.7837677001953,20.321142196655273,33.71552658081055,114.65548706054688,280.3503112792969,155.38067626953125,111.30648803710938,57.130489349365234,225.6923828125,201.9961700439453,77.71125793457031,73.45787048339844,264.6944274902344,18.59855079650879,146.84320068359375,38.25830841064453,301.2123107910156,38.814064025878906,388.239990234375,462.1229553222656,47.37287521362305,78.84739685058594
2022-05-09,148.93914794921875,32.49248123168945,82.78121948242188,474.9814758300781,133.21414184570312,19.646303176879883,32.40610122680664,111.45046997070312,276.704345703125,156.2264404296875,109.63310241699219,57.015777587890625,222.7314910888672,194.50198364257812,77.05186462402344,70.77176666259766,254.91513061523438,16.880611419677734,147.95481872558594,37.94624710083008,289.4267272949219,34.31296920776367,375.8096618652344,449.9135437011719,47.92718505859375,72.63005828857422
2022-05-10,151.3388671875,31.947521209716797,83.4625473022461,477.4857482910156,134.49395751953125,19.66317367553711,32.19548416137695,113.31671142578125,273.2734375,156.0150146484375,106.96112060546875,56.486297607421875,221.10255432128906,195.92941284179688,77.20132446289062,69.99557495117188,259.6554870605469,17.522966384887695,147.77386474609375,38.609378814697266,292.94287109375,34.17766189575195,376.67803955078125,451.3842468261719,47.25251770019531,73.11162567138672
2022-05-11,143.49327087402344,31.77777671813965,84.3482894897461,465.6975402832031,136.48486328125,19.604122161865234,32.222957611083984,112.53167724609375,270.1291198730469,155.16929626464844,106.2863540649414,56.75102996826172,219.97763061523438,187.0970001220703,78.41460418701172,68.8008041381836,251.03237915039062,16.561920166015625,147.05865478515625,38.57816696166992,284.2547912597656,34.61063003540039,370.6940612792969,449.663818359375,46.758384704589844,74.63369750976562
2022-05-12,139.63412475585938,31.331085205078125,84.82520294189453,462.9362487792969,137.7814483642578,19.232961654663086,31.93910026550293,111.78034210205078,268.2121276855469,156.7021942138672,106.19638061523438,56.92753219604492,219.76162719726562,189.5752410888672,79.85648345947266,68.53915405273438,246.02236938476562,16.108787536621094,146.83457946777344,39.63208770751953,283.58270263671875,35.205963134765625,370.3070068359375,442.865478515625,46.71404266357422,74.97252655029297
2022-05-13,144.0907440185547,31.42041778564453,87.6441879272461,473.49609375,140.4248504638672,19.933109283447266,32.87309265136719,114.95661163330078,275.0023193359375,155.80360412597656,107.14102172851562,57.995304107666016,220.526611328125,196.89097595214844,79.48719787597656,70.2397689819336,251.58157348632812,17.633514404296875,149.6954345703125,39.262420654296875,294.0922546386719,36.7484245300293,379.1601867675781,448.97015380859375,46.894596099853516,77.19650268554688
2022-05-16,142.55294799804688,31.098804473876953,90.2533950805664,470.8870849609375,144.72445678710938,20.0090274810791,33.18442916870117,113.36624908447266,271.8222351074219,156.8872528076172,106.3943099975586,58.20709228515625,219.62661743164062,198.29861450195312,81.16643524169922,69.68162536621094,251.94773864746094,17.193326950073242,151.20343017578125,39.8523063659668,290.68316650390625,38.01125717163086,377.621826171875,452.50347900390625,46.94526290893555,79.01216125488281
2022-05-17,146.177001953125,32.15299606323242,91.55375671386719,467.0212097167969,145.57772827148438,20.34644889831543,33.73384094238281,115.37512969970703,280.3592224121094,157.53916931152344,109.92098999023438,58.04824447631836,217.45773315429688,200.85617065429688,81.7642822265625,72.32413482666016,257.0733642578125,18.102588653564453,150.33311462402344,40.3792610168457,298.2123718261719,38.74189758300781,385.3896789550781,455.5650634765625,41.604896545410156,80.01991271972656
2022-05-18,137.9298553466797,31.16134262084961,89.38082122802734,408.870849609375,141.7403106689453,19.840320587158203,32.88225173950195,110.8447265625,274.7695007324219,154.61424255371094,108.04069519042969,54.0065803527832,207.9361572265625,190.56654357910156,80.97303771972656,70.37059020996094,245.36888122558594,16.8686580657959,141.01808166503906,39.63995361328125,283.57293701171875,37.1002082824707,369.85394287109375,436.0023498535156,38.779502868652344,78.7515640258789
2022-05-19,134.53106689453125,30.777183532714844,89.49203491210938,402.7100830078125,140.7282257080078,20.101818084716797,33.2576789855957,109.34352111816406,276.08624267578125,153.23988342285156,106.43927764892578,52.94762420654297,206.0912322998047,189.62478637695312,80.9642333984375,69.73393249511719,244.46112060546875,17.05389976501465,138.90689086914062,39.836578369140625,282.0534973144531,36.8476448059082,367.5887145996094,442.6342468261719,37.7152214050293,79.17724609375
2022-05-20,134.76612854003906,30.250083923339844,89.8427734375,396.5208435058594,141.53785705566406,20.27896499633789,33.15695571899414,107.88143157958984,274.8321228027344,155.9181365966797,105.56661224365234,53.81243896484375,210.50999450683594,191.85519409179688,82.24784851074219,69.21939849853516,243.90103149414062,16.62565803527832,139.77723693847656,41.26802062988281,281.17681884765625,37.091190338134766,367.74920654296875,449.2754211425781,37.75639724731445,79.80272674560547
2022-05-23,140.17283630371094,32.04579162597656,93.26470947265625,408.9470520019531,144.8270721435547,20.540464401245117,33.73384094238281,110.43710327148438,283.6199035644531,159.10122680664062,112.09817504882812,55.47146224975586,214.19085693359375,194.52178955078125,82.49401092529297,71.78340911865234,251.71363830566406,16.828824996948242,142.69839477539062,41.59049606323242,285.8521423339844,39.51763916015625,374.62982177734375,455.1488037109375,38.833351135253906,81.5662841796875
2022-05-24,137.47926330566406,31.8492431640625,93.65824127197266,416.78350830078125,145.60302734375,20.51515769958496,33.39503860473633,104.97113800048828,281.2371520996094,160.83905029296875,113.68158721923828,56.495121002197266,220.05862426757812,179.70191955566406,83.20616149902344,71.47815704345703,250.71893310546875,16.08786964416504,144.6113739013672,42.00734329223633,279.77435302734375,39.598819732666016,371.7700500488281,460.2174987792969,39.317962646484375,82.00934600830078
2022-05-25,137.63600158691406,32.01899337768555,95.12964630126953,419.06878662109375,147.93919372558594,20.5826416015625,33.55986785888672,104.80767822265625,282.088134765625,159.2607879638672,114.4732894897461,56.539241790771484,219.59962463378906,182.22975158691406,82.42369079589844,71.7136459350586,253.51956176757812,16.9055118560791,145.60232543945312,42.243289947509766,283.6897888183594,40.636146545410156,375.0545654296875,460.7077331542969,39.077247619628906,83.65995788574219
2022-05-26,140.82907104492188,32.760498046875,96.7978515625,442.7593688964844,148.9344024658203,20.60795021057129,33.90782165527344,106.77645111083984,289.9084167480469,159.1189422607422,116.45255279541016,56.74222183227539,223.271484375,189.9618377685547,81.15766143798828,74.12938690185547,256.7836608886719,17.777917861938477,146.58465576171875,42.4635124206543,291.550048828125,42.115455627441406,382.5487365722656,464.53704833984375,39.910282135009766,83.955322265625
2022-05-27,146.5688018798828,33.07318115234375,98.03829193115234,448.2534484863281,150.35972595214844,21.046594619750977,34.44807052612305,111.25780487060547,294.3426513671875,160.56419372558594,118.09894561767578,57.07755661010742,226.67333984375,193.43138122558594,81.83463287353516,75.39393615722656,263.8720397949219,18.73399543762207,148.01512145996094,42.40058517456055,301.0660705566406,43.486534118652344,391.9399108886719,469.0507507324219,40.69582748413086,84.7806167602539
2022-05-31,145.78524780273438,33.2339973449707,96.12203216552734,443.9305419921875,147.3066864013672,20.81883430480957,34.64037322998047,112.689697265625,294.5860290527344,159.1810302734375,118.96260070800781,55.93035125732422,226.9793243408203,191.9542999267578,80.9114990234375,75.12358856201172,262.5489501953125,18.595561981201172,144.5510711669922,41.71633529663086,300.2674560546875,41.60801315307617,389.7407531738281,459.4960632324219,40.74333190917969,83.39932250976562
2022-06-01,145.6578826904297,32.760498046875,99.02210235595703,435.14178466796875,148.70669555664062,20.88631820678711,34.56711196899414,112.81845092773438,290.07958984375,157.5673065185547,116.87539672851562,55.65678024291992,224.34243774414062,186.99786376953125,80.12902069091797,74.12938690185547,263.0801696777344,18.245006561279297,143.46533203125,41.189369201660156,298.0466613769531,42.25984573364258,386.58831787109375,455.58355712890625,39.7360725402832,84.99781036376953
2022-06-02,148.10659790039062,32.97615051269531,98.34626007080078,464.2978820800781,148.4368133544922,21.375579833984375,35.32713317871094,116.51378631591797,292.24267578125,157.07077026367188,118.7557144165039,56.23920440673828,225.33241271972656,197.12889099121094,79.12673950195312,74.30379486083984,265.1660461425781,19.511796951293945,144.6280517578125,41.43319320678711,306.2088928222656,41.91583251953125,393.95037841796875,455.3153381347656,40.38857650756836,84.85013580322266
2022-06-03,142.39622497558594,32.51789474487305,101.04959869384766,453.4809875488281,149.78627014160156,21.0718994140625,34.8143424987793,113.46134948730469,287.2225036621094,156.42349243164062,117.1003189086914,55.56853103637695,224.75320434570312,189.1192626953125,79.04762268066406,73.36192321777344,260.762451171875,18.64336585998535,143.0401611328125,41.8421745300293,298.24151611328125,42.97503662109375,387.4849853515625,449.16436767578125,39.69490432739258,86.08373260498047
2022-06-06,143.14065551757812,32.481964111328125,100.41655731201172,449.8816833496094,149.1368408203125,21.038162231445312,34.942543029785156,115.71934509277344,288.8718566894531,156.40574645996094,116.71345520019531,55.48029327392578,224.49078369140625,192.55905151367188,78.9860610961914,74.0160140991211,259.5359191894531,18.709095001220703,143.6388397216797,41.889366149902344,299.23504638671875,42.74870300292969,388.66485595703125,453.3913879394531,39.5523681640625,85.8665542602539
2022-06-07,145.6578826904297,32.66165542602539,104.97627258300781,449.2247314453125,151.97903442382812,20.987546920776367,35.235565185546875,116.04523468017578,289.7732238769531,158.12586975097656,117.01935577392578,55.81562805175781,225.27809143066406,193.9468536376953,79.54876708984375,74.41718292236328,263.157470703125,18.848526000976562,144.52391052246094,42.43991470336914,301.81610107421875,44.296791076660156,392.3929748535156,459.79205322265625,39.077247619628906,89.80196380615234
2022-06-08,144.92327880859375,32.24834442138672,104.2491226196289,445.61590576171875,152.76344299316406,20.624818801879883,34.90591812133789,116.08932495117188,283.61737060546875,157.18601989746094,115.15705108642578,55.497947692871094,222.26458740234375,194.92823791503906,78.66956329345703,72.5595932006836,261.13909912109375,18.57558822631836,143.80374145507812,42.05453109741211,299.6441345214844,44.876197814941406,388.1268005371094,456.489990234375,38.73832702636719,90.86183166503906
2022-06-09,139.7124786376953,31.008359909057617,101.426025390625,449.4818115234375,149.71875,20.018434524536133,34.1458854675293,113.75305938720703,274.1899108886719,154.0206756591797,112.73693084716797,54.53605651855469,219.1425323486328,182.3982696533203,77.36836242675781,70.78047943115234,255.71176147460938,17.977916717529297,141.24400329589844,40.72533416748047,291.6181945800781,43.58159255981445,378.89605712890625,452.6976318359375,38.332881927490234,88.89848327636719
2022-06-10,134.31556701660156,29.804325103759766,99.94603729248047,441.15960693359375,147.9307861328125,19.47034454345703,33.4172248840332,110.11367797851562,258.68768310546875,152.99217224121094,107.55487823486328,54.19189453125,214.81689453125,174.04165649414062,76.6474380493164,67.50135040283203,244.31629943847656,16.908090591430664,141.01840209960938,39.301753997802734,281.3327331542969,42.73965835571289,367.9096984863281,448.25799560546875,38.54827117919922,87.2739028930664
2022-06-13,129.17332458496094,28.771018981933594,95.60874938964844,430.6284484863281,141.12461853027344,18.6264591217041,32.28271484375,105.38964080810547,255.3529510498047,151.44940185546875,104.35206604003906,54.13013458251953,215.80328369140625,162.83010864257812,74.7308120727539,65.56526947021484,233.95419311523438,15.586240768432617,138.60621643066406,37.68154525756836,268.2518005371094,40.123313903808594,353.9407653808594,434.4484558105469,37.82291793823242,83.26900482177734
2022-06-14,130.03524780273438,28.26783561706543,95.37774658203125,433.05645751953125,141.31016540527344,18.47855567932129,31.895322799682617,105.7095947265625,254.6500244140625,149.1263427734375,102.61572265625,52.64576721191406,216.06570434570312,162.30470275878906,74.89923858642578,65.37340545654297,236.10769653320312,15.774505615234375,135.46514892578125,37.68941116333008,268.73876953125,39.12747573852539,352.8742980957031,427.0951232910156,37.83876037597656,83.4862060546875
2022-06-15,132.6504364013672,28.797971725463867,93.52991485595703,436.85577392578125,138.535400390625,18.852651596069336,32.18125534057617,108.72986602783203,261.4366760253906,150.72235107421875,103.83028411865234,53.03684616088867,216.19239807128906,167.87579345703125,75.01445007324219,66.29784393310547,243.1284637451172,16.462825775146484,136.91421508789062,38.15346145629883,275.44970703125,37.58844757080078,357.9049377441406,429.48150634765625,37.81340789794922,82.43500518798828
2022-06-16,127.39068603515625,28.618267059326172,87.6185302734375,430.1617736816406,131.1304168701172,18.426359176635742,31.074424743652344,105.0340347290039,256.8490905761719,150.80210876464844,102.0489501953125,52.5035514831543,212.83509826660156,159.46961975097656,75.24491882324219,64.49256134033203,236.57127380371094,15.540417671203613,136.25474548339844,37.343353271484375,264.3362731933594,34.83631134033203,346.0596923828125,423.36431884765625,38.20618438720703,79.3944320678711
2022-06-17,128.85987854003906,28.681163787841797,80.19293975830078,425.3342590332031,125.14234161376953,18.104463577270508,30.723922729492188,106.1335678100586,252.17140197753906,150.2523956298828,101.6890640258789,52.82353973388672,212.10206604003906,162.31463623046875,75.00559997558594,63.57684326171875,239.15936279296875,15.818331718444824,136.28077697753906,36.59617233276367,267.550537109375,33.170536041259766,346.80572509765625,419.6234436035156,37.468162536621094,74.81614685058594
2022-06-21,133.08143615722656,29.516796112060547,84.93231964111328,440.96917724609375,130.37982177734375,18.539457321166992,31.572494506835938,110.49258422851562,256.6959228515625,153.4000244140625,104.20813751220703,53.952362060546875,216.81680297851562,155.68287658691406,78.02816009521484,65.08560180664062,245.04058837890625,16.501670837402344,139.44789123535156,37.83885192871094,274.3006286621094,35.14411544799805,355.5361022949219,445.8558044433594,38.6971435546875,79.47260284423828
2022-06-22,132.57208251953125,29.29216194152832,79.61121368408203,437.9698181152344,124.71222686767578,18.33066177368164,31.092866897583008,110.43663024902344,256.4525451660156,155.8206024169922,103.62335968017578,54.352333068847656,219.9569549560547,154.49331665039062,79.0297622680664,64.88502502441406,244.45147705078125,16.296472549438477,140.59324645996094,38.59389877319336,273.90057373046875,33.967201232910156,354.8915100097656,454.5441589355469,38.22835922241211,76.32775115966797
2022-06-23,135.4321746826172,28.824928283691406,75.18834686279297,452.2907409667969,120.12417602539062,18.304561614990234,30.493331909179688,111.18400573730469,257.9216613769531,159.2963104248047,102.4897689819336,55.00118637084961,220.4275665283203,157.36807250976562,81.54708862304688,64.51001739501953,249.9850311279297,16.161996841430664,142.38938903808594,39.39613723754883,277.9797668457031,31.6677303314209,358.3703918457031,463.94732666015625,39.156436920166016,74.02558898925781
2022-06-24,138.75259399414062,29.03159523010254,77.77191925048828,461.2127380371094,122.09774017333984,18.80045509338379,31.295791625976562,116.86296844482422,272.86505126953125,161.62815856933594,105.54862213134766,56.0322380065918,224.33692932128906,168.67874145507812,82.54869079589844,67.86763000488281,258.5220031738281,17.059497833251953,144.15081787109375,40.575889587402344,287.5043029785156,31.740156173706055,369.76434326171875,460.07647705078125,39.18810272216797,75.4937515258789
2022-06-27,138.75259399414062,29.067529678344727,79.5134048461914,458.7180480957031,124.45919036865234,18.7569522857666,31.673954010009766,114.74166107177734,271.08953857421875,161.4774627685547,104.70292663574219,55.91668701171875,223.54965209960938,168.01458740234375,83.68326568603516,67.53623962402344,255.80828857421875,16.803491592407227,144.34170532226562,40.803993225097656,285.3963928222656,32.491554260253906,368.35198974609375,469.3775634765625,39.31480407714844,77.34416961669922
2022-06-28,134.6192169189453,28.986663818359375,82.09114074707031,446.20623779296875,126.45805358886719,18.722158432006836,31.627838134765625,110.95171356201172,269.9267883300781,156.8845672607422,104.19913482666016,55.35671615600586,219.7488555908203,159.2812957763672,81.4495849609375,68.16415405273438,247.6866455078125,15.919939041137695,142.31130981445312,39.844444274902344,276.7013854980469,33.46929168701172,360.8255310058594,471.9580993652344,38.760498046875,79.48997497558594
2022-06-29,136.3724365234375,28.627248764038086,78.84955596923828,447.37738037109375,123.96159362792969,18.669952392578125,31.351131439208984,110.64859771728516,273.3426208496094,156.9289093017578,103.73130798339844,55.75669860839844,224.1921844482422,162.51287841796875,81.9991455078125,68.19031524658203,251.33706665039062,15.481647491455078,144.67140197753906,40.06466293334961,276.9550476074219,32.75410079956055,360.5316467285156,478.7064514160156,38.61796188354492,76.55364227294922
2022-06-30,133.91397094726562,27.9713191986084,77.42707061767578,456.3661804199219,122.10613250732422,18.461158752441406,31.065196990966797,107.9359130859375,267.70062255859375,157.3899383544922,101.31120300292969,55.91668701171875,223.41390991210938,159.8463134765625,80.81140899658203,66.33271026611328,248.0246124267578,15.100135803222656,144.6106719970703,41.236572265625,273.5199279785156,32.37386703491211,357.6025390625,476.77569580078125,38.510257720947266,74.39913177490234
2022-07-01,136.07861328125,28.357690811157227,78.43575286865234,462.53631591796875,123.56522369384766,18.348060607910156,31.39725112915039,107.71253967285156,269.69244384765625,159.1721649169922,102.60673522949219,57.223270416259766,228.91600036621094,158.6369171142578,81.91937255859375,66.93447875976562,250.68032836914062,14.466605186462402,146.97950744628906,41.142189025878906,275.3254089355469,32.27428436279297,361.3847351074219,480.27520751953125,38.84284973144531,76.05845642089844
2022-07-05,138.6546630859375,28.070159912109375,72.96990203857422,464.916748046875,120.31814575195312,18.113162994384766,30.622465133666992,112.19537353515625,267.8628845214844,157.9485626220703,102.21644592285156,56.24555969238281,228.3096466064453,166.7258758544922,82.11437225341797,66.3763198852539,253.8382568359375,14.905891418457031,146.6498260498047,40.615230560302734,280.038818359375,30.17396354675293,362.0672912597656,468.9876708984375,39.35597610473633,73.67808532714844
2022-07-06,139.9867401123047,27.8365421295166,71.8491439819336,469.0968933105469,118.73258972167969,18.243663787841797,30.456438064575195,113.4920425415039,264.7624816894531,158.09042358398438,101.55388641357422,56.361106872558594,227.55856323242188,168.2921142578125,82.54869079589844,65.80072021484375,257.0830383300781,15.071247100830078,148.11622619628906,41.48823928833008,281.83441162109375,29.630775451660156,363.2900695800781,478.3165283203125,39.63471221923828,72.34889221191406
2022-07-07,143.34637451171875,28.627248764038086,74.44414520263672,471.2869873046875,121.04347229003906,18.6264591217041,31.138980865478516,117.66334533691406,269.1246643066406,158.2677459716797,104.1224594116211,55.91668701171875,228.8979034423828,170.6910858154297,82.44234466552734,67.14376831054688,259.197998046875,15.796419143676758,147.82118225097656,42.01520538330078,287.8653564453125,31.124536514282227,368.7311096191406,477.4718933105469,39.69490432739258,74.65977478027344
2022-07-08,144.0221405029297,28.56435203552246,74.53897094726562,477.5619201660156,120.41093444824219,18.548154830932617,31.1297607421875,118.22846221923828,267.2049255371094,158.0726776123047,103.79570770263672,56.12110900878906,229.1693878173828,169.39248657226562,82.23845672607422,66.91703796386719,258.4833068847656,15.776495933532715,149.14004516601562,41.81857681274414,288.22650146484375,31.07021713256836,368.42779541015625,481.4169921875,39.72024154663086,74.78138732910156
2022-07-11,141.89671325683594,28.26783561706543,73.75443267822266,475.04815673828125,119.34825897216797,18.052263259887695,30.687030792236328,114.58612823486328,264.23968505859375,158.13478088378906,102.43428802490234,55.94335174560547,229.20559692382812,161.4620819091797,83.58576965332031,66.12340545654297,255.4413299560547,15.093161582946777,147.91664123535156,41.59835433959961,282.0687561035156,30.210174560546875,364.21905517578125,479.85748291015625,39.7360725402832,74.39913177490234
2022-07-12,142.8664093017578,28.17798614501953,71.94398498535156,467.1163330078125,117.16389465332031,18.13055992126465,30.4379940032959,112.94574737548828,263.65374755859375,155.9181365966797,102.53411102294922,55.703365325927734,227.57669067382812,161.84872436523438,82.96529388427734,66.22808074951172,244.97299194335938,15.02343463897705,147.074951171875,40.92982482910156,279.3362121582031,29.630775451660156,360.99609375,477.5089416503906,39.61572265625,73.40877532958984
2022-07-13,142.50396728515625,27.710750579833984,71.65087127685547,468.6874694824219,116.37953186035156,18.156665802001953,30.44721221923828,110.30387878417969,261.5087890625,155.5546417236328,101.57203674316406,55.44561004638672,228.65354919433594,162.06680297851562,83.11597442626953,65.3908462524414,244.0555419921875,15.10511302947998,147.59555053710938,40.733192443847656,278.7603759765625,29.232444763183594,359.1002197265625,465.274658203125,39.71073532104492,73.70415496826172
2022-07-14,145.4228057861328,27.072790145874023,70.35767364501953,487.464599609375,114.65057373046875,17.973966598510742,29.561744689941406,109.32717895507812,253.7937774658203,155.76739501953125,98.0232162475586,55.2678337097168,228.5902099609375,156.67416381835938,83.21348571777344,65.13790130615234,245.36888122558594,15.31230640411377,148.359130859375,40.4185905456543,279.755859375,28.36334800720215,358.2281799316406,466.37933349609375,40.48676681518555,72.227294921875
2022-07-15,147.0879364013672,28.977680206298828,71.46118927001953,497.9483642578125,116.09276580810547,18.33066177368164,29.875349044799805,110.72389221191406,264.8615417480469,158.02833557128906,102.5159683227539,55.55226135253906,230.77114868164062,163.26625061035156,84.1707763671875,68.06822204589844,247.91842651367188,15.70079231262207,148.48062133789062,40.70173263549805,284.8304443359375,29.24149513244629,365.0722351074219,491.73907470703125,40.88270568847656,73.44352722167969
2022-07-18,144.05157470703125,28.986663818359375,73.34062194824219,491.6161804199219,117.72053527832031,18.32196044921875,30.336530685424805,108.00227355957031,271.52203369140625,154.48175048828125,101.4631118774414,54.79676055908203,228.4273223876953,165.77423095703125,81.84844207763672,68.77464294433594,245.53309631347656,16.038476943969727,145.9989776611328,39.91523361206055,282.4200134277344,29.992900848388672,362.05780029296875,482.1038818359375,40.78769302368164,74.79876708984375
2022-07-19,147.90087890625,29.966060638427734,76.28044891357422,495.35833740234375,121.96278381347656,18.7569522857666,31.138980865478516,112.73722839355469,286.6547546386719,152.22964477539062,103.97722625732422,55.57892608642578,232.11952209472656,174.2498016357422,81.86619567871094,71.20780944824219,250.63211059570312,16.92601776123047,147.56085205078125,40.402862548828125,291.1053466796875,30.97969627380371,371.8403015136719,495.173583984375,41.03791809082031,76.6839370727539
2022-07-20,149.8990478515625,29.975053787231445,78.2029800415039,499.1385498046875,123.57367706298828,18.748254776000977,31.258892059326172,112.82637786865234,289.7191467285156,151.3607177734375,103.95909881591797,54.66343307495117,230.3820037841797,181.4961700439453,79.46408081054688,71.34735107421875,253.27813720703125,17.73784828186035,145.9989776611328,39.97028732299805,295.7212829589844,30.907270431518555,374.2101135253906,482.1966552734375,41.3800048828125,77.52659606933594
2022-07-21,152.16160583496094,30.235624313354492,76.66840362548828,504.14703369140625,122.62906646728516,18.922252655029297,31.32345962524414,113.26221466064453,294.306640625,151.89268493652344,104.6670150756836,54.53899002075195,229.37754821777344,181.57546997070312,79.89842224121094,72.40260314941406,255.76004028320312,17.97990608215332,146.21592712402344,40.206233978271484,299.96636962890625,30.445558547973633,378.0207214355469,484.9721374511719,41.9849853515625,76.23220825195312
2022-07-22,150.927490234375,30.037954330444336,75.97870635986328,504.39459228515625,121.60855102539062,18.922252655029297,31.111312866210938,106.8829345703125,291.9542541503906,152.6108856201172,104.15877532958984,54.74341583251953,229.8480987548828,167.79649353027344,79.87184143066406,71.88805389404297,251.43357849121094,17.251745223999023,147.17037963867188,40.292755126953125,294.7063293457031,31.749202728271484,374.5134582519531,483.9974060058594,41.877288818359375,75.650146484375
2022-07-25,149.81085205078125,30.307504653930664,79.35823822021484,503.8423156738281,125.22667694091797,19.157150268554688,31.535600662231445,106.49659729003906,292.12554931640625,152.912353515625,104.5762710571289,55.2767219543457,226.5812225341797,165.19927978515625,80.24408721923828,71.99271392822266,249.9560546875,16.95789337158203,147.37863159179688,40.717464447021484,293.0278015136719,32.74503707885742,374.96844482421875,491.4790344238281,41.817115783691406,78.16948699951172
2022-07-26,148.4886016845703,29.696504592895508,78.53059387207031,487.4551696777344,124.24837493896484,18.91355323791504,31.148208618164062,104.03007507324219,287.1053161621094,153.99407958984375,102.94255065917969,56.1833381652832,232.6534423828125,157.7645721435547,80.91776275634766,70.45780944824219,243.263671875,16.468799591064453,149.0966796875,41.13432312011719,287.2701416015625,32.22901916503906,370.53216552734375,493.447021484375,38.6369514465332,77.86544036865234
2022-07-27,153.5720672607422,30.18170928955078,80.41000366210938,497.3388671875,125.884521484375,19.444246292114258,31.86765480041504,111.99430084228516,292.5041198730469,153.5684814453125,104.59442138671875,56.00557327270508,234.28236389160156,168.10379028320312,80.86458587646484,71.95782470703125,259.5262756347656,17.720918655395508,148.88841247558594,40.859039306640625,299.4101257324219,32.889892578125,380.15350341796875,496.2502746582031,40.097164154052734,79.55078887939453
2022-07-28,154.12060546875,29.939111709594727,81.09107971191406,511.4271545410156,126.83756256103516,19.5312442779541,32.15358352661133,113.14336395263672,296.6229248046875,154.4551544189453,104.20414733886719,56.93885040283203,238.41793823242188,159.32090759277344,79.72115325927734,73.02748107910156,266.9333801269531,17.914165496826172,151.70843505859375,40.201175689697266,302.33782958984375,32.3286018371582,384.92156982421875,502.63665771484375,41.09809494018555,80.48033905029297
2022-07-29,159.1746826171875,30.3793888092041,83.9964370727539,516.310546875,138.1305694580078,19.78354263305664,32.56864929199219,115.22357177734375,300.48046875,154.73887634277344,104.70333862304688,57.03662872314453,238.33651733398438,157.7150115966797,79.18931579589844,74.21601867675781,271.1148986816406,18.09246826171875,151.81259155273438,40.03471755981445,307.8514709472656,33.52360534667969,390.5332946777344,503.42578125,41.82661819458008,84.2072525024414
2022-08-01,158.19517517089844,30.28952980041504,81.98770904541016,521.5663452148438,135.37266540527344,19.77484130859375,32.245819091796875,113.77732849121094,299.2997741699219,154.19802856445312,103.65957641601562,57.34770965576172,239.1147918701172,158.5377655029297,78.47135162353516,74.03111267089844,268.478515625,18.3693904876709,153.5392608642578,40.11398696899414,307.6661071777344,32.953277587890625,389.37677001953125,496.96502685546875,41.98182678222656,82.0788345336914
2022-08-02,156.72598266601562,29.687522888183594,81.65148162841797,518.3709106445312,134.21725463867188,19.522546768188477,32.06134796142578,114.04479217529297,295.5143127441406,153.32022094726562,102.04400634765625,56.565528869628906,236.23699951171875,158.79551696777344,77.6558837890625,73.53811645507812,265.3978576660156,18.454059600830078,152.27244567871094,39.384788513183594,306.7486877441406,33.21580123901367,386.8079528808594,497.03936767578125,42.02615737915039,81.72264099121094
2022-08-03,162.7203826904297,30.226633071899414,78.72888946533203,521.7571411132812,131.02919006347656,19.618242263793945,32.255043029785156,116.96698760986328,300.2822265625,154.80093383789062,103.11500549316406,56.81441116333008,237.1781768798828,167.33058166503906,77.66474914550781,74.87628936767578,272.7855529785156,18.81963348388672,153.43519592285156,39.519535064697266,315.1023254394531,32.17469787597656,392.86517333984375,501.8569641113281,41.335655212402344,79.07298278808594
2022-08-04,162.40692138671875,30.0109920501709,77.48743438720703,518.1992797851562,127.47010040283203,19.609546661376953,32.22737503051758,117.07594299316406,299.11053466796875,152.31829833984375,101.98047637939453,56.59220504760742,235.8660125732422,169.08518981933594,76.95562744140625,75.14920043945312,273.9250793457031,19.140382766723633,152.60218811035156,39.519535064697266,316.5757751464844,30.73525619506836,392.5998229980469,495.4520263671875,39.77408218383789,75.74568939208984
2022-08-05,162.1813507080078,30.5141658782959,80.04792022705078,515.7097778320312,129.57858276367188,19.47034454345703,32.06134796142578,116.36273193359375,301.6341857910156,151.7154083251953,105.0663833618164,56.33444595336914,234.59002685546875,165.65530395507812,77.47859954833984,75.82709503173828,273.2105407714844,18.91526222229004,151.4568328857422,39.05188751220703,313.9897766113281,31.378023147583008,391.93621826171875,496.6679382324219,40.093997955322266,76.84031677246094
2022-08-08,161.71054077148438,30.09186553955078,80.72035217285156,516.883056640625,129.38462829589844,19.653043746948242,32.33805465698242,116.1943359375,301.6430969238281,150.90853881835938,103.78662872314453,55.97001266479492,232.39097595214844,168.7679443359375,78.43588256835938,75.73906707763672,270.7092590332031,17.723905563354492,150.8494415283203,39.2896728515625,312.97491455078125,31.36897087097168,391.481201171875,498.09735107421875,40.420257568359375,77.27466583251953
2022-08-09,161.75958251953125,30.478227615356445,82.3411636352539,511.0836181640625,131.0714111328125,19.496444702148438,32.116695404052734,115.53063201904297,303.39166259765625,150.8907928466797,104.72147369384766,56.0411262512207,235.34112548828125,167.0629119873047,79.34886169433594,76.02958679199219,272.6214294433594,17.019651412963867,151.4134521484375,39.45612335205078,309.432373046875,31.676776885986328,389.9266357421875,498.710205078125,40.81935119628906,78.69941711425781
2022-08-10,165.996826171875,31.511545181274414,82.7463607788086,514.8990478515625,131.4171905517578,20.027137756347656,32.91914749145508,118.57170104980469,313.5671691894531,151.32525634765625,107.45343780517578,56.57442855834961,236.517578125,176.7875213623047,79.0563735961914,78.25695037841797,279.2462463378906,18.0267276763916,152.66294860839844,39.590858459472656,318.0688781738281,31.613399505615234,398.1166076660156,499.13720703125,40.904869079589844,79.44652557373047
2022-08-11,165.2611846923828,32.26630401611328,86.5224380493164,507.6307373046875,134.62210083007812,20.044538497924805,33.10361862182617,117.71981048583984,316.96502685546875,148.19537353515625,109.04177856445312,56.19222640991211,234.63526916503906,175.94493103027344,78.8259048461914,79.41024017333984,277.17950439453125,17.87232208251953,151.88194274902344,38.27513122558594,316.2635803222656,33.3968620300293,398.1166076660156,494.6258544921875,41.29935836791992,81.74476623535156
2022-08-12,168.80201721191406,32.61674118041992,88.58292388916016,512.409423828125,134.81607055664062,20.22723388671875,33.42644500732422,120.53305053710938,318.8937683105469,146.56393432617188,110.84793090820312,56.61887741088867,237.25965881347656,178.9287109375,80.67843627929688,80.69561004638672,281.9019470214844,18.6363468170166,153.86904907226562,39.71767807006836,322.4213562011719,33.62318801879883,404.85638427734375,504.68804931640625,42.0628662109375,82.45528411865234
2022-08-15,169.87112426757812,32.57181167602539,87.26660919189453,520.5552368164062,132.25213623046875,19.992338180541992,33.06672286987305,120.92928314208984,320.72344970703125,147.26437377929688,111.1474380493164,57.32994079589844,240.20974731445312,179.31532287597656,80.30615997314453,81.01252746582031,283.4084777832031,18.958097457885742,155.56103515625,39.43234634399414,325.0270080566406,32.37386703491211,406.5246276855469,505.56060791015625,42.18375015258789,80.98162078857422
2022-08-16,169.7141876220703,32.922237396240234,86.68638610839844,527.48974609375,131.914794921875,20.096736907958984,33.444889068603516,120.55284118652344,319.9302673339844,148.57664489746094,112.20936584472656,57.80101776123047,240.9789581298828,177.90769958496094,80.29729461669922,80.83645629882812,282.6744689941406,18.805688858032227,156.46348571777344,39.519535064697266,324.265869140625,32.21091079711914,407.3208923339844,506.93438720703125,44.33748245239258,80.22722625732422
2022-08-17,171.20506286621094,32.715579986572266,87.77754211425781,530.6373901367188,133.0027618408203,19.844438552856445,33.094390869140625,118.42313385009766,318.8217468261719,148.58554077148438,111.26543426513672,57.667686462402344,241.45858764648438,173.32789611816406,80.6961669921875,80.42266845703125,281.9293212890625,18.263797760009766,156.37669372558594,39.05188751220703,320.56719970703125,32.04795455932617,404.4297180175781,505.894775390625,44.38520431518555,80.87635803222656
2022-08-18,170.81268310546875,32.59877014160156,90.82584381103516,535.0630493164062,135.33465576171875,19.931438446044922,33.1866340637207,119.03728485107422,319.5246887207031,147.8673095703125,110.4031982421875,57.96989822387695,241.24139404296875,173.1395721435547,81.01527404785156,80.75723266601562,280.8163757324219,18.700103759765625,156.53286743164062,38.50498580932617,321.3381652832031,33.6141471862793,405.60516357421875,506.0989685058594,44.24204635620117,82.78861999511719
2022-08-19,168.2331085205078,31.879934310913086,91.05101776123047,528.9298095703125,134.2027587890625,19.661741256713867,32.771568298339844,116.10517883300781,314.79296875,150.11940002441406,107.67127990722656,57.92546081542969,241.20521545410156,166.4978790283203,81.61800384521484,79.24298858642578,276.92596435546875,17.77968978881836,156.33328247070312,38.9567756652832,315.0729675292969,33.60508346557617,400.1547546386719,508.97662353515625,43.589874267578125,82.52545928955078
2022-08-22,164.35882568359375,31.197052001953125,91.13761138916016,520.2880859375,133.53041076660156,19.461645126342773,32.43029022216797,113.16317749023438,308.61920166015625,149.59275817871094,105.8923110961914,57.06328201293945,237.9564208984375,161.63064575195312,80.80253601074219,77.87837982177734,268.7967834472656,16.96785545349121,154.84085083007812,38.75862503051758,306.7779541015625,33.42402267456055,391.82244873046875,505.4956359863281,42.81046676635742,82.46405792236328
2022-08-23,164.0253143310547,30.91851234436035,93.91748046875,517.0450439453125,137.86227416992188,19.505146026611328,32.68855285644531,112.78675842285156,306.6002502441406,148.28956604003906,104.84854888916016,57.12550735473633,235.7755126953125,159.70753479003906,79.95160675048828,77.73753356933594,267.5289306640625,17.114282608032227,154.7714385986328,38.05320358276367,306.5242614746094,35.63298797607422,390.87457275390625,497.35491943359375,42.62913513183594,85.96401977539062
2022-08-24,164.31956481933594,31.017351150512695,95.7100830078125,518.1419677734375,138.883544921875,19.557342529296875,32.660884857177734,112.61836242675781,308.1864929199219,147.798583984375,105.10270690917969,57.20549774169922,236.0651092529297,161.8387908935547,79.78319549560547,78.00163269042969,266.89990234375,17.155122756958008,155.54367065429688,37.59349060058594,307.4122619628906,36.13090133666992,392.1257629394531,497.967529296875,42.937713623046875,86.47278594970703
2022-08-25,166.7716522216797,31.574434280395508,97.06104278564453,525.343505859375,140.10052490234375,19.896638870239258,33.03905487060547,115.55046081542969,312.2873229980469,149.18218994140625,107.59864044189453,57.481040954589844,237.60350036621094,167.3107452392578,80.01364135742188,79.15494537353516,269.8612365722656,17.843441009521484,155.55238342285156,37.96601486206055,312.8480224609375,36.366275787353516,397.6615905761719,502.7109680175781,43.22403335571289,86.92015075683594
2022-08-26,160.4844970703125,30.577064514160156,97.0956802368164,507.2682800292969,139.07078552246094,19.522546768188477,32.245819091796875,109.2999267578125,303.1933288574219,146.62928771972656,104.07707977294922,56.094459533691406,232.52674865722656,160.37167358398438,79.118408203125,76.4257583618164,259.44818115234375,16.196857452392578,151.88194274902344,37.10999298095703,300.0248107910156,35.68729782104492,384.2012023925781,491.2749328613281,41.865631103515625,85.8499984741211
2022-08-29,158.28741455078125,30.460262298583984,98.22147369384766,506.5433349609375,140.10903930664062,19.452943801879883,32.2642707824707,108.38860321044922,300.9581604003906,145.49566650390625,103.82294464111328,55.75669860839844,231.359375,157.78440856933594,77.63814544677734,75.14039611816406,256.6803283691406,15.739640235900879,151.40475463867188,36.64235305786133,297.0679931640625,36.556392669677734,381.66070556640625,491.75762939453125,42.272830963134766,87.82365417480469
2022-08-30,155.86476135253906,30.630979537963867,95.69275665283203,499.94281005859375,136.69630432128906,19.18324851989746,31.480262756347656,107.91313934326172,300.69683837890625,144.98690795898438,103.84107971191406,55.241180419921875,229.3956298828125,155.7919158935547,77.00880432128906,74.3304672241211,254.49313354492188,15.407936096191406,150.1032257080078,36.341163635253906,293.75970458984375,35.01736831665039,377.47088623046875,485.3248596191406,42.145572662353516,84.48157501220703
2022-08-31,154.2071533203125,30.199682235717773,94.78346252441406,497.9970397949219,134.51760864257812,19.061452865600586,31.074424743652344,107.19990539550781,302.0952453613281,144.0139617919922,103.22392272949219,54.8500862121582,229.55032348632812,161.5116729736328,75.66151428222656,75.02595520019531,253.04156494140625,15.035387992858887,149.47848510742188,35.84974670410156,292.052001953125,34.53755187988281,374.5987548828125,482.0666809082031,42.16783905029297,83.85000610351562
2022-09-01,154.9329376220703,30.27204132080078,93.12074279785156,504.74066162109375,132.37298583984375,18.90485191345215,30.770038604736328,108.7055892944336,302.84893798828125,147.58441162109375,103.93184661865234,55.10784912109375,233.36277770996094,163.92050170898438,77.24815368652344,75.86231994628906,252.00601196289062,13.882881164550781,150.98968505859375,36.95940399169922,292.17877197265625,33.36064910888672,375.7741394042969,486.4016418457031,42.78183364868164,82.34123992919922
2022-09-02,152.82415771484375,30.235864639282227,95.48491668701172,495.14508056640625,134.33892822265625,18.939653396606445,31.0467472076416,106.83340454101562,301.0146484375,145.2636260986328,103.20574188232422,54.352333068847656,231.57936096191406,158.92440795898438,76.43267822265625,76.06481170654297,247.80589294433594,13.59400749206543,149.07666015625,36.22227096557617,288.05084228515625,34.46512985229492,371.8118591308594,479.3004455566406,42.31100082397461,83.85000610351562
2022-09-06,151.5686798095703,29.90121078491211,94.07333374023438,494.94476318359375,133.71762084960938,18.67865562438965,30.69624900817871,105.80321502685547,296.48321533203125,145.6563720703125,103.23299407958984,54.379005432128906,231.47021484375,157.15985107421875,76.60108184814453,74.94670867919922,245.08648681640625,13.412714004516602,148.07208251953125,36.269832611083984,285.9819641113281,33.97854995727539,370.4089660644531,480.5350341796875,42.101036071777344,83.28861236572266
2022-09-07,152.97129821777344,30.36248207092285,92.45391082763672,505.1889343261719,132.00701904296875,18.669952392578125,31.05596923828125,108.41831970214844,300.17919921875,146.4507598876953,105.19344329833984,55.38338851928711,235.13711547851562,158.9937744140625,76.99995422363281,76.46977996826172,249.77044677734375,13.664804458618164,151.33912658691406,36.56309509277344,291.75921630859375,33.70570755004883,377.0633544921875,484.2480773925781,43.18267059326172,82.57807922363281
2022-09-08,151.5000457763672,31.339298248291016,93.80488586425781,504.6929626464844,132.72190856933594,18.843952178955078,31.39725112915039,107.35841369628906,304.5561218261719,147.62901306152344,107.64403533935547,55.21450424194336,236.64755249023438,160.6492462158203,77.48744201660156,77.86077880859375,250.18663024902344,13.939815521240234,150.83242797851562,37.316070556640625,293.271728515625,34.715240478515625,379.5279235839844,489.65972900390625,43.40217971801758,83.25350952148438
2022-09-09,154.35426330566406,31.601587295532227,96.96578979492188,511.8086242675781,136.1431427001953,19.444246292114258,32.18125534057617,109.60701751708984,308.84246826171875,147.91465759277344,108.161376953125,55.392276763916016,236.13796997070312,167.6775360107422,77.41655731201172,78.7587661743164,255.9351348876953,14.335391998291016,151.31288146972656,37.918453216552734,299.6833801269531,36.06128692626953,385.4239807128906,488.2444763183594,43.532615661621094,84.64824676513672
2022-09-12,160.29815673828125,31.900049209594727,99.06148529052734,514.6128540039062,138.2963409423828,19.653043746948242,32.633216857910156,109.8150405883789,311.0944519042969,147.85214233398438,109.44112396240234,55.55226135253906,236.91139221191406,167.48919677734375,78.14337921142578,79.36622619628906,258.05450439453125,14.452969551086426,151.90689086914062,37.85505294799805,303.2453918457031,36.516021728515625,389.56640625,494.6786804199219,43.92391586303711,85.62193298339844
2022-09-13,150.8918914794922,30.75140380859375,97.27754974365234,486.7417907714844,135.6665496826172,18.80915641784668,31.600170135498047,103.33667755126953,298.2085876464844,144.0050048828125,105.6381607055664,53.747928619384766,231.4155731201172,151.79698181152344,76.47696685791016,76.6370620727539,243.86712646484375,13.083893775939941,146.23768615722656,36.61064147949219,286.6163024902344,34.98808670043945,372.6270751953125,478.5789794921875,43.01724624633789,83.62194061279297
2022-09-14,152.33372497558594,30.63381576538086,101.93659210205078,484.5479431152344,138.95164489746094,18.774354934692383,31.766185760498047,104.01026916503906,297.18243408203125,146.9774169921875,105.39312744140625,54.03235626220703,232.68032836914062,150.1514129638672,77.69219970703125,76.75150299072266,244.0897216796875,13.08090877532959,147.34703063964844,36.578948974609375,288.8901062011719,36.5978889465332,374.0489501953125,474.67742919921875,42.921810150146484,85.674560546875
2022-09-15,149.45005798339844,31.212663650512695,100.07470703125,480.25567626953125,136.69630432128906,18.6264591217041,31.341909408569336,101.9399642944336,301.14178466796875,147.3523406982422,106.9814682006836,53.298194885253906,230.6331024169922,148.24813842773438,77.51348114013672,77.70230865478516,237.47018432617188,12.882621765136719,144.90118408203125,36.41249084472656,284.07904052734375,36.0430908203125,369.80224609375,486.9127502441406,42.46052551269531,83.18334197998047
2022-09-16,147.8120880126953,30.85993194580078,97.9703369140625,480.8662414550781,133.14744567871094,18.47855567932129,30.954517364501953,101.83101654052734,296.2289733886719,149.6016845703125,106.26445770263672,53.307151794433594,231.94334411621094,145.01651000976562,78.38020324707031,76.97160339355469,236.85084533691406,13.150655746459961,145.85330200195312,36.483829498291016,282.3418884277344,34.89713668823242,366.9810791015625,485.1529846191406,42.37144470214844,81.76231384277344
2022-09-19,151.5196533203125,31.375465393066406,97.74519348144531,483.18402099609375,133.53041076660156,18.652555465698242,31.33268165588379,102.09846496582031,298.4538269042969,148.42343139648438,107.24468231201172,53.71004104614258,233.8541717529297,146.7314910888672,77.41519165039062,78.10728454589844,236.63787841796875,13.333996772766113,147.39071655273438,36.01618957519531,284.5406799316406,35.442832946777344,369.8269348144531,487.50885009765625,42.73411178588867,81.7535400390625
2022-09-20,153.89328002929688,30.905155181884766,97.0523910522461,476.4594421386719,133.0027618408203,18.443758010864258,30.742368698120117,100.18666076660156,293.55010986328125,147.25411987304688,105.12991333007812,53.62946319580078,232.38922119140625,144.8182373046875,76.84333038330078,76.76030731201172,234.6346435546875,13.12873363494873,147.5567169189453,35.485137939453125,282.2725830078125,35.01536178588867,365.58184814453125,486.8104248046875,42.48596954345703,81.08686065673828
2022-09-21,150.77420043945312,29.98261070251465,96.20368957519531,470.30718994140625,131.9219207763672,18.069665908813477,30.21661949157715,98.34418487548828,291.2344665527344,145.74559020996094,102.09845733642578,53.18181228637695,228.45838928222656,140.8828125,75.52983856201172,76.02958679199219,231.24742126464844,13.21342945098877,147.13739013671875,34.81142807006836,277.2181701660156,34.17864227294922,359.2048034667969,476.828369140625,42.874088287353516,79.77986907958984
2022-09-22,149.81298828125,29.39472007751465,95.31171417236328,464.6795959472656,131.81979370117188,18.034862518310547,29.866121292114258,99.19607543945312,284.160400390625,148.33416748046875,100.93669891357422,53.056453704833984,225.601318359375,141.57675170898438,78.19256591796875,74.62979888916016,233.21200561523438,12.51594066619873,147.27719116210938,35.326622009277344,273.80615234375,34.769805908203125,356.1875305175781,481.8380432128906,42.43507385253906,79.44654083251953
2022-09-23,147.5472412109375,28.698287963867188,87.11072540283203,444.8685302734375,123.20712280273438,17.356273651123047,28.869972229003906,97.80928039550781,274.2167663574219,148.81617736816406,99.05792236328125,52.46554946899414,223.7906036376953,139.1876983642578,77.540283203125,71.75975036621094,230.25064086914062,12.471102714538574,147.20729064941406,34.9382438659668,269.3482360839844,31.8321533203125,350.2196350097656,478.2530212402344,41.37571334838867,75.2185287475586
2022-09-26,147.8807830810547,28.06517219543457,85.90699005126953,458.1268005371094,119.964599609375,17.21707534790039,28.34422492980957,97.24464416503906,267.5422668457031,147.90574645996094,96.92501831054688,51.81196975708008,221.79788208007812,135.182861328125,77.00418090820312,70.2190933227539,229.79580688476562,12.184135437011719,147.14613342285156,34.74008560180664,268.2337341308594,30.795337677001953,346.7550964355469,473.36444091796875,41.77336120605469,73.66590118408203
2022-09-27,148.8517608642578,27.649124145507812,85.52595520019531,456.2191162109375,120.01567840576172,17.06917381286621,28.33500099182129,96.58096313476562,264.6000671386719,147.22731018066406,96.07186126708984,50.47794723510742,215.37400817871094,133.2300262451172,76.70035552978516,69.97257995605469,228.78933715820312,12.3684720993042,145.0147247314453,34.946170806884766,268.3412170410156,30.90447425842285,345.869873046875,473.3737487792969,41.65884780883789,75.20974731445312
2022-09-28,146.9685821533203,28.101350784301758,90.48040008544922,465.7479553222656,124.06671142578125,17.565073013305664,29.091341018676758,99.10692596435547,273.1451721191406,148.4948272705078,98.01416015625,51.015132904052734,215.5924072265625,140.3772735595703,77.540283203125,71.72454071044922,233.29910278320312,12.690313339233398,147.33831787109375,35.215660095214844,273.6791076660156,32.232330322265625,352.67535400390625,478.5603332519531,42.34598922729492,77.94657135009766
2022-09-29,139.7496337890625,27.730525970458984,91.06018829345703,456.86761474609375,123.20712280273438,17.39977264404297,28.667049407958984,96.50171661376953,268.8953857421875,146.86135864257812,96.35321807861328,50.64806365966797,213.28123474121094,135.22254943847656,77.41519165039062,70.30712127685547,229.8441925048828,12.176165580749512,145.53884887695312,35.00164794921875,265.7895812988281,32.714359283447266,345.30828857421875,473.8020935058594,42.07240295410156,77.78866577148438
2022-09-30,135.55162048339844,27.314476013183594,89.90061950683594,450.4674987792969,122.27095794677734,17.06917381286621,28.371896743774414,94.7484130859375,266.1165771484375,145.81704711914062,94.84656524658203,50.15563201904297,209.95101928710938,134.49888610839844,76.95054626464844,69.55879974365234,225.39248657226562,12.095454216003418,142.61251831054688,34.684608459472656,261.2827453613281,32.650691986083984,339.9686279296875,470.2730407714844,41.26118469238281,76.5869140625
2022-10-03,139.72018432617188,28.11944007873535,96.60319519042969,455.6754455566406,129.1304473876953,17.556371688842773,29.441835403442383,97.71022033691406,271.65594482421875,145.67422485351562,97.77816009521484,50.71968460083008,214.1365203857422,137.4033660888672,78.22828674316406,70.76492309570312,232.979736328125,12.46711540222168,144.35086059570312,34.98579788208008,267.4124450683594,34.83347702026367,348.9442443847656,480.0223083496094,42.16147994995117,80.6307373046875
2022-10-04,143.30023193359375,29.28618621826172,101.56646728515625,463.6876525878906,134.15170288085938,18.13055992126465,30.474882125854492,100.68194580078125,285.9311828613281,147.8343048095703,102.35258483886719,50.83607864379883,217.01185607910156,139.058837890625,78.97884368896484,73.92549133300781,240.85740661621094,13.119766235351562,145.97561645507812,35.23944091796875,275.8200988769531,35.57925033569336,359.7568359375,487.1549987792969,42.70866394042969,83.5693130493164
2022-10-05,143.59446716308594,28.870136260986328,101.83877563476562,458.1458740234375,134.91763305664062,18.0783634185791,30.013702392578125,100.47390747070312,280.60064697265625,147.3791046142578,101.08885955810547,50.352603912353516,217.54867553710938,137.77015686035156,78.97884368896484,73.16836547851562,241.16705322265625,13.161616325378418,145.0059814453125,34.969940185546875,275.6734619140625,37.80750274658203,358.9192810058594,490.7864990234375,42.285552978515625,86.94647979736328
2022-10-06,142.64308166503906,28.45408821105957,103.34970092773438,460.21563720703125,137.37716674804688,17.79996681213379,29.312705993652344,100.4640121459961,276.6686096191406,144.5227508544922,99.02845764160156,49.26927185058594,213.59970092773438,137.85939025878906,78.1300277709961,71.58367919921875,238.83473205566406,13.082900047302246,142.210693359375,34.153560638427734,273.5031433105469,38.64423370361328,355.2166442871094,483.39312744140625,41.89107894897461,89.52537536621094
2022-10-07,137.4053955078125,27.811925888061523,104.10517883300781,446.53765869140625,136.19418334960938,17.521568298339844,28.750064849853516,97.74983215332031,273.4085693359375,142.996337890625,97.0504379272461,48.80370330810547,212.1802215576172,132.288330078125,78.2729721069336,69.48836517333984,226.6892852783203,12.032679557800293,141.17120361328125,33.54324722290039,263.08160400390625,38.73518753051758,345.30828857421875,470.0960693359375,40.89851379394531,88.62189483642578
2022-10-10,137.7290802001953,27.730525970458984,102.60302734375,444.78265380859375,133.73468017578125,17.312772750854492,28.46413230895996,96.93758392333984,272.9181823730469,143.18382263183594,96.14385986328125,48.696266174316406,213.78167724609375,132.62533569335938,80.84632110595703,69.03056335449219,221.8601531982422,11.628134727478027,141.35467529296875,33.091461181640625,260.45172119140625,38.31681823730469,342.6717834472656,464.5184326171875,41.140296936035156,86.70084381103516
2022-10-11,136.3166961669922,26.925559997558594,101.53132629394531,450.2289733886719,133.7602081298828,17.06917381286621,28.076740264892578,96.26398468017578,267.16998291015625,145.25465393066406,93.36915588378906,48.77684783935547,215.69248962402344,127.42103576660156,81.35565185546875,67.78922271728516,218.14395141601562,11.544438362121582,142.0272216796875,33.22621154785156,256.8735656738281,37.98031234741211,340.50164794921875,465.403076171875,42.20602035522461,85.96401977539062
2022-10-12,135.68896484375,27.006959915161133,102.16380310058594,444.8493957519531,134.16018676757812,17.06917381286621,27.99372673034668,96.64039611816406,268.1689147949219,145.2189483642578,94.88013458251953,49.36775588989258,215.7015838623047,126.39009857177734,80.792724609375,67.43708801269531,218.4729461669922,11.458747863769531,147.96722412109375,33.313392639160156,256.7855529785156,38.21677780151367,339.3785095214844,465.5427551269531,41.72882843017578,86.34122467041016
2022-10-13,140.24984741210938,28.662109375,107.82103729248047,446.3851013183594,140.6622314453125,17.478071212768555,28.786958694458008,98.12625885009766,278.84808349609375,147.4147491455078,100.1548080444336,50.021331787109375,224.5185546875,129.1558074951172,82.6423110961914,69.83172607421875,226.6892852783203,11.917097091674805,152.5270538330078,34.066375732421875,262.807861328125,40.19036865234375,348.3351135253906,474.8077697753906,42.081947326660156,89.35871887207031
2022-10-14,135.7281494140625,28.671157836914062,103.62201690673828,433.66094970703125,136.28782653808594,17.03437614440918,28.10441017150879,95.64982604980469,272.4187316894531,146.79888916015625,101.82147216796875,49.2244987487793,221.2519989013672,125.65654754638672,82.3653335571289,66.29258728027344,221.19236755371094,11.186726570129395,148.66607666015625,33.97126007080078,254.90850830078125,38.34410095214844,340.3969421386719,477.8061218261719,41.49341583251953,87.00787353515625
2022-10-17,139.6809539794922,30.40770721435547,103.97340393066406,442.7414245605469,137.2835693359375,17.373674392700195,28.860748291015625,99.02767944335938,278.52117919921875,148.7001495361328,106.09799194335938,49.86017990112305,224.27285766601562,132.8731689453125,84.09877014160156,67.91249084472656,229.8732452392578,11.845355987548828,150.88485717773438,34.5974235534668,263.325927734375,38.98074722290039,349.14410400390625,485.95379638671875,41.79246139526367,88.26225280761719
2022-10-18,140.99525451660156,31.54732322692871,103.5605239868164,451.4212646484375,138.48353576660156,17.46067237854004,29.119009017944336,99.82013702392578,285.0049133300781,148.1824493408203,108.82689666748047,50.53166961669922,226.7386932373047,131.64395141601562,84.53660583496094,69.93737030029297,230.81195068359375,11.924072265625,152.92015075683594,34.946170806884766,265.4083557128906,39.435489654541016,353.2464294433594,486.2610168457031,42.673667907714844,88.42012786865234
2022-10-19,141.10317993164062,30.679044723510742,106.38914489746094,449.66632080078125,142.97714233398438,17.34757423400879,28.897642135620117,98.69088745117188,283.10699462890625,147.00421142578125,106.6932144165039,50.10191345214844,228.15814208984375,132.0701904296875,83.33033752441406,68.3526840209961,228.85707092285156,12.007771492004395,151.43519592285156,34.16941452026367,264.4403991699219,41.35451889038086,350.7431335449219,484.5012512207031,42.55278015136719,91.04290771484375
2022-10-20,140.64215087890625,30.480060577392578,107.00405883789062,443.1706848144531,143.79415893554688,17.330171585083008,28.750064849853516,99.02767944335938,282.244384765625,147.3791046142578,106.34522247314453,49.31404113769531,227.26641845703125,130.38504028320312,83.04441833496094,67.43708801269531,228.5377197265625,12.150257110595703,149.77548217773438,34.010887145996094,263.0912780761719,41.554603576660156,347.802001953125,485.0225830078125,42.65776824951172,91.16571044921875
2022-10-21,144.4478302001953,31.610626220703125,109.35830688476562,456.1046142578125,147.39410400390625,17.747764587402344,29.478729248046875,100.1767349243164,295.220947265625,150.59246826171875,111.93126678466797,50.10191345214844,231.6157989501953,128.87823486328125,85.4837417602539,69.74366760253906,234.3152618408203,12.421281814575195,151.17311096191406,35.62781524658203,269.2602233886719,45.84739685058594,356.25421142578125,496.9880065917969,43.5198860168457,92.85869598388672
2022-10-24,146.5860137939453,31.719161987304688,109.92930603027344,474.0271911621094,147.34304809570312,17.60856819152832,29.414165496826172,101.55364990234375,298.4900817871094,152.6187286376953,112.06861877441406,51.54336929321289,232.31640625,128.5907745361328,87.00273895263672,69.92855072021484,239.27987670898438,12.55380630493164,155.20883178710938,36.09544372558594,272.22247314453125,47.429908752441406,360.61346435546875,504.3162841796875,44.3502082824707,93.5078125
2022-10-25,149.42063903808594,32.008583068847656,108.87515258789062,476.020751953125,148.8749237060547,17.95656394958496,29.912242889404297,103.49517822265625,301.85003662109375,152.37767028808594,112.36165618896484,52.77891159057617,232.68948364257812,136.31295776367188,87.30653381347656,70.87937927246094,242.57994079589844,13.21342945098877,155.72421264648438,36.13508224487305,277.8536071777344,47.720951080322266,366.3719482421875,503.03118896484375,44.56017303466797,92.8762435913086
2022-10-26,146.48797607421875,32.28896713256836,111.18547821044922,476.39276123046875,150.7132110595703,18.156665802001953,30.299633026123047,94.03519439697266,304.837646484375,153.7166290283203,113.6528549194336,53.1728515625,233.49020385742188,128.68992614746094,87.93201446533203,71.23152923583984,223.86341857910156,12.849740028381348,156.42306518554688,36.50761413574219,271.714111328125,47.45719528198242,363.6116943359375,505.7782287597656,44.90056228637695,93.98149108886719
2022-10-27,142.02517700195312,32.44272232055664,111.2469711303711,474.4720764160156,151.40255737304688,18.060964584350586,30.42876625061035,91.3507308959961,306.1907043457031,153.80587768554688,114.10157012939453,53.298194885253906,241.22434997558594,97.0874252319336,89.12039947509766,71.037841796875,219.44068908691406,13.12873363494873,156.25706481933594,36.25397491455078,266.7672119140625,47.00245666503906,361.6700134277344,504.50244140625,44.7701301574707,94.34113311767578
2022-10-28,152.75552368164062,32.72310256958008,111.71256256103516,488.1651916503906,153.17271423339844,18.087060928344727,30.54867172241211,95.38237762451172,310.4042663574219,156.0909423828125,115.45686340332031,54.39943313598633,249.78656005859375,98.3364486694336,90.04071807861328,73.08678436279297,228.26673889160156,13.784375190734863,159.1833953857422,37.59349060058594,274.93048095703125,45.8837776184082,370.27435302734375,513.2925415039062,45.336395263671875,97.10424041748047
2022-10-31,150.40150451660156,32.59648513793945,110.7638168334961,479.2115173339844,153.9556884765625,18.02616310119629,30.46565818786621,93.61914825439453,312.8470458984375,155.28762817382812,115.27371978759766,53.58469009399414,248.09413146972656,92.34903717041016,90.4249267578125,73.0423355102539,224.6472930908203,13.448582649230957,158.6156005859375,36.895992279052734,271.7336730957031,47.32077407836914,367.5997314453125,516.9334716796875,45.279136657714844,97.20074462890625
2022-11-01,147.7630157470703,32.74119567871094,112.24842071533203,477.7400207519531,155.07911682128906,18.278459548950195,30.5855712890625,89.61723327636719,316.5429992675781,154.5021209716797,117.35245513916016,53.39667892456055,248.35800170898438,94.37126159667969,89.13826751708984,74.42015838623047,220.81497192382812,13.494421005249023,157.89926147460938,38.05320358276367,268.95709228515625,46.88421630859375,365.9911193847656,509.633056640625,45.07553482055664,98.16564178466797
2022-11-02,142.25076293945312,32.6417121887207,111.13278198242188,462.0211486816406,151.91317749023438,17.947864532470703,30.022926330566406,86.15023040771484,317.64178466796875,152.1277618408203,116.27188873291016,52.653568267822266,246.01043701171875,89.75183868408203,88.81658935546875,74.99795532226562,213.0050811767578,13.171581268310547,155.697998046875,37.308143615722656,259.7380065917969,46.51133346557617,356.8061828613281,506.02020263671875,44.776493072509766,96.14813232421875
2022-11-03,136.2185821533203,32.4608154296875,117.55426025390625,464.6776123046875,154.1514434814453,17.67816734313965,29.8292293548584,82.6435775756836,316.806396484375,152.38662719726562,116.48251342773438,52.62670135498047,248.35800170898438,88.13602447509766,88.23580169677734,74.33128356933594,207.3436737060547,13.372857093811035,155.2961883544922,37.228214263916016,254.6641082763672,47.11159133911133,353.1322326660156,506.1878662109375,44.766944885253906,97.45513916015625
2022-11-04,135.95330810546875,33.274818420410156,116.23660278320312,464.792236328125,156.1003875732422,18.55685806274414,30.76081657409668,85.76390075683594,325.0154113769531,153.06500244140625,119.66930389404297,53.056453704833984,249.8775177001953,89.99967193603516,88.63789367675781,75.42464447021484,214.2534942626953,14.105219841003418,156.16970825195312,37.747825622558594,258.7604064941406,48.29392623901367,358.2148742675781,501.1223449707031,44.84648132324219,98.51652526855469
2022-11-07,136.4838409423828,33.47380065917969,118.5381088256836,466.8371276855469,157.9641571044922,18.51335906982422,30.87150001525879,87.65589904785156,329.2381591796875,154.40394592285156,120.30113220214844,53.26237869262695,251.50624084472656,95.87804412841797,89.41526794433594,76.06465911865234,220.52462768554688,14.249699592590332,157.4188690185547,37.64389419555664,261.6053161621094,49.84915542602539,361.6414489746094,507.500732421875,45.31731414794922,99.68317413330078
2022-11-08,137.05369567871094,33.56425476074219,118.098876953125,470.8599548339844,157.73439025878906,18.696054458618164,31.185102462768555,88.06202697753906,330.5639343261719,155.17156982421875,120.37442016601562,53.360862731933594,253.3169708251953,95.63021850585938,90.69300842285156,75.806884765625,221.49240112304688,14.549619674682617,157.85562133789062,37.85173797607422,263.51165771484375,49.74001693725586,363.5926513671875,514.9779663085938,45.425472259521484,99.99896240234375
2022-11-09,132.50489807128906,33.030609130859375,110.03471374511719,468.19403076171875,151.42807006835938,18.313257217407227,30.456438064575195,86.49691772460938,328.7295837402344,153.9308624267578,118.80848693847656,52.61774444580078,252.76199340820312,100.58670043945312,90.77342987060547,74.1801528930664,217.27294921875,13.726581573486328,155.96881103515625,37.348121643066406,257.4308166503906,48.266639709472656,356.101806640625,503.4409484863281,44.36929702758789,95.52531433105469
2022-11-10,144.29441833496094,34.48678207397461,113.72422790527344,490.3246765136719,154.29611206054688,19.42684555053711,31.99678611755371,93.05453491210938,343.5405578613281,155.7339324951172,123.69856262207031,54.50687026977539,251.02406311035156,110.89615631103516,91.04147338867188,78.93586730957031,235.14755249023438,15.693501472473145,158.72042846679688,37.8757209777832,276.4261779785156,48.29392623901367,375.6711730957031,506.70928955078125,45.2886848449707,96.9288330078125
2022-11-11,147.0748291015625,34.74003601074219,117.67723083496094,492.5606994628906,158.68759155273438,19.835742950439453,32.319610595703125,95.5012435913086,349.7701416015625,151.07449340820312,123.9000473022461,54.900814056396484,246.9385223388672,112.03614807128906,87.5299301147461,80.69593048095703,239.1444091796875,16.2684268951416,155.53204345703125,38.05159378051758,281.5197448730469,49.85824203491211,379.30712890625,486.1400451660156,45.358673095703125,99.95509338378906
2022-11-14,145.67970275878906,34.152137756347656,117.30687713623047,487.0280456542969,158.76419067382812,19.592145919799805,31.88610076904297,94.79792022705078,347.21832275390625,153.44883728027344,122.62715911865234,54.37258529663086,247.73922729492188,113.22570037841797,89.66545104980469,79.83365631103516,233.76365661621094,16.236547470092773,154.3789520263672,39.362606048583984,279.0561218261719,49.176124572753906,376.0804138183594,478.3834533691406,44.02571487426758,100.24691772460938
2022-11-15,147.4088592529297,34.09787368774414,118.2415771484375,503.07177734375,160.040771484375,19.90534019470215,32.10746765136719,97.5121078491211,347.6905517578125,153.87730407714844,121.7388687133789,54.28304672241211,243.7083740234375,116.06080627441406,88.99530029296875,80.44701385498047,234.17013549804688,16.606212615966797,154.78082275390625,38.8270149230957,282.9177551269531,49.72182846069336,379.28802490234375,468.3827819824219,46.90476989746094,100.91893768310547
2022-11-16,146.18077087402344,33.79035568237305,113.96485137939453,500.816650390625,157.4365692138672,19.76613998413086,31.969114303588867,97.91822814941406,347.1910400390625,154.83238220214844,121.90369415283203,54.18456268310547,247.95765686035156,112.24432373046875,89.29014587402344,79.8425521850586,234.59710693359375,15.85292911529541,155.776611328125,38.41132354736328,279.0561218261719,48.19388198852539,376.39459228515625,476.3069152832031,47.241981506347656,99.84014892578125
2022-11-17,148.07691955566406,33.618507385253906,115.68435668945312,498.15069580078125,157.88247680664062,19.731340408325195,31.86765480041504,97.432861328125,344.8753967285156,156.08204650878906,121.37255859375,54.35466384887695,248.73104858398438,110.47981262207031,91.41675567626953,79.06920623779297,234.548583984375,15.620762825012207,157.26158142089844,38.635162353515625,278.440185546875,48.04836654663086,375.2428283691406,479.8360290527344,47.082916259765625,99.97279357910156
2022-11-18,148.63694763183594,33.636592864990234,113.39165496826172,500.3962707519531,156.93910217285156,19.800939559936523,31.858428955078125,96.51162719726562,344.34881591796875,157.27813720703125,122.56301879882812,54.73965072631836,248.74017333984375,111.07460021972656,93.13233184814453,79.29142761230469,234.1021728515625,15.353723526000977,158.39718627929688,38.55522537231445,278.44989013671875,48.603145599365234,376.9465637207031,493.5147399902344,47.7923469543457,99.10623931884766
2022-11-21,145.41445922851562,33.745140075683594,110.65805053710938,500.1095886230469,155.43820190429688,19.583444595336914,31.69240379333496,94.69886779785156,345.2659606933594,158.086669921875,121.8396224975586,55.58125686645508,249.78656005859375,108.9036636352539,94.36538696289062,79.18478393554688,234.90768432617188,15.262055397033691,161.44581604003906,38.51523971557617,275.58551025390625,47.53904724121094,375.57598876953125,481.58660888671875,48.08502197265625,98.12471771240234
2022-11-22,147.54638671875,33.90793991088867,114.6173324584961,508.3083190917969,159.42623901367188,19.887939453125,32.32883071899414,96.13521575927734,348.58953857421875,158.85032653808594,123.66193389892578,55.8229866027832,250.0048828125,110.46990966796875,95.51805877685547,79.70921325683594,237.7997283935547,15.980467796325684,161.46328735351562,39.23471450805664,279.5546569824219,48.78504943847656,380.63006591796875,487.08056640625,48.25682067871094,100.963134765625
2022-11-23,148.42079162597656,34.01647186279297,111.76029968261719,510.7353210449219,158.0111541748047,20.157636642456055,32.43952178955078,97.53192901611328,350.7508239746094,159.02099609375,124.98062133789062,56.07367706298828,248.6491241455078,111.26293182373047,95.44656372070312,79.94035339355469,240.27450561523438,16.459745407104492,161.67295837402344,39.05084228515625,282.3605041503906,46.76598358154297,383.0286560058594,493.2447509765625,48.48904800415039,100.45912170410156
2022-11-25,145.51271057128906,34.09787368774414,111.822021484375,509.9423522949219,157.5480194091797,20.2446346282959,32.587100982666016,96.54134368896484,353.1209716796875,159.22763061523438,125.21870422363281,56.12739562988281,250.22328186035156,110.4401626586914,96.05416870117188,80.81149291992188,240.1871795654297,16.211637496948242,160.82565307617188,39.338619232177734,280.5030212402344,46.22938537597656,382.9430236816406,500.6102294921875,48.695831298828125,100.10543060302734
2022-11-28,141.69093322753906,33.338130950927734,109.20307922363281,507.3240661621094,152.9682159423828,19.879241943359375,31.99678611755371,95.14463806152344,347.21832275390625,159.30848693847656,123.03007507324219,56.13634490966797,248.2943572998047,107.83306121826172,96.90299224853516,79.90478515625,234.626220703125,15.770224571228027,160.63343811035156,39.62641525268555,276.38714599609375,45.3653678894043,376.8323669433594,495.6286315917969,48.83580017089844,97.0989990234375
2022-11-29,138.6944122314453,33.46475601196289,109.56460571289062,505.4511413574219,155.25811767578125,20.07063865661621,31.895322799682617,94.29273223876953,348.4443054199219,158.1945037841797,125.05387878417969,55.93938446044922,246.95677185058594,108.50712585449219,97.25147247314453,80.96259307861328,233.2384033203125,15.582901000976562,159.49786376953125,39.562461853027344,274.2950134277344,46.42947006225586,376.1851501464844,491.65240478515625,48.66401290893555,97.74447631835938
2022-11-30,145.4341278076172,34.233543395996094,108.91207122802734,515.2838745117188,157.21353149414062,20.610029220581055,32.45796203613281,100.03805541992188,352.95965576171875,159.91038513183594,126.53736877441406,57.35499572753906,249.61033630371094,117.07191467285156,98.39521026611328,82.73153686523438,247.61141967773438,16.866609573364258,162.04855346679688,40.07407760620117,286.79901123046875,46.88421630859375,388.0352478027344,510.0521545410156,48.48904800415039,98.45187377929688
2022-12-01,145.70921325683594,33.25101852416992,108.51524353027344,481.4667053222656,156.51026916503906,20.64482879638672,32.660884857177734,100.03805541992188,350.8208312988281,160.5751953125,124.76081085205078,57.517295837402344,250.16847229003906,119.39155578613281,98.1092758178711,82.66930389404297,247.1746826171875,17.077898025512695,163.40219116210938,40.83351516723633,287.15093994140625,47.07520294189453,387.74969482421875,499.9490051269531,48.79126739501953,97.97438049316406
2022-12-02,145.21798706054688,32.82345199584961,107.7392578125,472.5513000488281,155.25811767578125,20.566530227661133,32.467193603515625,99.49324798583984,347.868408203125,160.70095825195312,123.77184295654297,58.02223205566406,250.16847229003906,122.41499328613281,98.32373046875,81.86930084228516,247.49496459960938,16.819765090942383,163.21762084960938,40.69761276245117,286.0071105957031,48.011985778808594,387.3023376464844,500.789794921875,48.74354934692383,97.14320373535156
2022-12-05,144.05868530273438,31.358762741088867,105.2613754272461,466.9422302246094,151.4244842529297,20.166336059570312,31.756973266601562,98.54231262207031,339.60552978515625,160.61111450195312,120.30113220214844,57.228759765625,248.5122528076172,121.36422729492188,98.29691314697266,79.83365631103516,242.81719970703125,16.55465316772461,160.95863342285156,40.5537223815918,281.2069091796875,46.7296028137207,380.3349914550781,499.74359130859375,48.244083404541016,94.48162078857422
2022-12-06,140.4038848876953,30.021442413330078,101.94578552246094,459.775634765625,147.52220153808594,20.06193733215332,31.258892059326172,96.06586456298828,331.7171630859375,158.20347595214844,120.50261688232422,57.20170593261719,248.677001953125,113.12657165527344,97.3319091796875,77.7891616821289,237.88706970214844,15.93372631072998,159.64895629882812,39.73833465576172,275.3802490234375,46.433013916015625,374.8525695800781,503.7413330078125,47.68418502807617,91.85540771484375
2022-12-07,138.4684295654297,29.784910202026367,101.30206298828125,460.5495300292969,147.95962524414062,20.096736907958984,31.231218338012695,94.04509735107422,328.9842224121094,159.16470336914062,120.42017364501953,57.29187774658203,247.36846923828125,112.938232421875,98.368408203125,77.58470916748047,237.15921020507812,16.066282272338867,160.13238525390625,40.162017822265625,274.2558898925781,45.44740295410156,374.21484375,507.0943298339844,47.4360466003418,91.65203857421875
2022-12-08,140.14845275878906,29.511987686157227,99.29153442382812,460.0240478515625,148.83441162109375,20.183734893798828,31.443363189697266,92.82669067382812,327.3023376464844,159.19168090820312,121.68395233154297,57.53532791137695,250.15931701660156,114.32603454589844,99.04747009277344,78.83808898925781,240.0997772216797,17.111793518066406,161.5387420654297,41.39309310913086,277.50164794921875,45.556907653808594,377.1463928222656,511.77392578125,47.509490966796875,92.33292388916016
2022-12-09,139.6670684814453,29.457401275634766,97.01646423339844,461.5528869628906,144.08311462402344,20.157636642456055,31.222002029418945,91.95499420166016,328.271240234375,157.88006591796875,121.02458953857422,56.931209564208984,248.924072265625,114.89108276367188,97.19789123535156,79.53144073486328,238.17820739746094,16.944347381591797,160.94105529785156,41.34514236450195,275.7321472167969,42.86475372314453,374.3291320800781,503.62921142578125,46.40142822265625,91.55477142333984
2022-12-12,141.95620727539062,29.775814056396484,98.5684585571289,466.0058288574219,145.58395385742188,20.20113182067871,31.36957359313965,92.43045806884766,331.9639587402344,159.76663208007812,122.90187072753906,57.679595947265625,253.11480712890625,113.71142578125,97.3676528930664,80.99816131591797,245.05899047851562,17.47657012939453,161.70579528808594,41.69686508178711,279.19293212890625,44.80857849121094,379.7258605957031,509.8498229980469,47.26679611206055,93.8095932006836
2022-12-13,142.91900634765625,29.794004440307617,100.00581359863281,466.5026550292969,148.82582092285156,20.475919723510742,31.567045211791992,94.72859191894531,337.00042724609375,160.99740600585938,122.78282928466797,57.697628021240234,250.97372436523438,119.10408782958984,99.10110473632812,82.41151428222656,249.3389434814453,18.011777877807617,161.61785888671875,42.4243278503418,282.1942443847656,46.5881462097168,382.6003723144531,502.7138366699219,47.097557067871094,94.83531188964844
2022-12-14,140.6986846923828,29.366430282592773,99.5296401977539,462.0306091308594,147.79666137695312,20.422739028930664,31.407949447631836,94.17385864257812,329.40472412109375,161.4915008544922,122.16925811767578,57.697628021240234,251.20248413085938,120.53154754638672,100.33333587646484,80.44701385498047,249.63002014160156,17.61510467529297,161.16958618164062,43.551483154296875,280.1022033691406,46.022342681884766,380.1541748046875,502.8445739746094,46.83571243286133,94.13677215576172
2022-12-15,134.1063232421875,28.90245819091797,99.2474594116211,443.29217529296875,146.69029235839844,19.766796112060547,30.677963256835938,90.00355529785156,319.761474609375,159.45220947265625,119.13816833496094,56.9041633605957,248.6404266357422,115.13890075683594,98.60638427734375,78.0380630493164,241.6623077392578,16.8955078125,158.4359893798828,42.85600662231445,270.6973571777344,45.73030471801758,370.85498046875,492.869140625,46.417396545410156,93.2348403930664
2022-12-16,132.15118408203125,28.83877944946289,97.38685607910156,440.9415283203125,144.70059204101562,19.687023162841797,30.341047286987305,89.4092025756836,316.58056640625,157.8171844482422,118.39640808105469,56.57955551147461,243.50704956054688,118.3903579711914,98.21961212158203,77.21137237548828,237.4698028564453,16.515779495239258,158.5150604248047,41.089324951171875,268.1163330078125,45.064109802246094,366.4765930175781,489.1517028808594,45.58394241333008,92.58049011230469
2022-12-19,130.04872131347656,29.16628646850586,97.38685607910156,438.2469177246094,145.69544982910156,19.669294357299805,30.088367462158203,87.60636138916016,314.9901123046875,157.64646911621094,119.10153198242188,56.660709381103516,243.2417449951172,113.48345184326172,98.43549346923828,76.04690551757812,233.35488891601562,16.1998348236084,159.39402770996094,41.05734634399414,264.3483581542969,45.47478103637695,363.3690185546875,489.058349609375,45.59991455078125,92.99607849121094
2022-12-20,129.97994995117188,29.284555435180664,99.33563995361328,437.4728698730469,148.08827209472656,19.545198440551758,30.35976791381836,88.1808853149414,314.8804016113281,157.8171844482422,119.67845916748047,56.61562728881836,244.5410919189453,116.07070922851562,98.6783676147461,75.7002182006836,234.66506958007812,16.031396865844727,159.29733276367188,41.02537155151367,264.1425476074219,47.23609161376953,363.8662414550781,485.8920593261719,45.99906539916992,94.34014892578125
2022-12-21,133.07473754882812,29.73032569885254,102.53659057617188,441.5245056152344,149.8292694091797,19.855438232421875,30.780912399291992,88.73561096191406,320.06304931640625,159.62289428710938,121.02458953857422,57.526309967041016,245.373779296875,118.71747589111328,99.93757629394531,77.22026824951172,237.2174530029297,16.446008682250977,160.41366577148438,41.29716873168945,267.97430419921875,48.650630950927734,369.30694580078125,492.7384033203125,46.35991287231445,95.55155944824219
2022-12-22,129.91116333007812,29.466493606567383,99.55608367919922,438.3232727050781,147.58226013183594,19.527467727661133,30.35976791381836,86.93277740478516,315.8767395019531,159.03897094726562,119.6509780883789,57.11154556274414,243.1868133544922,116.10045623779297,100.05450439453125,76.77579498291016,231.1615753173828,15.287885665893555,159.17431640625,41.28118133544922,261.4182434082031,46.898433685302734,364.0383605957031,492.318115234375,45.81705093383789,93.62389373779297
2022-12-23,129.5476837158203,29.53927993774414,103.85954284667969,442.0882263183594,152.14488220214844,19.784526824951172,30.74347496032715,88.38892364501953,315.81280517578125,159.44320678710938,120.21871948242188,57.544349670410156,244.8339080810547,117.01244354248047,100.6121597290039,76.544677734375,231.6855926513672,15.155329704284668,160.20269775390625,41.43306350708008,262.0062255859375,48.35858917236328,366.13238525390625,496.2596740722656,45.9096565246582,96.09979248046875
2022-12-27,127.74976348876953,29.59386444091797,105.11952209472656,438.1226501464844,154.05743408203125,19.864303588867188,30.91193389892578,86.56626892089844,312.57708740234375,159.3983154296875,120.6399917602539,57.89599609375,244.16590881347656,115.86255645751953,100.84601593017578,75.61132049560547,229.96786499023438,14.073945045471191,160.91470336914062,40.87348937988281,258.3019714355469,48.824012756347656,364.68853759765625,496.89483642578125,45.92243576049805,97.43500518798828
2022-12-28,123.82971954345703,29.81220054626465,102.31561279296875,432.85748291015625,151.78468322753906,19.5983829498291,30.32233428955078,85.20917510986328,311.5715637207031,158.70657348632812,121.29931640625,57.31893539428711,242.58290100097656,114.613525390625,99.91059112548828,75.07795715332031,227.6095733642578,13.989229202270508,159.75442504882812,40.609683990478516,254.89161682128906,48.0026741027832,360.1562194824219,493.58843994140625,45.11772537231445,95.83450317382812
2022-12-29,127.3371353149414,30.1488037109375,103.27391052246094,436.2402038574219,152.9339141845703,19.811119079589844,30.865142822265625,87.61627197265625,313.9115295410156,159.51512145996094,121.9952621459961,57.661556243896484,243.33323669433594,119.21312713623047,99.67675018310547,75.77132415771484,233.89833068847656,14.554340362548828,159.9566192626953,41.03336715698242,261.1047058105469,48.285579681396484,366.6391906738281,494.9240417480469,45.3923454284668,96.55960083007812
2022-12-30,127.6515121459961,30.1306095123291,104.70246887207031,436.2115478515625,153.93734741210938,19.70475196838379,30.63117218017578,87.39835357666016,313.86590576171875,158.6975860595703,122.80116271972656,57.35499572753906,241.1371612548828,119.29242706298828,99.79367065429688,75.57573699951172,232.74346923828125,14.565301895141602,158.7963409423828,40.96141815185547,260.9478454589844,48.78751754760742,365.6733703613281,495.2042236328125,45.27738952636719,97.53225708007812
2023-01-03,122.87673950195312,30.48540687561035,100.37240600585938,433.1346435546875,149.22035217285156,19.474281311035156,30.45335578918457,88.27996063232422,316.4617919921875,160.0810546875,123.73518371582031,56.75989532470703,241.8692169189453,123.65412902832031,99.96456146240234,76.19801330566406,232.51055908203125,14.267298698425293,157.69761657714844,40.9774055480957,259.1839294433594,46.998817443847656,364.13397216796875,484.4255676269531,45.855377197265625,94.18098449707031
2023-01-04,124.14411926269531,31.058542251586914,100.56761169433594,436.2688903808594,147.63372802734375,19.988399505615234,31.08974838256836,87.249755859375,317.8145446777344,161.82388305664062,124.88906860351562,56.73284149169922,241.92408752441406,126.26123809814453,100.8100357055664,77.02468872070312,222.3397979736328,14.699851989746094,157.31088256835938,40.07407760620117,260.41864013671875,47.181339263916016,366.9451599121094,471.21832275390625,45.906463623046875,94.45510864257812
2023-01-05,122.82762908935547,30.9948673248291,103.611083984375,430.18194580078125,150.2924346923828,19.70475196838379,30.790273666381836,85.3874740600586,314.21319580078125,160.6290740966797,124.8613510131836,56.08364486694336,239.88356018066406,125.83496856689453,102.21318054199219,76.37577819824219,215.7501678466797,14.217466354370117,155.6671905517578,39.698360443115234,256.3419494628906,48.066551208496094,362.757080078125,457.63751220703125,45.74999237060547,96.56845092773438
2023-01-06,127.3469467163086,31.304174423217773,104.90657043457031,461.4095764160156,151.4244842529297,20.40500831604004,31.576406478881836,86.5167236328125,318.161865234375,161.93173217773438,127.25064086914062,57.165645599365234,246.57247924804688,128.88818359375,103.29252624511719,77.83360290527344,218.2928466796875,14.809486389160156,159.18312072753906,40.70560836791992,263.41741943359375,49.73661804199219,371.07586669921875,457.6748962402344,46.87083053588867,97.73563385009766
2023-01-09,127.86764526367188,30.831111907958984,104.13461303710938,457.47265625,150.24095153808594,20.396146774291992,31.772937774658203,87.19031524658203,322.6589660644531,157.73629760742188,126.72479248046875,56.453330993652344,244.5410919189453,128.3429412841797,99.28099060058594,77.90473175048828,220.418212890625,15.575922966003418,157.6273193359375,38.68312072753906,265.12255859375,50.776981353759766,370.86553955078125,457.73089599609375,46.28646469116211,95.91409301757812
2023-01-10,128.43748474121094,31.040353775024414,104.77346801757812,460.0048522949219,150.978515625,20.422739028930664,31.716787338256836,87.58654022216797,326.644287109375,157.35897827148438,127.8594741821289,56.020530700683594,246.0599822998047,131.8323211669922,99.66773986816406,79.04251861572266,222.09716796875,15.855987548828125,156.326416015625,38.06757354736328,267.36663818359375,51.069007873535156,373.46636962890625,453.9388427734375,46.257720947265625,97.3465805053711
2023-01-11,131.14907836914062,31.27688980102539,104.9154281616211,462.78558349609375,150.25807189941406,20.70638656616211,32.05370330810547,90.65733337402344,333.1521911621094,157.10748291015625,128.80967712402344,55.912322998046875,245.968505859375,131.7332000732422,99.90159606933594,79.49588012695312,228.81298828125,15.94767951965332,156.50221252441406,37.93167495727539,271.99212646484375,51.397544860839844,378.1898193359375,460.8505859375,46.663272857666016,98.4784164428711
2023-01-12,131.07049560546875,31.358762741088867,106.61907958984375,460.9891052246094,151.87045288085938,21.122995376586914,32.474849700927734,90.27100372314453,338.1429748535156,156.31689453125,128.6805419921875,55.19099426269531,244.0286407470703,135.5199432373047,100.53119659423828,80.47369384765625,231.47215270996094,16.45598030090332,154.50692749023438,38.139522552490234,273.462158203125,52.93071365356445,379.5667419433594,462.9708557128906,46.241764068603516,100.1142578125
2023-01-13,132.39682006835938,32.050167083740234,107.78145599365234,463.683837890625,152.28208923339844,21.28254508972168,32.57779312133789,91.2516860961914,341.85400390625,155.80482482910156,131.927734375,55.38935852050781,246.04176330566406,135.7875518798828,100.96295166015625,81.47817993164062,232.17088317871094,16.842689514160156,154.0322723388672,38.251441955566406,275.34368896484375,53.18623733520508,381.0393371582031,457.2732849121094,46.395042419433594,100.05237579345703
2023-01-17,133.55613708496094,31.40424919128418,106.69005584716797,465.1361999511719,154.79502868652344,21.388914108276367,32.70882034301758,90.42950439453125,319.84375,154.84356689453125,129.88900756835938,55.614776611328125,250.81813049316406,134.18167114257812,99.34394073486328,86.29608917236328,233.25782775878906,17.643016815185547,154.75303649902344,36.83649826049805,275.9023132324219,53.35050964355469,380.34130859375,453.0793762207031,46.11403274536133,99.85782623291016
2023-01-18,132.8389434814453,30.67646026611328,105.19049835205078,458.1606750488281,151.9990997314453,21.149587631225586,32.34382629394531,90.26110076904297,319.0851135253906,152.50778198242188,125.98680877685547,53.92866516113281,243.43389892578125,131.86204528808594,97.8508529663086,85.85163116455078,228.851806640625,17.319093704223633,150.85035705566406,35.97314453125,272.3155822753906,52.13675308227539,374.3363952636719,444.8226013183594,44.974029541015625,97.80638885498047
2023-01-19,132.89788818359375,30.23067855834961,106.15768432617188,448.62420654296875,153.51715087890625,21.326866149902344,32.39997482299805,92.17292022705078,320.6024475097656,152.30116271972656,124.3078384399414,53.847511291503906,241.18287658691406,134.9647979736328,98.84925079345703,83.69156646728516,225.0863037109375,16.709135055541992,149.1011962890625,35.941162109375,269.6402282714844,52.36490249633789,371.611328125,452.406982421875,44.332191467285156,98.43421173095703
2023-01-20,135.4522705078125,30.79471778869629,108.07425689697266,458.772216796875,155.14662170410156,21.610515594482422,32.84919738769531,97.0960693359375,312.4582214355469,151.59144592285156,124.61226654052734,54.172115325927734,245.75802612304688,138.15675354003906,98.8852310180664,85.54940032958984,233.13168334960938,17.779556274414062,149.3209228515625,36.06107711791992,277.0194396972656,52.337520599365234,378.5340881347656,454.6112365722656,44.87823486328125,100.22923278808594
2023-01-23,138.6354522705078,31.222293853759766,106.5924301147461,470.7167053222656,154.94076538085938,21.761205673217773,33.064449310302734,98.84937286376953,319.1307373046875,151.2051544189453,126.632568359375,54.3073616027832,246.40774536132812,142.02284240722656,98.83125305175781,86.34054565429688,235.42205810546875,19.129045486450195,148.65292358398438,35.9571533203125,283.1736755371094,50.977752685546875,383.0759582519531,453.7613830566406,45.54881286621094,99.70750427246094
2023-01-24,140.03057861328125,31.449731826782227,105.42120361328125,470.2389221191406,155.08660888671875,21.82325553894043,33.064449310302734,96.77906799316406,318.390380859375,151.2051544189453,127.72110748291016,54.59588623046875,246.65476989746094,141.8939666748047,97.6080093383789,84.9005126953125,234.89794921875,19.200803756713867,150.0329132080078,35.74131774902344,282.5955505371094,50.6218376159668,382.664794921875,459.1692810058594,45.670166015625,100.6359634399414
2023-01-25,139.37229919433594,31.722654342651367,106.80541229248047,469.0635070800781,153.58575439453125,22.03598976135254,32.970863342285156,94.32246398925781,319.57861328125,152.283203125,128.33920288085938,54.93852615356445,249.802490234375,140.2682342529297,97.67095947265625,85.01605224609375,233.5101776123047,19.258609771728516,151.1228485107422,36.02910614013672,281.9683532714844,51.33366394042969,382.8082275390625,460.0099792480469,45.45301818847656,100.10543060302734
2023-01-26,141.4355010986328,32.150230407714844,110.60308074951172,476.15380859375,161.0557403564453,22.17781639099121,33.335853576660156,96.60077667236328,324.45965576171875,151.72621154785156,129.13255310058594,54.830326080322266,251.3762664794922,146.01773071289062,96.12390899658203,85.7805404663086,240.68211364746094,19.73601531982422,149.61981201171875,35.698341369628906,287.46600341796875,52.44704055786133,387.0155029296875,459.9912109375,45.41151428222656,104.12874603271484
2023-01-27,143.37094116210938,32.250308990478516,109.68028259277344,480.92205810546875,153.9030303955078,22.106901168823242,33.38264083862305,98.43334197998047,323.2988586425781,151.13327026367188,129.44618225097656,54.54179382324219,249.308349609375,150.41909790039062,94.78374481201172,86.10054779052734,240.83737182617188,20.297138214111328,149.0924072265625,35.32723617553711,290.3275146484375,51.9907341003418,387.9046630859375,453.9854431152344,45.75957489013672,102.22760009765625
2023-01-30,140.4923095703125,32.11383819580078,106.9473876953125,480.9124450683594,149.4004364013672,21.88530158996582,32.942779541015625,96.0262451171875,326.7357177734375,145.53640747070312,128.3484344482422,54.67703628540039,247.87176513671875,145.77981567382812,95.42234802246094,85.9885482788086,235.5482177734375,19.09815216064453,148.96932983398438,35.13362121582031,284.45745849609375,51.415794372558594,383.0376281738281,453.7426452636719,45.3923454284668,100.41490936279297
2023-01-31,141.75970458984375,32.27759552001953,108.13636016845703,488.4231872558594,149.24609375,22.03598976135254,33.532386779785156,97.90833282470703,334.36798095703125,146.81210327148438,129.11410522460938,55.29017639160156,244.67831420898438,147.6732177734375,96.60963439941406,87.21617889404297,240.49771118164062,19.471895217895508,150.322998046875,35.625728607177734,288.7203063964844,51.999855041503906,388.669677734375,466.25860595703125,45.941593170166016,102.58130645751953
2023-02-01,142.87969970703125,32.67788314819336,104.43629455566406,494.89215087890625,146.9647674560547,22.266454696655273,33.532386779785156,99.48335266113281,334.2765197753906,148.15966796875,128.7727813720703,55.299190521240234,243.64434814453125,151.78707885742188,96.22286987304688,87.98681640625,245.2919158935547,20.873214721679688,150.7976531982422,35.472450256347656,294.89422607421875,50.83173370361328,392.80035400390625,464.21307373046875,46.19704818725586,101.45832824707031
2023-02-02,148.17518615722656,32.868927001953125,98.75751495361328,501.03759765625,144.94931030273438,22.106901168823242,33.43879699707031,106.72444152832031,337.7133483886719,148.71665954589844,128.1731414794922,54.352447509765625,240.84437561035156,187.12673950195312,93.05680847167969,88.90079498291016,256.79229736328125,21.63665771484375,149.40005493164062,35.770938873291016,305.4779052734375,47.71977615356445,398.51837158203125,439.76953125,45.861759185791016,98.28390502929688
2023-02-03,151.79063415527344,33.141849517822266,95.92700958251953,492.77679443359375,145.32666015625,21.743478775024414,33.24226760864258,103.79234313964844,338.1521301269531,147.8811798095703,130.15652465820312,53.94669723510742,241.77769470214844,184.90625,92.58909606933594,89.09795379638672,250.7266845703125,21.029685974121094,148.65292358398438,35.5450553894043,300.0488586425781,48.0391845703125,394.282470703125,440.8809814453125,45.25185012817383,98.9647445678711
2023-02-06,149.06922912597656,33.0872688293457,95.3768539428711,493.5330505371094,145.48965454101562,21.53960418701172,32.87727355957031,101.93006896972656,338.92901611328125,146.75823974609375,130.92221069335938,54.253257751464844,245.15414428710938,184.4403533935547,93.56949615478516,88.62303161621094,249.19329833984375,21.018728256225586,151.0261688232422,35.30303192138672,297.5107421875,48.44984436035156,391.87286376953125,443.88861083984375,44.922943115234375,98.79674530029297
2023-02-07,151.93804931640625,33.45116424560547,99.39636993408203,494.43280029296875,149.3061065673828,21.75234031677246,33.24226760864258,106.62537384033203,342.2196350097656,146.7941436767578,132.51817321777344,54.16309356689453,244.62339782714844,189.951904296875,95.05358123779297,88.90978240966797,259.66485595703125,22.099117279052734,150.7976531982422,35.1658935546875,303.6747741699219,49.41261672973633,396.9979248046875,445.42041015625,45.01873779296875,101.61747741699219
2023-02-08,149.25587463378906,33.205528259277344,98.30498504638672,482.25689697265625,145.7983856201172,21.58392333984375,33.02701187133789,98.43334197998047,342.859375,146.98281860351562,131.58641052246094,53.847511291503906,240.4875030517578,181.8332061767578,95.91703033447266,88.67679595947266,258.8594665527344,22.131004333496094,150.446044921875,35.48051834106445,298.275146484375,50.16448974609375,392.6568908691406,451.3421325683594,44.77604675292969,100.73324584960938
2023-02-09,148.22430419921875,32.49593734741211,97.5418930053711,479.2129821777344,144.46046447753906,21.521875381469727,32.83047103881836,94.11444091796875,336.3605651855469,144.9973907470703,129.5384979248047,53.75733947753906,238.51107788085938,176.37118530273438,95.98899841308594,87.8613510131836,255.8411865234375,22.26256561279297,151.86997985839844,34.96420669555664,295.6388854980469,49.36676788330078,389.2529296875,453.68658447265625,45.191165924072266,101.11346435546875
2023-02-10,148.58837890625,32.36856460571289,102.09379577636719,478.6003723144531,147.4879150390625,21.42437171936035,33.21418762207031,93.6785888671875,339.36773681640625,145.6711883544922,130.11038208007812,53.75733947753906,240.12147521972656,172.63400268554688,97.65299224853516,88.21083068847656,255.33656311035156,21.194135665893555,154.8760986328125,35.39984130859375,293.69866943359375,51.67739486694336,390.1612548828125,461.64453125,45.8936882019043,105.37552642822266
2023-02-13,151.38287353515625,32.432247161865234,100.09737396240234,484.7840270996094,146.66458129882812,21.690290451049805,33.43879699707031,93.71821594238281,341.8722839355469,146.21018981933594,131.52186584472656,54.6409797668457,243.58029174804688,177.86802673339844,98.53443908691406,89.09795379638672,263.31396484375,21.715394973754883,156.256103515625,35.488582611083984,298.4024658203125,52.5484733581543,394.74139404296875,462.6719055175781,46.593017578125,104.96562194824219
2023-02-14,150.74322509765625,32.404964447021484,101.20254516601562,481.6922302246094,147.78810119628906,21.654836654663086,33.38264083862305,93.78754425048828,339.8247985839844,145.57232666015625,132.10304260253906,53.73029708862305,243.9554443359375,177.91758728027344,97.80589294433594,90.11053466796875,264.1388854980469,22.894454956054688,154.49813842773438,35.2707633972168,300.6074523925781,52.09918212890625,394.55975341796875,460.31817626953125,46.458900451660156,103.73599243164062
2023-02-15,152.83912658691406,32.35038375854492,99.5091552734375,489.4073791503906,146.23068237304688,21.220500946044922,33.28905487060547,96.0262451171875,342.164794921875,143.17369079589844,132.65655517578125,53.73029708862305,243.9097137451172,175.61782836914062,96.85247802734375,90.35247039794922,262.0277099609375,22.688142776489258,154.70909118652344,34.94806671142578,302.910400390625,51.3381462097168,395.84100341796875,458.8424072265625,46.80377197265625,103.42413330078125
2023-02-16,151.24508666992188,32.095645904541016,96.576904296875,482.5345764160156,144.1195526123047,21.131858825683594,32.914703369140625,94.6097183227539,338.3806457519531,142.15853881835938,130.8300018310547,53.39667892456055,243.2417449951172,170.9388885498047,95.80012512207031,89.22340393066406,255.05178833007812,21.92868423461914,154.26959228515625,34.649574279785156,297.2265625,51.14558792114258,390.3907775878906,455.19970703125,46.06932067871094,103.12116241455078
2023-02-17,150.1036834716797,32.15933609008789,92.79796600341797,485.7699890136719,140.90093994140625,20.998899459838867,32.746253967285156,93.46065521240234,336.8266906738281,145.12637329101562,131.21742248535156,54.20817565917969,247.04818725585938,171.3750762939453,98.5074462890625,89.16964721679688,251.07257080078125,21.316728591918945,154.9464111328125,34.859317779541016,295.1293640136719,48.90830993652344,389.4154968261719,466.1558532714844,46.76225662231445,99.15599822998047
2023-02-21,146.09896850585938,31.40424919128418,93.85855865478516,480.2754821777344,139.30029296875,20.795024871826172,32.156646728515625,90.92479705810547,330.0810546875,142.9638671875,128.80967712402344,53.919639587402344,245.7305908203125,170.58204650878906,98.10272216796875,87.47603607177734,245.82852172851562,20.586170196533203,154.85848999023438,34.4478874206543,288.1421813964844,48.96332550048828,381.60345458984375,458.8984375,47.046470642089844,99.05797576904297
2023-02-22,146.52206420898438,31.19501304626465,92.76232147216797,476.11163330078125,138.73793029785156,20.697521209716797,32.00690460205078,90.7861099243164,329.8708801269531,142.7647705078125,127.8226089477539,54.081939697265625,245.81298828125,169.63038635253906,98.18367004394531,87.16239929199219,244.6999053955078,20.68484115600586,154.8057861328125,34.18973922729492,288.3577880859375,48.05558395385742,381.0775451660156,456.63812255859375,46.05974578857422,97.7748794555664
2023-02-23,147.0041961669922,31.167713165283203,93.96550750732422,472.0434265136719,140.1049346923828,20.70638656616211,32.03498077392578,90.03326416015625,332.2930603027344,142.7195281982422,128.8465576171875,54.18112564086914,244.11102294921875,170.54237365722656,99.4698715209961,87.76278686523438,247.8716278076172,23.585142135620117,154.9727783203125,34.12519073486328,290.8763122558594,48.88997268676758,383.1046142578125,459.25335693359375,45.37318801879883,98.67481994628906
2023-02-24,144.35736083984375,31.12222671508789,93.80509185791016,467.70721435546875,140.520263671875,20.316370010375977,31.913318634033203,88.28987121582031,332.5763854980469,141.12701416015625,130.00892639160156,53.95571517944336,241.27439880371094,168.90670776367188,98.84025573730469,87.54771423339844,242.47189331054688,23.208406448364258,154.6651611328125,33.681480407714844,286.005859375,49.44011688232422,379.0121765136719,452.37890625,45.494537353515625,98.6837387084961
2023-02-27,145.54795837402344,31.12222671508789,94.34874725341797,466.19476318359375,140.87501525878906,20.396146774291992,32.0817756652832,89.02289581298828,334.1119689941406,140.81939697265625,131.1436004638672,53.93767547607422,242.2809600830078,168.06410217285156,98.36354064941406,86.6516342163086,243.386474609375,23.422685623168945,154.62118530273438,32.89894485473633,288.0539855957031,49.88024139404297,380.30303955078125,451.4355773925781,45.16563034057617,98.50552368164062
2023-02-28,145.04612731933594,31.204111099243164,92.1116714477539,463.4666748046875,139.101318359375,20.28091049194336,31.86652374267578,89.21109008789062,321.4250183105469,138.6749267578125,132.24142456054688,53.65816116333008,242.87921142578125,173.4171142578125,95.5572738647461,86.472412109375,242.66651916503906,23.138639450073242,152.52923583984375,32.72951889038086,287.6815490722656,48.78911209106445,378.8974609375,444.5424499511719,45.38596725463867,97.9352798461914
2023-03-01,142.97975158691406,31.058542251586914,94.69632720947266,458.1924133300781,140.20880126953125,20.467056274414062,32.044349670410156,89.50827026367188,318.7369079589844,138.05056762695312,131.50341796875,53.07207489013672,241.7839813232422,171.91033935546875,95.9260482788086,86.19464874267578,239.60177612304688,22.622365951538086,150.59548950195312,32.41489791870117,285.3688659667969,50.32952880859375,377.4440002441406,443.86993408203125,44.753692626953125,98.8084945678711
2023-03-02,143.57017517089844,30.664827346801758,96.5501480102539,464.9121398925781,140.65003967285156,20.475919723510742,32.17536544799805,91.1328125,321.3789978027344,137.94203186035156,130.1381072998047,53.847511291503906,246.2475128173828,173.0106964111328,96.24983215332031,86.0960693359375,244.3107452392578,23.236312866210938,153.37413024902344,32.76986312866211,287.73065185546875,50.705467224121094,380.3794860839844,446.1863098144531,44.86545944213867,99.26292419433594
2023-03-03,148.60804748535156,31.27829360961914,96.8264389038086,454.9283447265625,142.7265625,20.81275177001953,32.60586929321289,92.76724243164062,328.7344665527344,139.3625946044922,132.5274200439453,53.59504318237305,247.62802124023438,183.6373748779297,96.13291931152344,88.11224365234375,248.37750244140625,23.81039047241211,153.22366333007812,33.19743728637695,293.67901611328125,51.3381462097168,386.47998046875,446.98956298828125,44.91975021362305,100.51929473876953
2023-03-06,151.36314392089844,31.214210510253906,97.64639282226562,462.413818359375,143.77345275878906,20.60887908935547,32.43740463256836,94.2332992553711,328.6977233886719,140.7560272216797,131.75247192382812,54.42457962036133,249.0728302001953,183.29042053222656,99.9285888671875,88.15706634521484,249.91477966308594,23.47551155090332,153.53335571289062,33.16516876220703,294.0122375488281,50.75131607055664,386.7477722167969,449.0631408691406,44.913360595703125,101.41034698486328
2023-03-07,149.16891479492188,30.216156005859375,95.94412231445312,464.39520263671875,141.92189025878906,20.156814575195312,31.72614860534668,92.97528839111328,318.59881591796875,139.42591857910156,127.87796020507812,54.10899353027344,245.8425750732422,182.90380859375,100.08149719238281,86.07814025878906,247.2683868408203,23.214338302612305,152.7723846435547,32.543975830078125,290.40594482421875,49.55015182495117,380.8193664550781,442.61834716796875,44.46630096435547,99.45002746582031
2023-03-08,150.4185333251953,29.81327247619629,95.56978607177734,465.2471923828125,141.02207946777344,20.316370010375977,31.735498428344727,93.36160278320312,321.5539245605469,138.40347290039062,127.1214828491211,54.13603973388672,244.18592834472656,183.35983276367188,97.39214324951172,85.93475341796875,246.83059692382812,24.10451316833496,153.18826293945312,32.36648941040039,291.8562927246094,49.091697692871094,381.4408874511719,439.5546875,44.09907531738281,97.99765014648438
2023-03-09,148.1750946044922,27.96367835998535,94.30419921875,459.0060729980469,138.87632751464844,20.077037811279297,31.239486694335938,91.44979095458984,314.9256896972656,136.84716796875,120.23957061767578,53.61307907104492,240.78085327148438,180.10836791992188,96.780517578125,82.61924743652344,245.4879913330078,23.361873626708984,152.02903747558594,31.83403968811035,286.7996520996094,47.85385513305664,374.4033508300781,434.24005126953125,43.802101135253906,97.240234375
2023-03-10,146.11865234375,27.71645736694336,92.88706970214844,450.984619140625,138.14955139160156,19.722476959228516,30.762195587158203,89.77571868896484,301.6506652832031,137.18194580078125,123.29308319091797,53.387657165527344,241.1489715576172,177.94735717773438,96.8614730834961,80.69265747070312,241.8589324951172,22.89236068725586,152.2325897216797,31.777570724487305,282.77191162109375,46.762718200683594,369.0008850097656,431.49359130859375,43.73823928833008,96.03732299804688
2023-03-13,148.0570526123047,26.104928970336914,89.73204040527344,451.8078308105469,137.31893920898438,19.5983829498291,30.640533447265625,90.25119018554688,290.45623779296875,138.49392700195312,121.07905578613281,53.92866516113281,242.1152801513672,179.3252410888672,95.09855651855469,78.84671783447266,247.04464721679688,22.893356323242188,153.71922302246094,32.156742095947266,284.8690490722656,44.78219223022461,368.4750061035156,434.6337585449219,43.865962982177734,94.93243408203125
2023-03-14,150.1430206298828,26.333839416503906,90.33808135986328,461.30340576171875,139.0926513671875,19.873165130615234,30.930652618408203,93.08423614501953,296.5689697265625,139.27210998535156,124.18790435791016,54.12702560424805,244.71058654785156,192.33102416992188,96.88278198242188,80.62098693847656,253.7286376953125,23.986886978149414,153.55996704101562,32.18900680541992,291.415283203125,45.25898742675781,374.56585693359375,435.4773864746094,44.09907531738281,95.2888412475586
2023-03-15,150.53665161132812,26.086618423461914,84.8835678100586,464.883544921875,133.07073974609375,19.359052658081055,30.247461318969727,95.20407104492188,287.39990234375,139.66119384765625,118.32076263427734,54.48770523071289,245.1155548095703,196.028564453125,97.48054504394531,76.51689147949219,258.2527770996094,24.151369094848633,156.30319213867188,32.495567321777344,292.94403076171875,41.55464172363281,372.22332763671875,436.274169921875,44.59083557128906,90.54845428466797
2023-03-16,153.35076904296875,26.526119232177734,85.91743469238281,466.4150085449219,133.49464416503906,19.58951759338379,30.603099822998047,99.37437438964844,290.0696716308594,139.3716278076172,120.61781311035156,54.78752136230469,249.00843811035156,203.14605712890625,97.21788787841797,77.96854400634766,268.7214050292969,25.46021842956543,156.197021484375,32.56817626953125,300.6662902832031,42.34319305419922,378.7540283203125,442.4513244628906,44.33754348754883,90.02273559570312
2023-03-17,152.514404296875,25.473134994506836,84.1259994506836,466.2139892578125,131.8074951171875,19.474281311035156,30.284900665283203,100.6621322631836,279.436767578125,137.87867736816406,116.06063079833984,54.53312683105469,245.90701293945312,193.90719604492188,94.28340911865234,75.43263244628906,271.86395263671875,25.643630981445312,154.975830078125,32.3503532409668,299.2452697753906,40.96781539916992,374.32537841796875,440.0892028808594,44.696651458740234,88.96238708496094
2023-03-20,154.87591552734375,25.409042358398438,85.70352172851562,468.358154296875,133.74560546875,19.660430908203125,30.70604133605957,100.26589965820312,284.9511413574219,139.2449493408203,117.28755950927734,55.060096740722656,249.16490173339844,196.08802795410156,95.86839294433594,76.74091339111328,264.8589172363281,25.818077087402344,157.1527099609375,32.92314529418945,300.3072814941406,42.37986755371094,377.9246826171875,447.08184814453125,45.177608489990234,91.28804016113281
2023-03-21,156.72572326660156,26.178176879882812,88.86750793457031,469.8514099121094,137.8380584716797,19.731340408325195,30.818344116210938,103.93102264404297,292.08575439453125,139.2449493408203,120.43331909179688,54.80570602416992,248.67710876464844,200.40020751953125,95.5876235961914,79.53671264648438,266.3669128417969,26.11613655090332,157.52438354492188,32.80213165283203,304.596435546875,44.268707275390625,382.8870849609375,450.0251770019531,45.02370071411133,95.3779525756836
2023-03-22,155.29901123046875,25.308319091796875,87.6732177734375,466.6638488769531,135.0347900390625,19.624975204467773,30.62181282043457,102.39563751220703,288.7623596191406,136.67523193359375,117.3244857788086,54.56037521362305,246.52357482910156,198.07064819335938,94.55513000488281,78.45244598388672,264.917236328125,26.3842830657959,156.197021484375,32.277748107910156,300.4544982910156,43.46183395385742,376.36016845703125,445.7320556640625,44.73512268066406,93.19487762451172
2023-03-23,156.38133239746094,24.694839477539062,85.93524932861328,466.89361572265625,133.69371032714844,19.536334991455078,30.481430053710938,104.6046142578125,289.8486633300781,136.74758911132812,117.01081085205078,54.442256927490234,248.13414001464844,202.50172424316406,94.4011459350586,76.92011260986328,270.1418762207031,27.10499382019043,155.43597412109375,32.41489791870117,304.0173034667969,41.70134735107422,377.37762451171875,440.4734802246094,45.097442626953125,92.14344024658203
2023-03-24,157.68020629882812,24.850500106811523,85.05290985107422,474.08233642578125,135.02610778808594,19.518606185913086,30.528223037719727,104.44611358642578,287.7497863769531,138.12295532226562,115.2303695678711,55.332679748535156,249.70787048339844,204.2166290283203,94.91741943359375,75.22652435302734,272.9730529785156,26.694299697875977,158.48011779785156,32.58430862426758,305.1361999511719,40.8669548034668,379.8539733886719,446.1726379394531,45.4661750793457,92.25037384033203
2023-03-27,155.74180603027344,26.086618423461914,86.8800048828125,472.1200256347656,136.4018096923828,19.624975204467773,30.874500274658203,101.49421691894531,293.2364501953125,138.7111053466797,118.53295135498047,55.741539001464844,252.01783752441406,201.07423400878906,96.8465576171875,75.8448257446289,268.896484375,26.44708251953125,158.83404541015625,32.447174072265625,303.04559326171875,42.88417434692383,380.5642395019531,451.71240234375,46.22608184814453,94.27306365966797
2023-03-28,155.12188720703125,25.747827529907227,87.82161712646484,465.9459228515625,137.99380493164062,19.811119079589844,31.06167221069336,100.07769012451172,293.153564453125,137.37197875976562,118.89273834228516,55.80513000488281,253.86770629882812,198.93304443359375,95.57857513427734,76.05988311767578,267.77764892578125,26.326465606689453,158.78094482421875,32.26162338256836,301.43597412109375,43.681888580322266,379.7099609375,442.9762268066406,46.04652404785156,95.44923400878906
2023-03-29,158.1918487548828,26.25143051147461,89.45375061035156,469.8705139160156,139.17918395996094,19.997262954711914,31.44538116455078,100.43429565429688,295.2525939941406,138.72015380859375,119.13256072998047,56.20491409301758,255.33096313476562,203.56240844726562,95.0261001586914,77.27855682373047,272.9147033691406,26.89864730834961,159.87826538085938,32.47136688232422,306.9323425292969,44.65381622314453,385.2290344238281,437.3614501953125,46.24531555175781,97.08876037597656
2023-03-30,159.75634765625,25.912643432617188,89.00537872314453,470.45440673828125,140.5029296875,20.25432014465332,31.707433700561523,99.93900299072266,295.6392822265625,138.8287353515625,118.7728042602539,56.19582748413086,255.6531524658203,206.03073120117188,95.9317855834961,77.16206359863281,276.35882568359375,27.296390533447266,160.01986694335938,32.57624816894531,309.83758544921875,44.69049835205078,387.4847106933594,440.61419677734375,46.70703887939453,97.5610122680664
2023-03-31,162.25563049316406,26.187334060668945,88.96949005126953,475.6138610839844,141.1691436767578,20.33409881591797,31.988189697265625,102.75225830078125,301.1351318359375,140.2493438720703,120.21192169189453,56.359371185302734,257.32806396484375,210.0950469970703,96.35747528076172,78.67646789550781,280.4936828613281,27.689144134521484,161.32069396972656,32.91507339477539,314.99041748046875,45.02058792114258,392.9461364746094,442.9856262207031,47.27777099609375,97.7125015258789
2023-04-03,163.50526428222656,26.178176879882812,97.22882843017578,475.76702880859375,147.04400634765625,20.679794311523438,32.56843566894531,103.37631225585938,300.5920104980469,141.92327880859375,120.07352447509766,56.695556640625,259.6564636230469,211.21519470214844,98.6036148071289,78.10295867919922,279.4526672363281,27.87654685974121,161.49765014648438,33.35878372192383,314.2248229980469,47.98221969604492,394.44342041015625,463.2325439453125,47.67535400390625,103.47757720947266
2023-04-04,162.9739227294922,25.619644165039062,95.32765197753906,476.4371032714844,146.2566375732422,20.520240783691406,32.493560791015625,103.73290252685547,297.02935791015625,143.40721130371094,118.4683837890625,56.522911071777344,259.7852478027344,212.85084533691406,98.56737518310547,76.00611114501953,279.404052734375,27.366165161132812,160.9224853515625,32.995750427246094,313.164794921875,46.2675895690918,392.25506591796875,462.3514404296875,47.20722961425781,102.48851013183594
2023-04-05,161.1339111328125,25.308319091796875,96.62799072265625,475.86279296875,146.9834442138672,20.467056274414062,32.297027587890625,103.48526763916016,295.9983215332031,149.84963989257812,118.64501190185547,57.05897903442383,259.5460205078125,209.6390380859375,101.35694122314453,75.11002349853516,276.6409912109375,26.795976638793945,162.5064697265625,33.52013397216797,310.0731201171875,46.487648010253906,391.22802734375,477.3304138183594,47.98957824707031,104.24388885498047
2023-04-06,162.01947021484375,25.4914493560791,95.29180145263672,465.1897888183594,145.05398559570312,20.467056274414062,32.28766632080078,107.39803314208984,296.7991638183594,149.43336486816406,118.5148696899414,57.095333099365234,260.3466491699219,214.2187957763672,101.7373275756836,75.44157409667969,283.70440673828125,26.95148468017578,163.14358520507812,33.47978973388672,312.1637268066406,45.49738311767578,392.7541809082031,480.6861267089844,48.35190200805664,102.5152587890625
2023-04-10,159.43167114257812,25.58301544189453,95.01377868652344,472.7038879394531,145.6077423095703,20.431598663330078,32.35318374633789,105.43669128417969,299.1558837890625,148.68238830566406,118.90535736083984,56.95903778076172,261.165771484375,212.88058471679688,101.99093627929688,75.27132415771484,281.5542907714844,27.49176788330078,162.1171112060547,33.665348052978516,311.987060546875,45.882484436035156,393.15728759765625,482.90765380859375,48.258907318115234,102.06082916259766
2023-04-11,158.2213897705078,26.288053512573242,95.73121643066406,477.3177185058594,146.4124298095703,20.60887908935547,32.65266036987305,104.35697174072266,301.37451171875,148.63714599609375,119.4911117553711,56.859092712402344,261.8099670410156,211.98843383789062,101.88224029541016,76.24806213378906,275.171875,27.08306121826172,161.86935424804688,33.713748931884766,309.9847412109375,46.89109802246094,393.2628479003906,488.3349304199219,48.11783218383789,102.78256225585938
2023-04-12,157.5326385498047,26.077457427978516,96.4306869506836,468.4156494140625,146.9315643310547,20.7241153717041,32.7836799621582,103.65365600585938,304.0165710449219,148.3204803466797,119.4725112915039,56.95903778076172,262.5645751953125,212.13710021972656,103.02342987060547,76.58857727050781,275.8139953613281,26.41119956970215,161.5507354736328,33.37491989135742,307.2464294433594,47.66130447387695,391.659912109375,488.5411376953125,47.88376998901367,102.6756362915039
2023-04-13,162.905029296875,26.150711059570312,97.78484344482422,476.59027099609375,148.8955841064453,20.998899459838867,33.21418762207031,106.4173583984375,305.7565612792969,150.3020477294922,119.9280776977539,57.37698745727539,266.0341796875,218.4318389892578,104.68085479736328,76.78570556640625,281.9920349121094,26.379295349121094,163.16131591796875,33.45559310913086,313.262939453125,47.57878494262695,396.86224365234375,493.2654724121094,47.93186950683594,103.15680694580078
2023-04-14,162.56068420410156,27.02972984313965,97.30057525634766,470.28216552734375,149.19839477539062,20.795024871826172,33.17675018310547,107.84380340576172,310.1661682128906,150.05772399902344,128.98382568359375,57.28612518310547,265.9513244628906,219.56190490722656,104.43632507324219,77.69972229003906,278.3922119140625,26.67336654663086,162.3914337158203,33.22970199584961,312.6741027832031,48.11976623535156,395.8927917480469,479.72998046875,47.6080207824707,103.40631103515625
2023-04-17,162.58033752441406,27.808019638061523,94.70887756347656,472.8092041015625,147.8832550048828,20.786163330078125,33.23290252685547,104.97113800048828,312.7070007324219,149.9039306640625,130.0065460205078,57.65864562988281,266.2550354003906,216.95480346679688,104.16461944580078,80.01162719726562,280.9801940917969,26.916593551635742,163.2232666015625,33.221641540527344,312.93902587890625,47.73466110229492,397.3133850097656,473.69342041015625,47.94148635864258,102.20338439941406
2023-04-18,163.8004608154297,27.98199462890625,94.11700439453125,475.6425476074219,147.53717041015625,20.874801635742188,33.31713104248047,103.51498413085938,307.39520263671875,145.6873779296875,131.4662322998047,57.74951171875,267.7275695800781,215.99322509765625,104.00160217285156,80.51344299316406,280.5617980957031,27.57948875427246,163.5595245361328,32.71338653564453,312.95867919921875,47.83551788330078,397.572509765625,472.87799072265625,48.047298431396484,104.1993408203125
2023-04-19,164.9418182373047,27.524171829223633,94.39501190185547,474.809814453125,147.6756134033203,20.81275177001953,33.148677825927734,103.197998046875,310.13861083984375,147.06272888183594,131.29888916015625,57.85853958129883,268.0588073730469,213.8223114013672,103.36759185791016,81.05109405517578,280.63970947265625,27.842653274536133,163.4622039794922,32.46330642700195,312.81146240234375,48.257301330566406,397.50531005859375,455.7430114746094,48.09859085083008,103.86964416503906
2023-04-20,163.9775848388672,27.377668380737305,93.06780242919922,483.9512023925781,146.95748901367188,20.830482482910156,32.99892807006836,104.29754638671875,311.81402587890625,148.0128173828125,130.9176788330078,58.112945556640625,267.81036376953125,211.21519470214844,103.40382385253906,81.03315734863281,278.36297607421875,27.01827049255371,164.00196838378906,32.14867401123047,310.4264831542969,47.652130126953125,395.3361511230469,456.92413330078125,48.40640640258789,103.04096984863281
2023-04-21,162.3737335205078,27.350202560424805,91.70467376708984,484.6883239746094,146.3258514404297,20.60887908935547,32.96149826049805,104.41641235351562,314.5297546386719,147.20748901367188,130.66664123535156,58.1947135925293,268.7859191894531,211.03675842285156,104.49066162109375,81.65147399902344,278.02252197265625,27.033226013183594,164.07278442382812,32.4390983581543,310.7503356933594,45.66242599487305,395.6432189941406,453.5121154785156,48.65009307861328,103.37065887451172
2023-04-24,162.6787109375,27.249481201171875,92.9511947631836,489.5414123535156,148.36778259277344,20.679794311523438,32.970863342285156,104.97113800048828,316.647216796875,148.10325622558594,130.84332275390625,58.10384750366211,269.8349914550781,210.93765258789062,105.00691223144531,80.82707214355469,274.1405029296875,26.956466674804688,164.1524200439453,32.19707489013672,310.1025695800781,46.04753875732422,396.05596923828125,458.3114013671875,48.980342864990234,105.32205963134766
2023-04-25,161.14376831054688,26.407087326049805,91.5522232055664,481.6443176269531,146.21340942382812,20.30750274658203,32.32510757446289,102.87110900878906,312.52288818359375,149.4605255126953,127.99825286865234,58.01298904418945,268.27978515625,205.74325561523438,105.54127502441406,78.90943908691406,267.9624938964844,26.157997131347656,167.8779296875,31.729169845581055,304.2528381347656,44.89221954345703,389.7690734863281,461.104736328125,48.59879684448242,103.8250961303711
2023-04-26,161.1339111328125,26.040834426879883,90.09943389892578,473.4984130859375,143.60910034179688,20.24545669555664,32.23151397705078,102.73243713378906,309.8347473144531,147.1441650390625,125.72969818115234,57.740421295166016,266.6692199707031,207.5771484375,102.7336196899414,79.24995422363281,287.372314453125,26.8707332611084,166.8425750732422,31.164451599121094,306.09808349609375,43.81024932861328,388.1181335449219,452.6966247558594,48.387168884277344,102.87166595458984
2023-04-27,165.7093505859375,26.4528751373291,90.78099822998047,479.8255920410156,144.44834899902344,20.493648529052734,32.6152229309082,106.57586669921875,314.4745178222656,147.48800659179688,127.4218521118164,57.85853958129883,271.23394775390625,236.4833221435547,104.30048370361328,80.88082885742188,296.57611083984375,27.139883041381836,167.86024475097656,31.253189086914062,314.4211730957031,43.975303649902344,395.84478759765625,459.74566650390625,48.537864685058594,104.101318359375
2023-04-28,166.958984375,26.809974670410156,92.26963806152344,481.6922302246094,145.85867309570312,20.511375427246094,32.942779541015625,106.32821655273438,316.1684265136719,148.1213836669922,128.52821350097656,58.28556823730469,272.1817932128906,238.2279815673828,104.58123779296875,81.31919860839844,298.9403991699219,27.661230087280273,168.922119140625,31.374202728271484,316.5903015136719,45.249813079833984,399.2234191894531,461.2640686035156,48.40640640258789,105.44679260253906
2023-05-01,166.87042236328125,26.59021759033203,91.94679260253906,472.47418212890625,144.69927978515625,20.44932746887207,32.88663101196289,106.18952941894531,313.5263671875,148.03091430664062,131.2802734375,58.42185974121094,273.8660583496094,241.06309509277344,105.36918640136719,79.47534942626953,297.2863464355469,28.818557739257812,169.62123107910156,31.632349014282227,316.22711181640625,45.066429138183594,398.8203430175781,464.64801025390625,48.60519790649414,102.1766586303711
2023-05-02,165.83721923828125,25.784452438354492,88.45832061767578,473.6419677734375,138.46966552734375,20.25432014465332,32.362545013427734,104.32723999023438,306.8980712890625,149.32485961914062,129.16043090820312,58.15837478637695,274.3169860839844,237.1573944091797,106.77302551269531,77.9930419921875,297.14044189453125,28.120771408081055,170.12562561035156,31.5113468170166,313.4690856933594,42.34319305419922,394.337890625,462.4826965332031,48.47373580932617,98.10456848144531
2023-05-03,164.76473999023438,25.509761810302734,86.17153930664062,469.0951843261719,135.69236755371094,20.10363006591797,32.23151397705078,104.41641235351562,302.5528564453125,147.37039184570312,126.42699432373047,57.83127975463867,271.6941223144531,234.9666290283203,107.07191467285156,76.60111999511719,296.1576843261719,27.714059829711914,170.0636749267578,31.01923370361328,311.4177551269531,41.508792877197266,391.6311340332031,458.7801208496094,48.29418182373047,96.17096710205078
2023-05-04,163.13136291503906,24.713151931762695,87.3104476928711,470.3421630859375,135.16458129882812,20.085901260375977,32.28766632080078,103.70320129394531,295.7496643066406,146.7008056640625,124.69766235351562,57.89488220214844,271.638916015625,231.4871826171875,106.30207061767578,74.66687774658203,297.14044189453125,27.474821090698242,171.12559509277344,30.84174919128418,310.31854248046875,41.325408935546875,388.8572692871094,456.75537109375,48.429359436035156,94.48690795898438
2023-05-05,170.78660583496094,25.372413635253906,90.009765625,478.7065734863281,138.61679077148438,20.6531982421875,33.17675018310547,104.57489776611328,301.05230712890625,147.19847106933594,127.13362121582031,58.16745376586914,272.964111328125,230.7536163330078,106.58283233642578,76.71861267089844,302.23858642578125,28.589284896850586,171.9131622314453,31.05150032043457,316.9141540527344,41.94892120361328,396.05596923828125,463.31689453125,48.847774505615234,96.83927917480469
2023-05-08,170.7176971435547,25.354101181030273,90.48506164550781,478.7065734863281,138.07168579101562,20.662067413330078,33.26097869873047,106.754150390625,300.582763671875,146.8636474609375,127.44041442871094,58.07659149169922,273.0469665527344,231.23934936523438,107.2168197631836,76.31187438964844,300.29266357421875,29.05879020690918,171.0990447998047,31.196714401245117,317.6993408203125,42.737464904785156,396.1615905761719,461.7608337402344,49.153526306152344,97.22241973876953
2023-05-09,169.01548767089844,25.32663345336914,91.05001831054688,480.3659973144531,137.67367553710938,20.537967681884766,33.23290252685547,106.33811950683594,298.98095703125,145.72357177734375,126.8268051147461,57.59503936767578,273.019287109375,231.33847045898438,106.35641479492188,76.25765228271484,298.68743896484375,28.480628967285156,171.798095703125,31.043434143066406,315.687255859375,43.250938415527344,394.42425537109375,459.6611633300781,49.237213134765625,97.24915313720703
2023-05-10,170.7767791748047,25.015316009521484,90.09943389892578,479.2820739746094,135.91726684570312,20.600017547607422,33.09252166748047,110.69664001464844,296.937255859375,146.26646423339844,126.89189910888672,57.69499206542969,272.9365234375,231.051025390625,106.78207397460938,75.67015075683594,303.8536682128906,28.79364013671875,171.9131622314453,30.898225784301758,319.1224365234375,42.049774169921875,396.2671203613281,459.37066650390625,49.09881591796875,96.00167846679688
2023-05-11,170.96372985839844,25.079410552978516,89.57929992675781,481.421142578125,135.16458129882812,20.369552612304688,32.69945526123047,115.47120666503906,295.2525939941406,145.66929626464844,126.49207305908203,58.02207946777344,271.2983703613281,233.73741149902344,106.46510314941406,74.68495178222656,301.7132263183594,28.48760414123535,172.86000061035156,30.645421981811523,320.162841796875,40.472679138183594,395.5760498046875,458.1427001953125,49.28227615356445,94.2641372680664
2023-05-12,170.03750610351562,24.804718017578125,89.16677856445312,483.5122375488281,135.51063537597656,20.289775848388672,32.56843566894531,116.40235137939453,294.1294860839844,145.4792938232422,124.6790771484375,58.24922180175781,272.540771484375,231.774658203125,106.09375762939453,74.4680404663086,300.6040344238281,28.25035858154297,173.5502471923828,30.45786476135254,319.0145263671875,40.40849685668945,395.0577697753906,460.45794677734375,49.26618576049805,94.25521850585938
2023-05-15,169.54486083984375,25.31747817993164,90.40170288085938,481.56500244140625,136.01248168945312,20.520240783691406,32.980220794677734,115.41177368164062,296.49542236328125,144.36636352539062,125.72969818115234,58.09476089477539,272.3199462890625,236.7807159423828,105.39635467529297,74.97418212890625,301.0807800292969,28.861421585083008,171.9131622314453,30.302919387817383,320.7419738769531,40.894466400146484,396.42071533203125,456.3617248535156,48.8831787109375,94.43497467041016
2023-05-16,169.54486083984375,25.051942825317383,88.40060424804688,475.9151916503906,132.8197784423828,20.147951126098633,32.44676971435547,118.38350677490234,295.3354797363281,144.1763458251953,124.88365173339844,57.440582275390625,270.7093505859375,236.74107360839844,105.13370513916016,73.98899841308594,303.299072265625,29.1205997467041,171.16983032226562,30.180606842041016,321.1051025390625,39.65663146972656,393.7716064453125,449.6689453125,48.20728302001953,92.14308166503906
2023-05-17,170.15576171875,26.159866333007812,90.78028106689453,474.8121337890625,134.7233123779297,20.316370010375977,32.60586929321289,119.7009506225586,303.9613952636719,143.85960388183594,128.72348022460938,57.37698745727539,270.0743103027344,240.37908935546875,103.93818664550781,75.84188079833984,306.1656799316406,30.08254623413086,169.95748901367188,29.968582153320312,324.9917907714844,40.80276870727539,398.551513671875,454.44012451171875,48.1268196105957,94.21027374267578
2023-05-18,172.48110961914062,26.068300247192383,90.80733489990234,477.7857360839844,134.5572967529297,20.227725982666016,32.493560791015625,121.67221069335938,303.4090576171875,143.39813232421875,129.69969177246094,57.05897903442383,270.6173400878906,244.70114135742188,103.24986267089844,76.36609649658203,310.57293701171875,31.577804565429688,169.5150146484375,29.74840545654297,331.0279846191406,41.123687744140625,402.390869140625,449.2096862792969,48.751216888427734,95.06411743164062
2023-05-19,172.58949279785156,25.738670349121094,92.48394775390625,476.2701721191406,135.6231689453125,20.387279510498047,32.549713134765625,121.60286712646484,300.2513732910156,143.78720092773438,129.40220642089844,57.086246490478516,271.997802734375,243.50169372558594,104.59934997558594,74.33244323730469,310.39739990234375,31.16511344909668,169.76280212402344,29.984893798828125,330.2821044921875,41.508792877197266,401.80535888671875,448.8253479003906,48.249122619628906,95.5045394897461
2023-05-22,171.64356994628906,25.949268341064453,93.50253295898438,471.809814453125,133.1856231689453,20.387279510498047,32.59651184082031,123.87127685546875,299.1190490722656,143.0122833251953,128.3330078125,55.88691329956055,266.2918395996094,246.1583709716797,103.69365692138672,74.35956573486328,313.1665344238281,31.0773868560791,165.16122436523438,31.599525451660156,331.3911437988281,42.17814636230469,401.968505859375,450.5125732421875,47.82427215576172,94.34510040283203
2023-05-23,169.04232788085938,26.169021606445312,94.09746551513672,465.09527587890625,137.03857421875,20.13908576965332,32.22216033935547,121.40473937988281,297.8763122558594,142.9576416015625,126.99415588378906,55.78697204589844,263.54931640625,244.5920867919922,102.58869934082031,74.6939926147461,307.3942565917969,30.59093475341797,164.65684509277344,32.32529830932617,327.1903381347656,42.23316192626953,397.45733642578125,449.406494140625,47.734161376953125,95.6303482055664
2023-05-24,169.31822204589844,25.72951889038086,93.7278823852539,463.07135009765625,137.40554809570312,19.749069213867188,31.64191436767578,119.7603988647461,294.4148864746094,142.82086181640625,125.83196258544922,55.31450271606445,263.13519287109375,247.04058837890625,102.8875732421875,73.4105224609375,306.0194396972656,30.441408157348633,163.6126251220703,31.501667022705078,325.5119934082031,42.389034271240234,394.57781982421875,450.70941162109375,47.51530075073242,96.69989776611328
2023-05-25,170.45135498046875,25.793609619140625,91.66365814208984,466.706787109375,135.03781127929688,19.554058074951172,31.342437744140625,122.31608581542969,298.1615905761719,140.76962280273438,126.1387939453125,54.887474060058594,262.7670593261719,250.4903106689453,101.71016693115234,75.01937103271484,317.7883605957031,37.8598747253418,162.6480712890625,30.84929656982422,333.4326477050781,41.407936096191406,397.99481201171875,447.7755432128906,47.04216766357422,94.96526336669922
2023-05-26,172.8555145263672,25.921796798706055,91.8078842163086,486.5721435546875,134.61843872070312,19.873165130615234,31.61383819580078,123.4354248046875,305.6460266113281,140.71495056152344,127.319580078125,54.75117874145508,263.2456359863281,259.7589111328125,100.59616088867188,75.83283233642578,324.5843811035156,38.822811126708984,162.45338439941406,30.661731719970703,341.9519348144531,40.78443145751953,403.14910888671875,451.356201171875,47.125858306884766,94.34510040283203
2023-05-30,174.6981201171875,25.876014709472656,91.22198486328125,487.3106994628906,133.77967834472656,19.722476959228516,31.370512008666992,122.5042724609375,304.55975341796875,140.73316955566406,127.80302429199219,54.315059661865234,262.21490478515625,260.2347412109375,98.87532043457031,75.39898681640625,322.9462890625,39.984130859375,160.7100830078125,30.180606842041016,343.50274658203125,40.6285514831543,403.3027038574219,449.7908935546875,47.009979248046875,93.50923156738281
2023-05-31,174.64883422851562,25.445667266845703,89.50932312011719,490.69677734375,131.59547424316406,19.385643005371094,31.127185821533203,121.71183776855469,300.45050048828125,141.36219787597656,126.1760025024414,54.20602798461914,262.3897399902344,262.4155578613281,99.9983901977539,73.89860534667969,320.19671630859375,37.71432876586914,161.3649444580078,31.004230499267578,341.5495910644531,39.27151870727539,401.06634521484375,456.7179260253906,47.27069091796875,91.8375015258789
2023-06-01,177.4471435546875,25.639484405517578,89.71662902832031,491.6943054199219,132.9409637451172,19.828845977783203,31.567045211791992,122.5538101196289,293.49346923828125,140.8881378173828,127.91459655761719,54.514949798583984,264.9298095703125,270.23687744140625,100.46936798095703,74.1788101196289,324.2820739746094,39.644203186035156,162.34962463378906,31.004230499267578,345.4952087402344,41.24288558959961,404.8768310546875,462.7076416015625,47.444480895996094,92.8980712890625
2023-06-02,178.2945098876953,26.497827529907227,92.25859832763672,491.68475341796875,136.52305603027344,20.130220413208008,32.23151397705078,123.4948501586914,300.2185974121094,143.10348510742188,130.60159301757812,55.56890869140625,268.2235107421875,270.23687744140625,101.9094009399414,76.23956298828125,327.0318298339844,39.20261001586914,164.0159454345703,31.281497955322266,348.0863342285156,42.88417434692383,410.7318420410156,468.2848815917969,47.89830780029297,95.05514526367188
2023-06-05,176.9446258544922,26.340923309326172,92.00621032714844,497.1139831542969,135.86781311035156,19.988399505615234,32.025630950927734,124.82222747802734,298.5118103027344,144.334228515625,129.3185272216797,55.19638442993164,266.8542175292969,269.02752685546875,102.44377899169922,75.68821716308594,327.558349609375,39.047096252441406,164.13182067871094,31.517980575561523,348.33172607421875,42.37986755371094,409.94476318359375,466.9820251464844,48.21371841430664,94.63272094726562
2023-06-06,176.580078125,26.97775650024414,91.88902282714844,495.2050476074219,136.1124267578125,20.12135887145996,32.31574630737305,126.10997009277344,303.14056396484375,144.20657348632812,129.5509490966797,54.796607971191406,263.2552185058594,268.7598876953125,99.63611602783203,77.6043930053711,325.3547058105469,38.53174591064453,161.7882080078125,31.28965187072754,348.2727966308594,43.2833366394043,410.8373718261719,457.0271911621094,48.20728302001953,95.40565490722656
2023-06-07,175.21046447753906,27.208494186401367,94.4760513305664,490.3802490234375,139.64218139648438,19.910961151123047,32.28360366821289,121.34530639648438,311.442626953125,144.5165557861328,130.80612182617188,54.714847564697266,260.8126525878906,261.3053894042969,98.36811828613281,78.182861328125,315.31170654296875,37.36032485961914,160.49609375,31.71368980407715,342.3642578125,44.371185302734375,409.4167785644531,451.927978515625,48.2780876159668,97.54475402832031
2023-06-08,177.92007446289062,26.97775650024414,94.232666015625,498.87890625,139.126708984375,20.208948135375977,32.274147033691406,120.98870849609375,311.1828918457031,146.1028594970703,130.84332275390625,54.85113525390625,264.4024353027344,262.27679443359375,99.9168701171875,78.01112365722656,317.14483642578125,38.39216613769531,162.26937866210938,31.876789093017578,346.6140441894531,43.74428176879883,411.8932189941406,459.52056884765625,48.97651672363281,97.23918151855469
2023-06-09,178.3043975830078,27.014677047729492,93.6467514038086,496.1834716796875,138.79469299316406,20.190889358520508,32.23633575439453,121.07786560058594,311.6929931640625,145.87493896484375,131.10362243652344,54.941986083984375,265.3369140625,262.6435546875,100.27010345458984,77.92073059082031,318.6366271972656,38.6513671875,162.49220275878906,31.7789306640625,347.9390869140625,43.818031311035156,412.6322937011719,462.6982116699219,49.27261734008789,96.52015686035156
2023-06-12,181.0928497314453,26.885461807250977,92.68226623535156,499.7228698730469,137.45794677734375,20.272159576416016,32.2552490234375,122.47457122802734,314.91180419921875,145.774658203125,131.09434509277344,54.705753326416016,266.98370361328125,268.69049072265625,99.50025177001953,79.03245544433594,323.5703430175781,39.36118698120117,162.09117126464844,32.53731918334961,353.8182373046875,43.34786605834961,416.37567138671875,461.73272705078125,49.59769058227539,95.6483383178711
2023-06-13,180.61988830566406,27.134662628173828,93.21408081054688,500.73028564453125,138.48887634277344,20.524995803833008,32.4915771484375,122.66277313232422,317.7038879394531,146.54046630859375,132.04269409179688,54.92380905151367,266.9652404785156,268.95819091796875,99.61799621582031,79.79169464111328,325.9494934082031,40.89647674560547,161.77037048339844,32.84720230102539,356.5369567871094,44.214454650878906,419.1208190917969,460.53289794921875,49.98391342163086,95.66630554199219
2023-06-14,181.25048828125,26.87623405456543,92.54704284667969,505.6988830566406,137.24826049804688,20.597232818603516,32.51994705200195,122.5042724609375,313.91925048828125,147.2880096435547,131.54991149902344,55.29633331298828,266.86346435546875,270.9704895019531,99.07096099853516,79.52054595947266,328.92333984375,42.865440368652344,163.22286987304688,32.09696960449219,359.12811279296875,43.57834243774414,419.619873046875,431.0530700683594,50.48923873901367,94.51587677001953
2023-06-15,183.28030395507812,27.106975555419922,93.881103515625,507.5981140136719,138.28794860839844,20.976491928100586,32.869720458984375,123.910888671875,315.1437683105469,149.26629638671875,133.03750610351562,56.05619430541992,270.7215270996094,279.3766174316406,99.74565124511719,80.48766326904297,339.41485595703125,42.522491455078125,165.4862518310547,32.41499328613281,363.4074401855469,44.15914535522461,424.82220458984375,438.4980163574219,50.76601791381836,95.17195892333984
2023-06-16,182.20626831054688,26.940839767456055,94.57520294189453,502.293701171875,137.39678955078125,21.066791534423828,32.83190155029297,122.36559295654297,313.8172912597656,149.72213745117188,133.19554138183594,56.459014892578125,271.72998046875,278.55389404296875,99.6727066040039,79.6199722290039,333.78887939453125,42.56136703491211,165.7803192138672,32.66779708862305,361.12054443359375,44.04850769042969,423.3750915527344,431.5330810546875,50.05794143676758,94.48889923095703
2023-06-20,182.29493713378906,26.64550018310547,91.97013092041016,498.5047302246094,134.26898193359375,21.030672073364258,32.38759231567383,121.93965148925781,306.7767639160156,149.63096618652344,132.516845703125,56.083675384521484,271.119384765625,281.8548583984375,100.50240325927734,78.39073944091797,329.6156311035156,43.673954010009766,165.1298370361328,32.08065414428711,360.6036071777344,43.569114685058594,421.1785888671875,441.7922668457031,49.617000579833984,92.32283782958984
2023-06-21,181.26036071777344,26.36861228942871,93.4754867553711,498.4280700683594,135.31739807128906,20.958431243896484,32.47267150878906,119.4136962890625,301.5357971191406,149.40304565429688,132.3216094970703,56.239295959472656,272.4886169433594,279.18829345703125,101.35033416748047,78.03823852539062,325.2376403808594,42.91329574584961,165.23675537109375,31.72184944152832,355.68939208984375,44.03007125854492,419.02056884765625,448.719482421875,49.713558197021484,93.35645294189453
2023-06-22,184.25575256347656,25.805614471435547,91.42932891845703,502.82122802734375,133.36032104492188,20.51596450805664,32.321414947509766,121.98920440673828,296.4432373046875,150.98934936523438,129.7740936279297,56.623809814453125,271.3598937988281,282.40008544921875,103.68439483642578,76.3751449584961,331.23419189453125,42.89334487915039,166.94772338867188,31.583213806152344,359.8861389160156,43.181922912597656,420.5331115722656,450.88421630859375,50.128753662109375,92.84413146972656
2023-06-23,183.94041442871094,25.611793518066406,90.55493927001953,503.0514831542969,132.2332763671875,20.010290145874023,31.96218490600586,121.18681335449219,291.9258117675781,150.86172485351562,129.0953826904297,56.028743743896484,268.2235107421875,286.21661376953125,104.48675537109375,75.54361724853516,326.6612548828125,42.0798454284668,165.80709838867188,31.232559204101562,356.3184509277344,42.951438903808594,417.3538818359375,448.95477294921875,50.0354118347168,92.03522491455078
2023-06-26,182.55111694335938,25.925600051879883,91.86981964111328,502.07305908203125,134.5572967529297,20.028352737426758,32.359230041503906,117.22453308105469,289.7459411621094,149.17515563964844,129.4114990234375,56.04704284667969,267.46484375,276.0458679199219,103.10090637207031,75.55264282226562,320.4013671875,40.50767517089844,164.75558471679688,30.082748413085938,351.54180908203125,43.66131591796875,415.6487121582031,450.8937072753906,49.9034538269043,93.73393249511719
2023-06-27,185.30020141601562,26.06403923034668,91.39827728271484,508.70135498046875,134.13792419433594,20.190889358520508,32.576663970947266,117.2146224975586,290.75701904296875,148.8651580810547,129.42080688476562,55.92802810668945,269.5095520019531,284.5511779785156,103.31970977783203,76.31187438964844,326.2225341796875,41.747867584228516,165.9407501220703,29.699474334716797,357.5863037109375,44.38039779663086,420.2055969238281,454.1878967285156,49.72321701049805,93.96762084960938
2023-06-28,186.4727020263672,25.90713882446289,92.95801544189453,511.070556640625,135.3523712158203,20.064470291137695,32.4915771484375,119.04718017578125,290.95184326171875,148.56431579589844,128.85362243652344,55.40619659423828,269.91656494140625,282.8064880371094,102.51737213134766,75.9141845703125,327.47052001953125,40.991188049316406,163.6951446533203,29.593467712402344,358.2840881347656,44.79525375366211,420.41754150390625,446.55474853515625,49.99357604980469,94.7315673828125
2023-06-29,186.80770874023438,26.451679229736328,93.45675659179688,510.00579833984375,136.50564575195312,20.172828674316406,32.69955825805664,117.97737121582031,299.6990966796875,149.6036376953125,133.35362243652344,54.94844436645508,272.4423828125,279.07928466796875,103.52029418945312,77.04399108886719,326.69049072265625,40.697086334228516,163.8555908203125,29.45484161376953,357.5666198730469,44.68463134765625,422.07452392578125,448.4277648925781,49.6556282043457,95.89999389648438
2023-06-30,191.1234588623047,26.479366302490234,93.95551300048828,516.4229736328125,137.4754180908203,20.362457275390625,33.07769775390625,118.57170104980469,299.18896484375,150.898193359375,135.22242736816406,55.13154602050781,276.087646484375,284.4818115234375,105.20703125,77.1886215209961,332.0435791015625,42.17256546020508,165.0496368408203,29.911500930786133,363.080322265625,45.28385925292969,427.05535888671875,452.38079833984375,50.58900451660156,96.39432525634766
2023-07-03,189.63560485839844,26.950069427490234,94.51773071289062,518.974365234375,137.35311889648438,20.47081756591797,33.27621841430664,118.76982116699219,302.96429443359375,148.919921875,136.31021118164062,55.461124420166016,272.78472900390625,283.5301513671875,104.2405776977539,78.10150146484375,329.55712890625,42.28321838378906,165.38824462890625,29.887042999267578,363.9354248046875,45.60652542114258,427.54669189453125,449.7830505371094,50.91729736328125,96.58306121826172
2023-07-05,188.52218627929688,26.839319229125977,94.32730865478516,519.0607299804688,136.56675720214844,20.29924774169922,32.898075103759766,120.60238647460938,296.87921142578125,148.42759704589844,135.4021759033203,55.87309646606445,274.69061279296875,291.8074035644531,103.66618347167969,77.65860748291016,329.713134765625,42.18751525878906,166.26153564453125,29.732091903686523,363.92559814453125,45.449806213378906,426.91082763671875,443.5146179199219,50.888328552246094,96.08872985839844
2023-07-06,188.99513244628906,26.10095977783203,90.9902114868164,515.4541015625,133.5700225830078,19.7935733795166,32.21742630004883,118.97784423828125,290.339599609375,147.32449340820312,134.0635223388672,55.44281005859375,272.8587341308594,289.44818115234375,101.88825988769531,75.31765747070312,332.75537109375,41.974178314208984,166.2793426513672,29.055255889892578,361.1539611816406,45.28385925292969,423.56781005859375,441.7640075683594,50.56646728515625,92.5025863647461
2023-07-07,187.8817138671875,26.331695556640625,93.61093139648438,503.6365661621094,134.74078369140625,19.956111907958984,32.45376968383789,118.3537826538086,292.3525390625,145.1820831298828,135.121337890625,54.71041488647461,270.2496337890625,288.0008544921875,99.38094329833984,75.34475708007812,328.8063659667969,42.37294387817383,163.14268493652344,28.973712921142578,359.9549560546875,49.18350601196289,422.4984130859375,434.44140625,49.40135955810547,92.71830749511719
2023-07-10,185.8421173095703,26.451679229736328,94.62655639648438,505.51666259765625,135.6406707763672,19.856782913208008,32.406494140625,115.35233306884766,293.5584411621094,145.4191131591797,135.87957763671875,54.298439025878906,272.46087646484375,291.5398254394531,100.25621032714844,75.38092041015625,323.55078125,42.05093002319336,164.22979736328125,29.096027374267578,360.0728759765625,49.43242645263672,423.56781005859375,435.82501220703125,49.848731994628906,94.09344482421875
2023-07-11,185.3199005126953,26.7839412689209,97.42863464355469,508.03936767578125,138.14813232421875,20.136707305908203,32.56720733642578,116.03583526611328,297.64910888671875,144.61685180664062,138.00460815429688,54.49069595336914,272.69219970703125,295.6933288574219,99.10740661621094,76.79092407226562,324.17486572265625,42.27524185180664,163.9446563720703,29.373287200927734,361.851806640625,51.67264938354492,426.26531982421875,435.6743469238281,49.77470397949219,95.2438735961914
2023-07-12,186.9850616455078,27.09774398803711,99.12438201904297,516.058349609375,139.47616577148438,20.61529541015625,33.03042984008789,117.8089599609375,302.7694396972656,144.1154327392578,138.68801879882812,54.783653259277344,273.4971008300781,306.6470947265625,97.98596954345703,77.52301788330078,328.786865234375,43.767662048339844,163.22286987304688,29.34882926940918,366.4220275878906,52.25344467163086,429.695068359375,425.142333984375,49.90023422241211,95.71125030517578
2023-07-13,187.74378967285156,27.38385772705078,100.24884033203125,516.4901123046875,137.61520385742188,21.15709114074707,33.58818054199219,123.36608123779297,304.8843994140625,144.7809295654297,139.36199951171875,55.25054931640625,273.1362609863281,310.68170166015625,96.93743133544922,77.92073059082031,334.110595703125,45.8363151550293,167.10804748535156,29.405906677246094,372.6434020996094,52.93564987182617,433.1054382324219,421.424560546875,49.60734939575195,93.9586181640625
2023-07-14,187.8916015625,26.867006301879883,97.11123657226562,524.4036865234375,134.18157958984375,21.03969955444336,33.31403350830078,124.23778533935547,302.57470703125,145.747314453125,140.20455932617188,55.75408935546875,272.8771667480469,306.1812438964844,97.86743927001953,77.5320816040039,336.6262512207031,45.32987594604492,167.7140350341797,29.61793327331543,372.5647277832031,52.66830825805664,432.83575439453125,451.93841552734375,49.77792739868164,90.72300720214844
2023-07-17,191.1431884765625,27.134662628173828,96.52181243896484,530.4083251953125,134.0592803955078,20.94940185546875,33.36130142211914,123.47505187988281,303.5116271972656,145.0179901123047,143.583984375,55.67169189453125,272.63671875,307.9159851074219,96.2536392211914,78.06533813476562,337.10406494140625,46.3188362121582,165.41497802734375,29.242809295654297,376.0439147949219,52.09672164916992,434.3386535644531,455.6185302734375,49.839080810546875,91.11846923828125
2023-07-18,190.886962890625,28.33449363708496,98.61656188964844,531.0127563476562,134.3301239013672,21.030672073364258,33.63545608520508,122.59343719482422,312.8525390625,145.00888061523438,143.8460693359375,55.451961517333984,271.84100341796875,309.33355712890625,96.60009002685547,83.09979248046875,350.5207214355469,47.348670959472656,164.36349487304688,29.552692413330078,379.1202697753906,52.53001022338867,437.56597900390625,470.6024475097656,49.748966217041016,90.70503234863281
2023-07-19,192.23684692382812,29.100540161132812,99.2785415649414,531.5113525390625,135.15139770507812,20.940372467041016,33.85288619995117,120.8797378540039,315.89508056640625,144.71713256835938,144.39840698242188,56.43155288696289,272.1278076171875,313.2591247558594,96.60009002685547,84.20247650146484,346.2207336425781,46.93294906616211,165.97634887695312,29.715787887573242,379.03179931640625,52.88034439086914,438.5390625,474.0849609375,49.76505661010742,91.33417510986328
2023-07-20,190.2957763671875,29.248210906982422,101.2826156616211,534.2451782226562,136.64537048339844,20.96746063232422,33.72998809814453,118.07642364501953,325.4586181640625,153.50552368164062,146.17706298828125,57.11817932128906,274.9034118652344,299.8865051269531,98.88859558105469,84.78093719482422,338.2156066894531,45.38071060180664,168.68533325195312,29.984893798828125,370.29437255859375,52.78815460205078,435.62957763671875,474.5931701660156,50.68556213378906,92.94300842285156
2023-07-21,189.1232452392578,29.51586151123047,102.37078094482422,535.1084594726562,138.64614868164062,20.895221710205078,33.84342575073242,118.88867950439453,326.4789733886719,155.1556396484375,145.05368041992188,57.16395950317383,273.4971008300781,291.6984558105469,100.64827728271484,84.97075653076172,335.19293212890625,44.173423767089844,169.45167541503906,30.49864387512207,369.18377685546875,51.63576889038086,435.62957763671875,476.74853515625,50.97201156616211,93.37440490722656
2023-07-24,189.92137145996094,30.134235382080078,104.0302734375,540.930908203125,141.38079833984375,20.93134117126465,34.04194641113281,120.38446807861328,332.9443664550781,155.967041015625,147.90887451171875,57.18226623535156,273.2195129394531,289.0715026855469,99.18946838378906,85.56729125976562,336.4995422363281,44.475494384765625,170.12887573242188,30.588336944580078,369.7735290527344,52.566898345947266,437.57562255859375,478.7721862792969,51.271324157714844,94.83941650390625
2023-07-25,190.77857971191406,29.672765731811523,105.3542251586914,542.1395263671875,142.02735900878906,21.130001068115234,33.93796157836914,121.05805206298828,329.0205993652344,157.16131591796875,146.80426025390625,56.990013122558594,270.4902038574219,291.9066162109375,98.0406723022461,85.3413314819336,342.22308349609375,45.53923034667969,170.52099609375,30.22138023376465,372.2796630859375,53.35972595214844,438.770263671875,480.8899230957031,51.229488372802734,94.98322296142578
2023-07-26,191.6456756591797,29.912729263305664,105.94364929199219,543.0797119140625,140.96144104003906,21.193206787109375,33.91905212402344,128.051513671875,331.6735534667969,157.46214294433594,147.68423461914062,57.722408294677734,269.9258728027344,295.9709167480469,97.68507385253906,84.54593658447266,329.3425598144531,45.31291961669922,170.73486328125,30.343698501586914,371.04132080078125,53.16613006591797,438.8376770019531,478.1322021484375,51.41294860839844,94.45294952392578
2023-07-27,190.38446044921875,29.488178253173828,104.99150085449219,538.9165649414062,139.49363708496094,20.994550704956055,33.60708999633789,128.1802520751953,328.8443603515625,158.346435546875,146.05535888671875,57.16395950317383,273.1085510253906,308.9964599609375,95.98009490966797,83.8318862915039,322.4685363769531,45.75955581665039,167.99917602539062,29.848960876464844,370.15679931640625,52.566898345947266,435.9281921386719,475.5250244140625,51.22626495361328,94.74954223632812
2023-07-28,192.95614624023438,29.442028045654297,105.12751770019531,540.3457641601562,138.8034210205078,20.886192321777344,33.82451629638672,131.3302764892578,327.6570739746094,159.0666961669922,146.8885040283203,57.20057678222656,272.0353088378906,322.64666748046875,96.95567321777344,83.5308609008789,329.9276428222656,46.606956481933594,169.58531188964844,29.741769790649414,376.8990478515625,52.686744689941406,440.1961364746094,473.3414306640625,51.4676628112793,93.61709594726562
2023-07-31,193.56704711914062,29.534324645996094,106.75072479248047,537.8038330078125,142.98841857910156,21.093881607055664,34.108131408691406,131.46897888183594,330.10589599609375,152.73062133789062,147.8714599609375,56.69705581665039,271.2673645019531,315.8265380859375,97.23833465576172,83.52173614501953,327.5388488769531,46.58601379394531,167.04571533203125,29.733524322509766,377.09564208984375,53.7838020324707,441.03424072265625,476.5979919433594,51.451568603515625,96.38532257080078
2023-08-01,192.73939514160156,29.183605194091797,106.44241333007812,532.8159790039062,141.80018615722656,20.678503036499023,33.67326354980469,130.31002807617188,331.822021484375,153.97048950195312,147.1412811279297,56.550575256347656,269.2967224121094,319.9007873535156,95.98921966552734,82.95616912841797,327.9483337402344,46.36469650268555,166.4753875732422,29.362476348876953,376.220947265625,53.11082458496094,439.7721862792969,475.0638122558594,51.210174560546875,95.8281021118164
2023-08-02,189.75384521484375,28.7867374420166,104.81919860839844,529.8232421875,139.5548095703125,20.172828674316406,33.00206756591797,127.16987609863281,325.6812744140625,154.90037536621094,145.47494506835938,56.72452163696289,267.9552307128906,311.57391357421875,96.37216186523438,81.47840881347656,319.3288269042969,44.133548736572266,167.80311584472656,29.148088455200195,367.9650573730469,52.98175048828125,433.6545715332031,475.12030029296875,51.24558639526367,94.63272094726562
2023-08-03,188.3645477294922,28.989778518676758,104.27510070800781,534.9453125,139.5023956298828,20.172828674316406,32.83190155029297,127.23921966552734,327.5921630859375,155.56590270996094,146.36427307128906,56.43155288696289,269.2504577636719,310.4636535644531,96.39952087402344,81.31419372558594,318.50982666015625,44.37879180908203,166.74270629882812,28.859500885009766,367.37530517578125,53.45191955566406,432.41180419921875,475.1767578125,51.258453369140625,96.2774887084961
2023-08-04,179.31930541992188,28.888259887695312,103.11438751220703,529.5259399414062,139.18783569335938,20.290218353271484,32.916988372802734,126.90243530273438,327.64776611328125,154.1072235107422,146.05535888671875,55.58013916015625,265.5496520996094,308.02508544921875,95.73394012451172,80.99494171142578,319.6018981933594,44.54328536987305,164.4971466064453,28.87598991394043,365.65533447265625,53.16613006591797,430.4561462402344,473.1719970703125,50.96234893798828,96.54710388183594
2023-08-07,176.225341796875,29.423568725585938,103.81262969970703,535.6360473632812,139.69456481933594,20.371488571166992,33.03988265991211,130.2901611328125,329.8183898925781,157.80856323242188,146.7480926513672,56.01958465576172,269.6020202636719,313.8043212890625,96.72772979736328,81.25946807861328,321.8737487792969,45.27803421020508,166.53775024414062,29.420194625854492,368.75128173828125,53.44270324707031,434.21337890625,480.7110595703125,51.654327392578125,96.349365234375
2023-08-08,177.16140747070312,28.86057472229004,104.81919860839844,533.4393920898438,139.4849090576172,20.236040115356445,32.83190155029297,130.1614227294922,323.0469665527344,157.88153076171875,145.92430114746094,55.77239227294922,267.91815185546875,309.91845703125,97.01950073242188,80.7030258178711,317.9150390625,44.527339935302734,164.35455322265625,29.387208938598633,365.6160888671875,53.94052505493164,432.3251647949219,476.1179504394531,51.705833435058594,96.82574462890625
2023-08-09,175.57501220703125,28.482166290283203,105.59001159667969,536.8734741210938,139.66836547851562,20.272159576416016,32.907535552978516,128.4378204345703,317.8801574707031,157.78123474121094,143.96778869628906,55.90057373046875,266.6692199707031,302.55316162109375,96.73686218261719,79.8729019165039,314.1904296875,42.42379379272461,163.9446563720703,29.552127838134766,361.5962219238281,54.862430572509766,429.4349365234375,472.58843994140625,51.78951644897461,98.47050476074219
2023-08-10,175.35829162597656,28.555999755859375,105.0368423461914,538.5905151367188,140.515869140625,20.26312828063965,32.97370910644531,128.46754455566406,315.75592041015625,156.96072387695312,143.75245666503906,55.77239227294922,266.0863037109375,303.0785217285156,96.2536392211914,79.94588470458984,314.8728942871094,42.258304595947266,163.73971557617188,29.45318031311035,362.26458740234375,54.31850814819336,429.58905029296875,473.8778991699219,51.763675689697266,98.97382354736328
2023-08-11,175.41746520996094,28.8790340423584,106.83234405517578,540.0004272460938,143.41651916503906,20.0915584564209,33.04933547973633,128.33876037597656,316.06207275390625,158.49232482910156,144.5856475830078,56.00127029418945,267.030029296875,299.01422119140625,97.95860290527344,80.0006103515625,313.0007629394531,40.72999572753906,163.9980926513672,29.717037200927734,359.9549560546875,54.99150085449219,429.3385925292969,478.14154052734375,52.067298889160156,100.51074981689453
2023-08-14,177.06520080566406,28.546770095825195,106.72351837158203,538.5712280273438,143.31166076660156,19.992233276367188,32.85081481933594,130.09207153320312,313.2884826660156,158.11854553222656,144.8851776123047,55.73577117919922,267.20574951171875,303.5245666503906,99.29888916015625,79.66310119628906,315.9552001953125,43.619117736816406,163.62387084960938,29.741769790649414,363.9943542480469,54.87165069580078,431.70849609375,480.8899230957031,51.6796989440918,100.59163665771484
2023-08-15,175.0819854736328,27.63304901123047,105.20254516601562,535.73193359375,139.126708984375,19.748422622680664,32.14180374145508,128.5567169189453,308.1588439941406,157.66270446777344,141.19683837890625,55.36042404174805,266.73388671875,299.3215026855469,99.07096099853516,78.59581756591797,313.8295593261719,43.80554962158203,161.60110473632812,29.181074142456055,360.1318359375,53.77458953857422,426.6795959472656,476.8991394042969,51.41484069824219,98.00910949707031
2023-08-16,174.21376037597656,27.03313636779785,104.4101791381836,536.2499389648438,138.59375,19.531705856323242,32.03781509399414,127.48686218261719,305.28326416015625,157.16131591796875,140.5977020263672,55.36957931518555,264.05084228515625,291.72821044921875,99.13477325439453,78.44074249267578,313.06744384765625,43.352935791015625,161.476318359375,29.255281448364258,356.3184509277344,53.258323669433594,423.5485534667969,473.95318603515625,51.440677642822266,96.35991668701172
2023-08-17,171.6780242919922,27.023906707763672,106.31368255615234,524.796875,140.9136505126953,19.36013412475586,31.886554718017578,128.6953582763672,303.8083801269531,158.63819885253906,139.1373291015625,55.488590240478516,260.7756652832031,282.6082458496094,99.30799865722656,78.25831604003906,309.6280212402344,43.211368560791016,159.01687622070312,30.10457420349121,352.42633056640625,53.36894607543945,420.3211669921875,464.9176025390625,50.287567138671875,98.2265853881836
2023-08-18,172.1614990234375,26.867006301879883,106.82371520996094,522.7153930664062,141.92800903320312,19.37819480895996,31.886554718017578,126.2585678100586,301.4059143066406,157.25247192382812,139.45562744140625,55.79985809326172,260.6646423339844,280.7842712402344,99.56329345703125,77.43732452392578,309.2371520996094,43.16651153564453,158.7762908935547,30.228261947631836,351.9840393066406,53.49801254272461,420.52349853515625,469.13421630859375,51.011085510253906,99.71265411376953
2023-08-21,173.49349975585938,26.9039249420166,106.75084686279297,521.0559692382812,141.4517059326172,19.4233455657959,31.839292526245117,127.15998077392578,298.74371337890625,152.56655883789062,139.9330596923828,55.32380676269531,259.0918273925781,287.3763427734375,99.96446228027344,76.85350036621094,314.51361083984375,46.82329559326172,157.76937866210938,30.516857147216797,357.65509033203125,52.95409393310547,423.2595520019531,468.4189453125,50.87543487548828,98.50749206542969
2023-08-22,174.86492919921875,26.248632431030273,105.78543090820312,516.413330078125,140.28733825683594,19.324018478393555,31.650222778320312,127.86329650878906,295.7104187011719,151.35403442382812,137.03102111816406,54.98505783081055,259.34161376953125,285.096435546875,97.76712799072266,75.69499969482422,315.08026123046875,45.528263092041016,156.56637573242188,30.37668228149414,357.14398193359375,52.00453186035156,422.113037109375,463.39288330078125,50.713932037353516,97.9547348022461
2023-08-23,178.70301818847656,26.257863998413086,105.47577667236328,518.8017578125,140.4726104736328,19.640066146850586,31.999998092651367,131.12228393554688,298.99407958984375,149.9956512451172,137.95779418945312,55.17732620239258,260.7849426269531,291.6785888671875,101.47797393798828,76.06900024414062,319.51641845703125,46.97183609008789,158.72283935546875,30.228261947631836,362.7756652832031,53.36894607543945,426.81451416015625,460.66339111328125,51.066001892089844,97.09388732910156
2023-08-24,174.02626037597656,26.414762496948242,104.555908203125,510.9886474609375,139.3170623779297,19.287899017333984,31.763662338256836,128.5567169189453,296.7957458496094,150.50613403320312,137.82676696777344,55.03083801269531,261.2290344238281,284.2538146972656,99.79121398925781,76.11461639404297,312.6473693847656,47.0186882019043,157.88519287109375,29.815982818603516,355.0210876464844,52.354854583740234,420.8992614746094,459.4021911621094,50.675167083740234,96.36896514892578
2023-08-25,176.2265167236328,26.30401039123535,106.12242126464844,513.1990356445312,140.35791015625,19.432376861572266,31.773113250732422,128.65574645996094,296.9719543457031,152.6641387939453,137.65823364257812,55.28718185424805,263.2922058105469,283.0147399902344,100.48416137695312,75.91393280029297,315.58843994140625,45.8771858215332,159.88125610351562,29.99738883972168,357.77301025390625,52.050628662109375,423.8664855957031,460.3621520996094,50.975563049316406,98.09066009521484
2023-08-28,177.78543090820312,26.543973922729492,107.03316497802734,515.2941284179688,141.31939697265625,19.60394287109375,32.06616973876953,129.77508544921875,302.37060546875,150.8643035888672,138.13568115234375,55.44281005859375,262.45953369140625,287.7332458496094,99.3171157836914,76.97209167480469,316.2919921875,46.69169998168945,160.620849609375,29.857208251953125,360.46600341796875,53.31364059448242,426.55438232421875,462.39520263671875,51.266258239746094,98.91526794433594
2023-08-29,181.66297912597656,26.92238426208496,107.16068267822266,521.6176147460938,141.09889221191406,19.974172592163086,32.59556579589844,133.30154418945312,308.4742736816406,150.88267517089844,139.25900268554688,55.387882232666016,262.3762512207031,295.3959655761719,100.28357696533203,78.03938293457031,320.8941650390625,48.634727478027344,161.226806640625,29.807741165161133,368.3385314941406,53.67318344116211,432.7200927734375,463.8540344238281,51.69585037231445,99.50425720214844
2023-08-30,185.1458740234375,26.802400588989258,108.1078872680664,521.1275024414062,141.2929229736328,20.0915584564209,32.756282806396484,134.59921264648438,307.3330993652344,150.35006713867188,138.69737243652344,55.36042404174805,262.9776306152344,292.5310974121094,100.48416137695312,77.77484130859375,321.2655029296875,49.11325454711914,161.36048889160156,29.60160255432129,370.39263916015625,54.39226150512695,434.50238037109375,462.6304931640625,52.067298889160156,100.47383117675781
2023-08-31,185.3629150390625,26.681415557861328,108.40843963623047,527.8739013671875,142.1044464111328,20.05544090270996,32.79409408569336,134.88645935058594,306.5193786621094,148.4675750732422,136.9842529296875,54.774497985839844,261.51727294921875,293.314208984375,99.36270141601562,77.67449188232422,320.2590637207031,49.203983306884766,159.65997314453125,29.172836303710938,371.50323486328125,54.355377197265625,433.86663818359375,448.5594482421875,52.52272415161133,100.75474548339844
2023-09-01,186.93174743652344,26.969913482666016,111.24092102050781,523.0398559570312,144.92715454101562,20.0915584564209,33.02097702026367,134.3812713623047,306.2294006347656,147.36563110351562,137.4429168701172,54.298439025878906,261.3219299316406,293.7999572753906,100.14680480957031,78.22180938720703,321.1383972167969,48.36056900024414,157.32679748535156,29.502649307250977,371.110107421875,55.4247932434082,434.6758117675781,448.2394714355469,52.186805725097656,102.86605834960938
2023-09-05,187.1685028076172,26.662803649902344,111.86936950683594,523.501220703125,146.83245849609375,19.910961151123047,32.70900344848633,134.49021911621094,302.8154602050781,147.54933166503906,135.9263916015625,53.8498420715332,259.666259765625,297.53717041015625,98.02244567871094,77.3917007446289,325.91650390625,48.399452209472656,156.2858428955078,29.172836303710938,371.5819091796875,55.73955154418945,432.7972106933594,452.540771484375,51.766910552978516,102.87512969970703
2023-09-06,180.4691619873047,26.42083740234375,112.08793640136719,525.3848266601562,146.982421875,19.73939323425293,32.406494140625,133.1925811767578,300.3648986816406,145.09751892089844,135.70175170898438,53.8132209777832,256.2060241699219,296.5657043457031,97.09244537353516,76.77140808105469,325.26190185546875,46.920860290527344,156.79736328125,28.340024948120117,368.3089904785156,56.470890045166016,429.8877258300781,448.8983154296875,52.15450668334961,103.76316833496094
2023-09-07,175.19052124023438,26.178869247436523,110.84928131103516,527.23974609375,146.9912109375,19.640066146850586,32.15126037597656,133.98501586914062,301.1412048339844,146.95242309570312,134.54092407226562,53.401241302490234,258.8941955566406,296.07000732421875,98.41447448730469,76.4794921875,322.35986328125,46.10330581665039,158.2959442138672,28.265819549560547,365.6750793457031,56.31351852416992,428.5678405761719,456.3055419921875,52.800498962402344,103.2557144165039
2023-09-08,175.80224609375,26.39291763305664,111.76917266845703,529.70947265625,147.49403381347656,19.59491539001465,32.15126037597656,135.09451293945312,304.4709777832031,147.43911743164062,134.64393615722656,53.401241302490234,259.7220458984375,295.29681396484375,99.42652130126953,77.46467590332031,326.62005615234375,45.436302185058594,158.17929077148438,28.241077423095703,366.18609619140625,55.702518463134766,429.2133483886719,454.2646179199219,52.89739990234375,104.7599105834961
2023-09-11,176.9665069580078,26.50459098815918,109.69261932373047,537.003662109375,144.45079040527344,19.910961151123047,32.4915771484375,135.62940979003906,303.6572570800781,149.3675079345703,135.23365783691406,53.90476989746094,260.224365234375,304.8826599121094,99.01624298095703,76.17847442626953,330.2060546875,45.04347610473633,160.56626892089844,27.985464096069336,370.5007629394531,56.25796890258789,432.0361328125,452.95135498046875,53.08150863647461,103.44601440429688
2023-09-12,173.9473419189453,26.960603713989258,112.09705352783203,537.0132446289062,147.1411895751953,19.865812301635742,32.59556579589844,134.06427001953125,309.50311279296875,150.21231079101562,136.9936065673828,53.373779296875,261.1079406738281,299.0339660644531,99.39916229248047,78.03938293457031,324.1772766113281,44.73638916015625,159.9740447998047,28.158626556396484,366.3924865722656,57.48922348022461,429.6661071777344,453.442626953125,53.13964080810547,106.4634780883789
2023-09-13,171.88523864746094,26.876848220825195,111.39574432373047,537.9454345703125,146.60311889648438,19.7755126953125,32.70900344848633,135.42138671875,313.31927490234375,150.58880615234375,137.0591278076172,53.501949310302734,262.0939025878906,302.4044494628906,98.29595947265625,79.59012603759766,328.3690490722656,45.34955978393555,161.2393341064453,28.100910186767578,367.7880859375,56.119102478027344,430.1671447753906,453.3859558105469,53.152565002441406,105.51202392578125
2023-09-14,173.39480590820312,27.17465591430664,113.39033508300781,542.76025390625,147.5116729736328,20.16379737854004,33.31403350830078,136.7982635498047,322.2891540527344,150.35926818847656,139.71775817871094,53.94487762451172,264.87518310546875,309.0064392089844,99.36079406738281,81.2503662109375,330.9486999511719,45.445274353027344,162.63023376464844,28.158626556396484,370.7956848144531,57.026336669921875,433.8761901855469,456.9386901855469,53.375431060791016,107.39682006835938
2023-09-15,172.674560546875,26.83962631225586,112.54331970214844,534.6780395507812,146.86773681640625,20.08252716064453,33.3423957824707,136.1048583984375,320.3904113769531,148.25636291503906,139.3058319091797,53.46504592895508,258.80120849609375,297.69573974609375,98.69985961914062,80.6482925415039,322.6626892089844,43.76927185058594,161.38290405273438,28.092660903930664,364.44647216796875,56.08207321166992,428.6487121582031,459.8677978515625,53.178409576416016,105.74762725830078
2023-09-18,175.59506225585938,26.76517105102539,113.37211608886719,540.7901611328125,147.50282287597656,20.01932144165039,33.24785614013672,136.90724182128906,321.1199645996094,149.19300842285156,139.5959930419922,53.79723358154297,258.3268127441406,299.9162902832031,98.97525787353516,80.92194366455078,321.52923583984375,43.835079193115234,160.97012329101562,27.738094329833984,364.8263854980469,56.66530227661133,428.9000549316406,459.2630615234375,52.78435134887695,106.59940338134766
2023-09-19,176.6803741455078,26.662803649902344,112.16992950439453,542.3566284179688,147.4851837158203,20.010290145874023,32.945343017578125,136.7388153076172,319.78253173828125,148.94509887695312,139.41818237304688,53.68650436401367,258.7081298828125,302.4143371582031,98.552978515625,80.73951721191406,321.1286926269531,43.390411376953125,160.01890563964844,28.026691436767578,364.048828125,55.94321060180664,428.0106201171875,454.1607360839844,52.77143096923828,106.31848907470703
2023-09-20,173.1481475830078,26.569740295410156,110.35748291015625,541.85693359375,147.03533935546875,19.910961151123047,32.86026382446289,132.47933959960938,314.9280700683594,149.59707641601562,138.8284149169922,53.926422119140625,257.8431091308594,297.0613708496094,98.50708770751953,79.48978424072266,313.42901611328125,42.113224029541016,160.07275390625,27.721607208251953,358.802734375,55.35073471069336,424.0757751464844,464.99847412109375,52.94261932373047,105.47576904296875
2023-09-21,171.6089630126953,26.104419708251953,108.44488525390625,533.4479370117188,145.71217346191406,19.27886962890625,32.15126037597656,129.2104949951172,308.88580322265625,148.44920349121094,137.74249267578125,53.0959358215332,252.28067016601562,293.1556396484375,97.97466278076172,77.42818450927734,312.2173767089844,40.89486312866211,157.380615234375,27.086698532104492,352.22784423828125,54.45275115966797,417.0665283203125,473.51171875,52.29985427856445,103.98968505859375
2023-09-22,172.45748901367188,25.722862243652344,108.52684783935547,536.821044921875,146.67369079589844,19.540733337402344,32.09453582763672,129.02224731445312,306.687744140625,147.38401794433594,136.4225311279297,53.15129852294922,253.21083068847656,296.4764709472656,97.61665344238281,75.977783203125,309.7550048828125,41.48610305786133,157.28192138671875,26.95476531982422,352.2771301269531,54.65641403198242,416.1286926269531,478.1982116699219,52.43874740600586,104.15277862548828
2023-09-25,173.73025512695312,25.685630798339844,110.26638793945312,536.8499145507812,148.81715393066406,19.522676467895508,32.23633575439453,129.87416076660156,307.5762939453125,147.16360473632812,137.09657287597656,52.59764099121094,250.9412841796875,298.21124267578125,97.15766143798828,75.74060821533203,310.2729187011719,42.09627914428711,156.4384002685547,27.193891525268555,353.9502868652344,55.39702224731445,417.8786315917969,482.1477355957031,52.671302795410156,105.32173156738281
2023-09-26,169.66526794433594,25.285459518432617,109.41938781738281,531.4105224609375,148.01441955566406,19.269838333129883,31.725854873657227,127.35811614990234,302.8809509277344,146.0249481201172,135.67364501953125,52.16393280029297,249.0251007080078,296.3575134277344,96.74459838867188,74.95610809326172,304.9964904785156,41.78620147705078,154.81414794921875,26.715648651123047,348.6353759765625,54.7397346496582,411.73944091796875,477.5840148925781,52.4871940612793,105.4848403930664
2023-09-27,168.15565490722656,25.378524780273438,112.6688461303711,541.568603515625,150.8723907470703,19.188568115234375,31.565139770507812,129.30953979492188,301.1318359375,144.2710418701172,136.4693603515625,51.62873458862305,245.23001098632812,295.14813232421875,95.41354370117188,74.48175811767578,305.6316223144531,42.3415412902832,152.16693115234375,26.468278884887695,349.4523010253906,56.28573989868164,411.9037780761719,475.9588928222656,52.23525619506836,108.91914367675781
2023-09-28,168.41220092773438,25.648405075073242,112.33016967773438,546.4697875976562,150.4754638671875,19.531705856323242,31.886554718017578,131.06285095214844,304.17169189453125,144.0598602294922,138.16372680664062,51.499549865722656,247.0438232421875,301.3139953613281,95.74400329589844,74.97434997558594,306.462158203125,42.960697174072266,152.10411071777344,26.460037231445312,352.37548828125,56.41534423828125,414.2917175292969,481.9776916503906,52.50011444091797,108.2576675415039
2023-09-29,168.92527770996094,25.48089027404785,109.65737915039062,542.94287109375,148.73776245117188,19.4233455657959,31.63131332397461,129.62649536132812,302.6470947265625,143.02218627929688,135.75791931152344,51.65641784667969,245.0439910888672,297.59661865234375,94.50475311279297,74.50000762939453,308.5238342285156,43.36946487426758,152.05027770996094,27.35055160522461,352.63134765625,53.97135925292969,413.28631591796875,476.3935241699219,51.65708923339844,106.54503631591797
2023-10-02,171.43136596679688,24.848060607910156,107.18595123291016,549.04541015625,146.90298461914062,19.02602767944336,30.90339469909668,132.90530395507812,297.9049377441406,142.47120666503906,134.5877227783203,51.19502639770508,239.7512969970703,304.14910888671875,94.13756561279297,73.35062408447266,314.4354553222656,44.64864730834961,151.8079833984375,27.985464096069336,355.5743408203125,53.638092041015625,413.1219787597656,486.20135498046875,51.711997985839844,104.77803802490234
2023-10-03,170.09938049316406,24.11285400390625,107.64363861083984,543.0196533203125,147.24700927734375,18.773195266723633,30.534709930419922,131.1817169189453,286.3254089355469,142.64569091796875,133.59544372558594,50.64137268066406,236.7189483642578,298.3202819824219,93.42153930664062,71.17044067382812,306.2178955078125,43.387420654296875,150.4888458251953,27.952486038208008,349.33416748046875,54.25835418701172,407.5919189453125,481.3824462890625,51.38576889038086,104.95927429199219
2023-10-04,171.3425750732422,24.14077377319336,103.73515319824219,549.5162963867188,143.81568908691406,18.872522354125977,30.449628829956055,133.9652099609375,288.6450500488281,142.81100463867188,134.19454956054688,50.78902053833008,237.94677734375,302.9198913574219,93.78872680664062,72.14651489257812,311.6603698730469,43.90985870361328,151.57464599609375,27.465999603271484,354.088134765625,51.684757232666016,410.5599670410156,482.4690246582031,52.00269317626953,101.03562927246094
2023-10-05,172.57591247558594,24.2524471282959,103.8175277709961,547.3252563476562,144.5742645263672,19.044090270996094,30.70487403869629,133.79685974121094,290.4222106933594,144.29861450195312,134.7603759765625,48.3344612121582,234.61676025390625,302.13677978515625,95.10143280029297,72.20124053955078,312.05126953125,44.55493927001953,143.6688232421875,27.597919464111328,353.0447998046875,51.28667449951172,410.4052734375,487.76971435546875,51.382545471191406,98.76119995117188
2023-10-06,175.1214599609375,24.26175308227539,105.56582641601562,535.8024291992188,143.1011962890625,19.342077255249023,30.97902488708496,136.28318786621094,292.274169921875,144.7577362060547,136.8350830078125,49.0357666015625,230.8867645263672,312.68414306640625,95.35845184326172,73.27765655517578,319.7704772949219,45.625728607177734,143.83934020996094,27.317577362060547,358.96014404296875,51.56441116333008,415.2779846191406,495.8766784667969,50.5201301574707,97.11201477050781
2023-10-09,176.60145568847656,24.485107421875,111.50636291503906,537.1862182617188,147.06179809570312,19.37819480895996,31.32880210876465,137.11526489257812,292.39581298828125,145.5841827392578,136.52386474609375,48.79584503173828,232.46807861328125,315.5885925292969,95.9275894165039,72.89452362060547,322.2718811035156,45.13818359375,144.79953002929688,27.37529754638672,360.79095458984375,53.91582107543945,417.9366455078125,497.48297119140625,50.33601760864258,100.51007843017578
2023-10-10,176.00946044921875,25.136552810668945,110.19742584228516,540.1847534179688,146.90298461914062,19.62200355529785,31.584047317504883,136.75865173339844,294.41607666015625,145.4188995361328,137.3537139892578,49.85702133178711,233.95632934570312,319.0383605957031,95.11060333251953,73.09521484375,320.8746337890625,45.66162872314453,147.5275115966797,27.35055160522461,362.7889709472656,54.26759338378906,420.1119689941406,495.338134765625,50.904502868652344,100.08418273925781
2023-10-11,177.40061950683594,25.145864486694336,109.87705993652344,543.48095703125,142.1044464111328,19.62200355529785,31.820383071899414,139.22515869140625,292.77923583984375,143.4170379638672,137.82525634765625,49.561744689941406,233.3982391357422,324.9663391113281,94.97291564941406,71.97320556640625,324.81243896484375,46.6666259765625,145.93019104003906,27.301082611083984,365.37762451171875,54.39720153808594,421.83282470703125,495.2342224121094,51.10798645019531,96.49584197998047
2023-10-12,178.29847717285156,25.03418731689453,110.85646057128906,541.8088989257812,142.21913146972656,19.161476135253906,31.394975662231445,137.66004943847656,289.8143005371094,143.55477905273438,137.50462341308594,48.73124694824219,228.99851989746094,321.338134765625,95.09224700927734,70.97888946533203,323.5812072753906,46.805206298828125,141.85614013671875,27.14441680908203,364.10791015625,54.036163330078125,419.2611083984375,496.56640625,51.340553283691406,96.47772979736328
2023-10-13,176.4633331298828,24.90389633178711,114.28900146484375,544.7495727539062,144.7154083251953,19.107297897338867,31.36661720275879,136.0652618408203,289.2998046875,144.03228759765625,139.5698699951172,48.805076599121094,230.9705047607422,311.9505920410156,95.47781372070312,70.96064758300781,320.22979736328125,45.32563400268555,143.57911682128906,26.47652816772461,359.5310363769531,54.582359313964844,417.1728515625,509.66229248046875,51.624786376953125,99.55862426757812
2023-10-16,176.3350372314453,25.117944717407227,114.70088195800781,549.9390869140625,145.89743041992188,19.405284881591797,31.763662338256836,137.78884887695312,294.0607604980469,144.65673828125,139.42843627929688,49.30337142944336,232.48666381835938,318.35430908203125,95.59712219238281,71.818115234375,325.0273132324219,45.957740783691406,144.54824829101562,27.433013916015625,363.5960693359375,55.03597640991211,421.5621337890625,508.367919921875,52.07052993774414,99.631103515625
2023-10-17,174.7860107421875,25.704248428344727,114.83818817138672,551.957275390625,147.82920837402344,19.486555099487305,31.78256607055664,138.4029998779297,289.3559265136719,143.33441162109375,139.12667846679688,49.89393997192383,233.60289001464844,321.1794738769531,95.62467956542969,73.27765655517578,324.4606018066406,43.80717086791992,143.91111755371094,27.004241943359375,362.4051513671875,55.7673225402832,421.542724609375,507.0639953613281,52.13835525512695,100.93596649169922
2023-10-18,173.49349975585938,25.415746688842773,115.87252044677734,552.2455444335938,149.00238037109375,19.170509338378906,31.196456909179688,136.65960693359375,282.4344482421875,140.2489776611328,137.5989532470703,49.87547302246094,238.15139770507812,314.2107849121094,93.62348937988281,68.30611419677734,322.5552673339844,42.070350646972656,145.4007568359375,25.899337768554688,357.651123046875,56.09133529663086,415.92559814453125,506.5064697265625,52.17711639404297,102.34956359863281
2023-10-19,173.11854553222656,25.090024948120117,115.68029022216797,543.5867919921875,149.16114807128906,18.95379066467285,31.07356071472168,136.45156860351562,279.84356689453125,139.8724822998047,137.01425170898438,50.15230941772461,240.33729553222656,310.0869445800781,92.19148254394531,66.51818084716797,323.737548828125,41.97563934326172,144.08163452148438,25.71793556213379,354.3046875,55.51736831665039,412.2711486816406,502.32073974609375,51.928409576416016,102.4129867553711
2023-10-20,170.57301330566406,24.485107421875,113.55672454833984,531.3816528320312,147.1588134765625,18.628713607788086,30.70487403869629,134.32183837890625,280.6479187011719,140.4969024658203,134.8075408935547,50.35531997680664,240.08615112304688,305.9631652832031,94.24771881103516,66.70975494384766,319.1939697265625,41.263763427734375,143.57911682128906,25.272672653198242,349.0191955566406,53.88804244995117,407.2051696777344,497.9743347167969,51.27918243408203,100.65506744384766
2023-10-23,170.69140625,23.796436309814453,111.06700134277344,530.7666625976562,141.73397827148438,18.66483497619629,30.638700485229492,135.21336364746094,279.87158203125,139.0184783935547,132.96861267089844,49.90316390991211,236.9607696533203,311.2765197753906,94.8719253540039,65.40530395507812,321.7833557128906,42.8470344543457,143.65087890625,25.429340362548828,350.0723571777344,54.47127151489258,406.4994201660156,492.81536865234375,52.00592041015625,99.17803955078125
2023-10-24,171.12548828125,23.703371047973633,109.794677734375,530.3341064453125,138.17916870117188,18.890581130981445,30.430721282958984,137.5015869140625,279.834228515625,138.87158203125,133.12892150878906,51.342681884765625,239.30479431152344,309.8291931152344,94.57818603515625,65.27758026123047,322.96563720703125,43.532981872558594,145.54434204101562,25.091270446777344,353.47784423828125,52.767887115478516,409.5641784667969,496.0562744140625,52.72944259643555,98.21752166748047
2023-10-25,168.81674194335938,23.77782440185547,110.21573638916016,528.55615234375,137.49111938476562,18.646772384643555,30.241655349731445,124.4260025024414,277.5707092285156,139.18377685546875,132.40277099609375,51.78561019897461,240.01174926757812,296.9225769042969,95.12896728515625,65.13164520263672,332.87359619140625,41.65459060668945,145.68789672851562,25.33863639831543,344.826171875,52.416099548339844,403.6860046386719,500.9789733886719,52.571170806884766,98.39875030517578
2023-10-26,164.6628875732422,24.308290481567383,108.29352569580078,526.2593994140625,136.50320434570312,18.610654830932617,30.08094596862793,121.12738800048828,277.7858581542969,136.8238067626953,132.74224853515625,51.471858978271484,237.96536254882812,285.8398742675781,96.89147186279297,65.7428207397461,320.385986328125,40.2059211730957,144.84439086914062,25.693199157714844,338.2513732910156,51.72178649902344,398.8520202636719,499.2309265136719,52.251399993896484,97.50167083740234
2023-10-27,165.97515869140625,23.42418098449707,107.82670593261719,521.8673706054688,127.32950592041016,18.556474685668945,29.759525299072266,121.0184326171875,271.16363525390625,133.70166015625,127.9610824584961,50.97357177734375,237.90023803710938,294.14697265625,94.38541412353516,64.21942901611328,322.2621154785156,40.3794059753418,143.23809814453125,24.82741355895996,339.8753356933594,51.684757232666016,397.04412841796875,495.7349853515625,52.0576057434082,95.64405059814453
2023-10-30,168.0175323486328,23.908113479614258,108.13792419433594,533.255615234375,128.8643035888672,18.7822208404541,30.08094596862793,123.28683471679688,281.37744140625,135.01480102539062,129.59251403808594,51.813289642333984,241.9836883544922,300.02532958984375,94.25690460205078,65.17971801757812,329.5904846191406,41.03843307495117,145.62509155273438,25.190217971801758,343.7041320800781,52.21243667602539,401.79107666015625,500.7710876464844,52.6551513671875,95.94308471679688
2023-10-31,168.49114990234375,24.51302719116211,108.7420425415039,530.9107666015625,128.5467529296875,18.728042602539062,30.00531768798828,122.9104232788086,283.9776916503906,136.21771240234375,131.13909912109375,52.12703323364258,243.8626251220703,298.64739990234375,94.2752456665039,65.39209747314453,330.3721618652344,40.6585693359375,146.52244567871094,25.198461532592773,345.3478698730469,51.52737045288086,404.3144836425781,506.0340881347656,52.781124114990234,95.91590118408203
2023-11-01,171.64842224121094,24.568870544433594,106.79237365722656,535.1008911132812,127.00308990478516,19.071182250976562,30.317279815673828,125.2580795288086,287.2982177734375,136.5391387939453,131.02597045898438,52.08089065551758,243.67660522460938,309.13531494140625,94.41294860839844,65.51212310791016,338.1500244140625,42.198974609375,147.94927978515625,25.157236099243164,351.34197998046875,51.7125244140625,408.6263122558594,502.2923278808594,53.25270462036133,95.7256088256836
2023-11-02,175.20040893554688,25.704248428344727,111.68942260742188,535.28369140625,131.21946716308594,19.459463119506836,31.508419036865234,126.28826904296875,293.471435546875,137.9624786376953,133.3647003173828,52.680686950683594,248.21580505371094,308.1638488769531,94.41294860839844,67.82974243164062,340.3484802246094,43.37644577026367,149.70811462402344,25.148990631103516,357.7200927734375,53.101158142089844,416.4573974609375,506.57269287109375,53.462646484375,98.86994934082031
2023-11-03,174.29266357421875,26.448759078979492,109.61161804199219,540.0302734375,130.20509338378906,19.694244384765625,31.952730178833008,127.88311004638672,306.4352111816406,138.9725799560547,134.85467529296875,52.357723236083984,249.1645965576172,311.8613586425781,94.89947509765625,70.41515350341797,344.7259216308594,44.870994567871094,149.67221069335938,25.775653839111328,361.9228210449219,52.64753341674805,420.2569274902344,501.6309814453125,53.18486785888672,97.6647720336914
2023-11-06,176.83824157714844,26.364999771118164,108.43997955322266,548.6184692382812,129.6669921875,19.612974166870117,31.79202651977539,129.02224731445312,302.965087890625,139.30316162109375,135.87319946289062,52.5699577331543,250.13198852539062,313.0509338378906,95.78072357177734,70.10120391845703,348.3705749511719,45.61476516723633,149.5914764404297,25.709692001342773,363.3992004394531,52.2864990234375,421.22369384765625,504.0497741699219,53.255924224853516,95.93402099609375
2023-11-07,179.39369201660156,26.206790924072266,105.49259185791016,550.0145874023438,127.38240814208984,19.387226104736328,31.385520935058594,129.73548889160156,303.0025329589844,138.56849670410156,135.80715942382812,52.763729095458984,249.90878295898438,316.04461669921875,95.46861267089844,69.7226333618164,352.279052734375,45.81816101074219,150.02220153808594,25.76740837097168,366.8343200683594,49.37037658691406,422.4225769042969,508.17901611328125,53.504634857177734,94.42981719970703
2023-11-08,180.4493865966797,25.955516815185547,104.76031494140625,546.2692260742188,125.60939025878906,19.432376861572266,31.281532287597656,130.59725952148438,303.57305908203125,138.06349182128906,136.47671508789062,52.680686950683594,248.8111572265625,316.99627685546875,95.83580780029297,70.14737701416016,354.8879699707031,46.43531799316406,150.2106475830078,25.4128475189209,367.0705261230469,49.00007629394531,422.7319641113281,507.1395263671875,53.06858444213867,93.26993560791016
2023-11-09,179.97581481933594,25.6204891204834,104.4857177734375,542.3121948242188,125.20362854003906,19.324018478393555,31.36661720275879,129.01235961914062,300.0375061035156,135.37290954589844,136.0712127685547,52.28389358520508,248.27162170410156,317.759521484375,93.98151397705078,68.5038070678711,352.4354248046875,46.81019973754883,149.10691833496094,24.80280876159668,364.2456359863281,48.824180603027344,419.43511962890625,509.2845458984375,52.94585037231445,93.29712677001953
2023-11-10,184.15484619140625,25.76008415222168,105.82211303710938,555.6468505859375,126.09453582763672,19.305957794189453,31.47060775756836,131.3402099609375,304.4616394042969,135.21682739257812,138.08929443359375,52.339263916015625,249.09024047851562,325.9079895019531,93.0727310180664,69.5564193725586,361.20989990234375,48.19107437133789,149.7888641357422,24.635671615600586,372.4347839355469,49.342594146728516,425.9803161621094,511.37255859375,53.67906188964844,94.01299285888672
2023-11-13,182.5741424560547,25.77869987487793,106.1257095336914,556.7155151367188,127.0207290649414,19.405284881591797,31.63131332397461,130.8448944091797,305.7711181640625,135.56573486328125,137.47633361816406,52.53304672241211,250.4017333984375,326.3243713378906,94.06413269042969,69.28864288330078,358.288330078125,48.475215911865234,150.5516815185547,24.217832565307617,371.27325439453125,49.99062728881836,425.57427978515625,512.6575927734375,54.16032028198242,95.00067901611328
2023-11-14,185.18231201171875,27.19326400756836,106.29129028320312,568.8178100585938,127.94693756103516,20.037382125854492,32.33087158203125,132.3604736328125,316.81744384765625,135.59327697753906,139.98483276367188,52.68991470336914,252.53179931640625,333.3823547363281,93.78872680664062,72.30802917480469,361.7961120605469,49.50813293457031,150.85678100585938,24.451820373535156,379.2655334472656,50.314640045166016,433.830810546875,510.6639709472656,54.150630950927734,95.36647033691406
2023-11-15,185.74545288085938,27.56552505493164,105.82211303710938,574.5752563476562,128.39678955078125,20.037382125854492,32.41595458984375,133.35105895996094,315.7698974609375,136.64013671875,141.21080017089844,52.791412353515625,251.50869750976562,329.8136901855469,93.03600311279297,73.57303619384766,361.9430236816406,48.7424201965332,150.0850372314453,25.229001998901367,379.5509033203125,49.69438552856445,434.74920654296875,508.7268981933594,54.838623046875,94.7903823852539
2023-11-16,187.4250030517578,27.491073608398438,103.02545928955078,557.0525512695312,126.36453247070312,19.847749710083008,32.22688293457031,135.6392822265625,314.9000244140625,137.83392333984375,142.8233642578125,52.736053466796875,256.8385314941406,331.2808837890625,93.62348937988281,73.5545654296875,368.30718994140625,49.33266830444336,150.49783325195312,24.87801742553711,379.8757629394531,48.2409553527832,435.2809753417969,510.0592041015625,50.40061569213867,93.69305419921875
2023-11-17,187.40525817871094,27.900550842285156,105.41732025146484,555.6757202148438,128.7622528076172,20.05544090270996,32.586116790771484,134.03456115722656,317.257080078125,137.54920959472656,144.11537170410156,52.837562561035156,256.494384765625,332.1234436035156,93.4031982421875,74.12703704833984,362.1192321777344,49.151206970214844,149.6453094482422,25.003368377685547,379.96435546875,48.92601013183594,435.8223571777344,506.72381591796875,50.17775344848633,95.97914123535156
2023-11-20,189.14401245117188,27.928470611572266,106.15328979492188,559.18994140625,128.6909637451172,20.190889358520508,32.64283752441406,134.9656982421875,317.500244140625,138.76181030273438,144.5585479736328,52.96674346923828,259.5453186035156,337.0105895996094,94.25690460205078,73.59148406982422,369.55059814453125,50.25889587402344,149.42996215820312,25.053508758544922,384.5904235839844,48.824180603027344,439.1771545410156,505.5994873046875,50.16160583496094,95.5584945678711
2023-11-21,188.34378051757812,27.602750778198242,105.95092010498047,562.5596923828125,128.38784790039062,20.16379737854004,32.51994705200195,135.6789093017578,313.3099365234375,139.88182067871094,144.25680541992188,53.5480842590332,260.884765625,334.0465393066406,93.8254623413086,72.45576477050781,365.2720031738281,49.79528045654297,150.57858276367188,25.320926666259766,382.3561096191406,48.80567169189453,438.219970703125,509.84185791015625,50.34248352050781,95.52191925048828
2023-11-22,189.00572204589844,27.5748291015625,105.65652465820312,567.1618041992188,128.64634704589844,20.0915584564209,32.53884506225586,137.1846160888672,316.7425842285156,139.60415649414062,144.59628295898438,53.9079704284668,262.2427978515625,338.5173034667969,93.33892822265625,72.47423553466797,369.9520263671875,48.5709342956543,151.8528289794922,25.337636947631836,383.9210205078125,48.620513916015625,439.911865234375,513.7820434570312,49.95811462402344,95.11042785644531
2023-11-24,187.68186950683594,27.667892456054688,106.24530029296875,569.3569946289062,129.1544189453125,20.272159576416016,32.73737335205078,135.40158081054688,317.2196350097656,141.15921020507812,144.79432678222656,54.04638671875,262.8101806640625,335.2856750488281,93.51335144042969,72.62197875976562,369.5408020019531,47.63373947143555,151.9874267578125,25.488059997558594,383.3797302246094,48.69457244873047,440.1826477050781,516.9378051757812,50.407073974609375,95.62250518798828
2023-11-27,187.5040283203125,27.50968360900879,105.61053466796875,572.7653198242188,128.67311096191406,20.100589752197266,32.55775451660156,135.1241912841797,315.87274169921875,140.02993774414062,144.46426391601562,53.94487762451172,262.15911865234375,331.786376953125,93.10944366455078,71.97562408447266,370.69610595703125,48.098350524902344,151.0452117919922,25.18721580505371,383.045166015625,48.64828109741211,439.38983154296875,513.6212768554688,50.63641357421875,95.064697265625
2023-11-28,188.10665893554688,27.481767654418945,105.77611541748047,571.8988037109375,129.69813537597656,20.326337814331055,32.671199798583984,135.90675354003906,315.8166198730469,140.35389709472656,144.79432678222656,54.05561447143555,262.3916320800781,336.0390625,91.96199035644531,70.98763275146484,374.7007141113281,47.6786003112793,151.52981567382812,24.811166763305664,384.0490417480469,48.426109313964844,439.8248596191406,510.7301025390625,51.24042892456055,95.00984191894531
2023-11-29,187.08909606933594,28.207664489746094,104.84697723388672,565.9873046875,128.2720184326172,20.22701072692871,32.76572799682617,133.7176055908203,320.8712158203125,140.79820251464844,145.52992248535156,53.73263931274414,260.80108642578125,329.3081970214844,92.83404541015625,72.52962493896484,370.93115234375,47.99665069580078,150.0042724609375,25.137073516845703,383.6749572753906,48.01877212524414,439.5154724121094,505.4859924316406,50.41354751586914,93.58331298828125
2023-11-30,187.66207885742188,28.601652145385742,106.31889343261719,570.6856689453125,127.99568939208984,20.272159576416016,33.06824493408203,131.28076171875,322.07830810546875,143.15858459472656,147.18966674804688,54.35581588745117,263.7299499511719,324.30206298828125,94.07330322265625,73.25908660888672,370.9898681640625,46.630733489990234,152.1698455810547,25.46298599243164,382.71044921875,48.176151275634766,441.2460632324219,522.4843139648438,50.287567138671875,93.94908142089844
2023-12-01,188.9365692138672,29.042543411254883,106.006103515625,574.0650024414062,129.07420349121094,20.70559310913086,33.55036544799805,130.6170654296875,328.5756530761719,146.6019287109375,147.9063720703125,54.54184341430664,267.58514404296875,321.99249267578125,94.97291564941406,74.69027709960938,366.681884765625,46.6257438659668,152.53152465820312,24.159337997436523,383.8030090332031,48.50016403198242,443.8564453125,518.7582397460938,49.85152816772461,94.17769622802734
2023-12-04,187.14837646484375,28.911212921142578,105.36214447021484,576.789794921875,129.127685546875,20.362457275390625,33.38020706176758,128.051513671875,329.4809875488281,147.0647735595703,148.99085998535156,54.47673416137695,267.74420166015625,317.2341613769531,96.44165802001953,74.98577117919922,361.4241027832031,45.374481201171875,152.9384307861328,24.46854019165039,380.2399597167969,48.166900634765625,441.5264892578125,519.8201293945312,49.83860778808594,93.66561126708984
2023-12-05,191.0902862548828,28.686079025268555,104.08340454101562,582.826416015625,127.33612060546875,20.172828674316406,33.210044860839844,129.75531005859375,322.2763366699219,146.75929260253906,148.97198486328125,54.56044387817383,268.12786865234375,315.519287109375,97.51568603515625,74.02546691894531,364.7334289550781,46.43142318725586,151.8533935546875,24.30976104736328,381.1947326660156,47.07853698730469,441.4394226074219,521.6973876953125,50.30050277709961,91.84588623046875
2023-12-06,190.0035400390625,28.639175415039062,101.67312622070312,584.8291015625,127.04195404052734,20.35342788696289,33.03042984008789,128.79443359375,322.4837951660156,144.97280883789062,147.40655517578125,54.504634857177734,268.4273376464844,314.6865539550781,96.96491241455078,73.32372283935547,361.0911865234375,45.37149429321289,151.4645538330078,24.05905532836914,378.9898681640625,45.701805114746094,439.66058349609375,521.0052490234375,49.7546272277832,90.62969207763672
2023-12-07,191.93006896972656,28.76112174987793,101.9767074584961,588.2180786132812,126.94390106201172,20.534025192260742,33.01151657104492,135.6392822265625,324.9827880859375,143.8435516357422,147.8592071533203,54.63485336303711,268.3618469238281,323.7469177246094,95.35845184326172,74.19168090820312,363.1963195800781,46.461326599121094,151.41937255859375,23.92534637451172,384.2852783203125,45.07855224609375,443.0153503417969,519.8106689453125,49.42719268798828,89.99872589111328
2023-12-08,193.35275268554688,29.042543411254883,103.09906005859375,588.0545654296875,128.62852478027344,20.606264114379883,33.14386749267578,133.7176055908203,330.8389892578125,142.93643188476562,149.4906463623047,54.51393508911133,267.1828308105469,329.8533630371094,95.2391128540039,75.9737548828125,366.4076843261719,47.36870574951172,149.8098602294922,24.050701141357422,385.9978942871094,45.394832611083984,444.919921875,521.2327270507812,48.90847396850586,91.03205108642578
2023-12-11,190.8531951904297,28.93935775756836,103.18185424804688,600.647705078125,128.6642303466797,20.597232818603516,33.210044860839844,132.03358459472656,331.7159423828125,143.52883911132812,150.0376434326172,54.913883209228516,270.5701599121094,322.4483947753906,95.80826568603516,76.47235870361328,363.5389099121094,46.492244720458984,151.744873046875,23.933706283569336,389.2951354980469,45.72041702270508,446.65045166015625,515.4589233398438,49.03166961669922,91.0960693359375
2023-12-12,192.3647918701172,28.83616828918457,102.16990661621094,606.077880859375,127.01521301269531,20.651416778564453,33.01151657104492,131.27085876464844,332.51751708984375,143.53811645507812,151.3767547607422,55.26732635498047,272.6943664550781,331.31060791015625,95.7990951538086,77.19256591796875,366.5545349121094,47.51927185058594,152.3325958251953,23.88356590270996,392.3955993652344,45.61808776855469,448.6904602050781,517.3930053710938,49.07057571411133,89.66039276123047
2023-12-13,195.5756378173828,30.05565643310547,102.89665985107422,618.1128540039062,128.89596557617188,21.328657150268555,33.8339729309082,131.32040405273438,342.06085205078125,144.2045135498047,151.885986328125,55.7416877746582,276.91448974609375,331.8260498046875,98.32349395751953,79.06698608398438,366.5447692871094,47.94902420043945,155.53350830078125,22.279069900512695,397.3857116699219,45.75761795043945,454.8778991699219,520.51220703125,49.94266128540039,90.45594024658203
2023-12-14,195.7238006591797,31.837980270385742,105.7485122680664,607.310302734375,133.63783264160156,21.662763595581055,34.29719543457031,130.69631958007812,361.6190185546875,145.20423889160156,154.64910888671875,54.913883209228516,271.38427734375,330.26971435546875,97.89817810058594,84.06233978271484,358.2811584472656,48.21025848388672,152.13365173339844,21.836164474487305,397.041259765625,48.76223373413086,456.3377380371094,506.5088195800781,49.333168029785156,92.88834381103516
2023-12-15,195.19033813476562,31.5190372467041,105.371337890625,634.306884765625,133.1208953857422,21.518285751342773,33.985225677490234,131.35011291503906,358.8276672363281,143.62139892578125,155.8184814453125,54.504634857177734,268.8110046386719,332.00445556640625,97.18621063232422,84.56095886230469,362.9808654785156,48.74870300292969,151.00343322753906,22.253999710083008,398.9606018066406,48.548282623291016,455.58648681640625,503.5507507324219,49.51795959472656,92.26654052734375
2023-12-18,193.53057861328125,31.359569549560547,105.7025146484375,655.8928833007812,133.4149932861328,21.671794891357422,34.127037048339844,134.51992797851562,354.95184326171875,143.8805694580078,156.76148986816406,54.89527893066406,271.5808410644531,341.62005615234375,98.04610443115234,83.80380249023438,364.8607177734375,49.93227767944336,152.73045349121094,22.613340377807617,401.4734802246094,48.63200378417969,458.14910888671875,499.2180480957031,50.24092102050781,92.95236206054688
2023-12-19,194.5679473876953,31.43461799621582,107.16524505615234,652.5230712890625,135.1620330810547,22.1413516998291,34.60915756225586,135.36190795898438,360.65716552734375,144.82472229003906,158.85504150390625,54.718563079833984,272.0487365722656,347.31005859375,98.46219635009766,84.8749008178711,365.45794677734375,49.46063995361328,151.86241149902344,23.532581329345703,403.52484130859375,49.28316116333008,460.93511962890625,496.83831787109375,50.42247009277344,94.17769622802734
2023-12-20,192.48330688476562,30.937437057495117,107.34923553466797,636.4058227539062,133.92306518554688,21.835472106933594,34.164615631103516,137.0360107421875,356.00811767578125,141.8719482421875,157.0632781982422,53.583824157714844,270.4205017089844,346.2394714355469,97.41737365722656,84.1546859741211,362.8731689453125,47.971954345703125,149.81890869140625,23.08967399597168,397.528564453125,48.8831672668457,454.54779052734375,489.1492919921875,49.83243179321289,92.60486602783203
2023-12-21,192.33511352539062,31.143817901611328,107.47801971435547,640.4110717773438,134.33306884765625,22.277706146240234,34.64365005493164,139.0963897705078,358.88421630859375,143.32516479492188,157.95916748046875,53.9372673034668,272.666259765625,351.0075988769531,98.3697280883789,85.5304946899414,365.7321472167969,48.84842300415039,150.97628784179688,23.657930374145508,402.1539611816406,48.911075592041016,458.85772705078125,492.894287109375,50.18580627441406,93.0255126953125
2023-12-22,191.26812744140625,31.359569549560547,108.2416000366211,646.611572265625,134.63613891601562,22.33298683166504,34.90232849121094,140.15634155273438,358.959716796875,143.8990936279297,157.86485290527344,54.244205474853516,272.956298828125,350.31365966796875,99.5809555053711,85.32736206054688,366.7503967285156,48.68887710571289,151.61827087402344,23.73314094543457,402.7556457519531,49.37619400024414,459.7799377441406,493.302001953125,50.78557586669922,93.19010162353516
2023-12-26,190.7247772216797,31.762937545776367,109.49272155761719,649.5191040039062,135.84835815429688,22.51725196838379,35.28555679321289,140.18601989746094,359.86505126953125,144.5285186767578,158.79844665527344,54.467430114746094,274.041748046875,351.7411193847656,99.51625061035156,85.7243881225586,366.8287353515625,49.13658142089844,152.68527221679688,23.741504669189453,405.22113037109375,49.9343147277832,461.72137451171875,493.0364990234375,50.707763671875,93.40043640136719
2023-12-27,190.8235626220703,31.74417495727539,109.0051498413086,656.5891723632812,135.40269470214844,22.627809524536133,35.323875427246094,139.046875,362.5714416503906,144.72288513183594,159.7509307861328,54.60694885253906,275.6231689453125,354.7150573730469,99.83985900878906,86.48153686523438,366.2510070800781,49.2741813659668,153.1735076904297,23.908632278442383,406.0461120605469,49.32966613769531,462.55621337890625,495.6531982421875,51.18434143066406,92.96150207519531
2023-12-28,191.24839782714844,31.781700134277344,107.17443084716797,652.94580078125,133.49525451660156,22.56332015991211,35.16100311279297,138.908203125,364.3915100097656,144.93580627441406,160.5996856689453,54.6441535949707,276.83026123046875,355.2007751464844,100.5703125,86.46308898925781,367.435791015625,49.378883361816406,153.1645050048828,24.05905532836914,405.84869384765625,48.59479904174805,462.7309265136719,497.6536865234375,51.08384704589844,91.61729431152344
2023-12-29,190.21102905273438,31.584701538085938,106.77886962890625,649.9721069335938,132.95152282714844,22.425119400024414,35.141845703125,138.37327575683594,363.7879943847656,145.08392333984375,160.4110870361328,54.81157302856445,277.4573059082031,350.8787536621094,100.80145263671875,86.10296630859375,368.17987060546875,49.378883361816406,153.57138061523438,24.05905532836914,404.0923156738281,48.408756256103516,461.3913269042969,499.1422424316406,51.10976791381836,91.42526245117188
2024-01-02,183.40402221679688,31.800464630126953,108.17718505859375,640.6864624023438,133.2367401123047,22.25006866455078,34.777774810791016,136.86758422851562,366.173828125,148.07369995117188,162.27828979492188,55.63936996459961,277.9532470703125,343.2755126953125,104.70333099365234,86.7031478881836,363.1178894042969,48.02878952026367,156.3472900390625,24.84459114074707,397.2541809082031,48.35293960571289,458.8092346191406,511.34417724609375,51.641456604003906,93.60160827636719
2024-01-03,182.03074645996094,31.453367233276367,110.32987976074219,634.8178100585938,135.7770538330078,22.01973533630371,34.662811279296875,137.6105499267578,360.0347900390625,148.9993438720703,161.57101440429688,55.769588470458984,275.4735107421875,341.47137451171875,106.11798095703125,84.86569213867188,362.85357666015625,47.43152618408203,156.38348388671875,24.84459114074707,393.0506591796875,48.9761848449707,455.0622253417969,513.8945922851562,51.644691467285156,94.38801574707031
2024-01-04,179.71893310546875,31.70665740966797,107.15603637695312,638.421630859375,134.2885284423828,21.946027755737305,34.72029495239258,135.10435485839844,361.1286926269531,148.6846160888672,162.64321899414062,55.58356475830078,272.9938049316406,344.0982971191406,108.18913269042969,85.0872802734375,360.2491760253906,47.859291076660156,155.04525756835938,24.30976104736328,391.02777099609375,48.08317184448242,453.5964050292969,517.1084594726562,51.14543533325195,93.56501770019531
2024-01-05,178.99774169921875,32.297637939453125,107.20204162597656,645.9644165039062,134.05677795410156,21.92759895324707,34.844844818115234,134.4506072998047,364.4198303222656,149.14743041992188,163.459228515625,55.49985122680664,270.4205017089844,348.88623046875,108.38329315185547,86.09373474121094,360.0631408691406,48.95510482788086,152.75759887695312,24.62731170654297,391.4916076660156,48.24131774902344,454.21771240234375,509.4858703613281,50.805030822753906,93.8485107421875
2024-01-08,183.32496643066406,32.04435729980469,105.33453369140625,651.5574951171875,133.2545928955078,22.084228515625,35.11310577392578,137.53128051757812,366.70184326171875,149.51766967773438,163.2220001220703,55.90910339355469,273.14349365234375,355.5378723144531,108.53121948242188,86.34303283691406,366.8580627441406,52.10197830200195,152.9113006591797,24.719240188598633,399.5829162597656,46.808773040771484,460.7021484375,508.6705627441406,51.304298400878906,92.28482055664062
2024-01-09,182.91001892089844,31.547178268432617,103.73382568359375,656.9633178710938,129.86749267578125,21.85389518737793,34.82567596435547,139.62139892578125,361.8736267089844,149.6102752685547,161.93157958984375,55.80678939819336,272.1796875,354.31854248046875,109.50209045410156,85.00418090820312,367.9350891113281,52.986427307128906,151.15713500976562,24.568817138671875,400.3723449707031,45.17158889770508,460.0032043457031,510.4244689941406,51.647945404052734,91.14176940917969
2024-01-10,183.9473876953125,31.5190372467041,102.2802963256836,662.4578857421875,128.7978973388672,21.817045211791992,34.90232849121094,140.93885803222656,360.195068359375,149.8323974609375,162.27316284179688,55.99281692504883,275.1927490234375,367.24505615234375,109.89967346191406,84.46863555908203,374.7691955566406,54.192928314208984,150.93106079101562,24.2261905670166,403.08587646484375,45.06925582885742,462.6047058105469,509.7324523925781,52.289852142333984,90.24562072753906
2024-01-11,183.3546142578125,31.096904754638672,102.11470794677734,663.2653198242188,129.49313354492188,21.798616409301758,34.73945999145508,140.74075317382812,358.11102294921875,149.1659393310547,161.58999633789062,55.63007354736328,275.2489013671875,366.4519958496094,109.50209045410156,83.5729751586914,376.5903625488281,54.6635627746582,150.21676635742188,23.73314094543457,403.924560546875,45.394832611083984,462.40093994140625,511.6665344238281,52.23149490356445,90.22733306884766
2024-01-12,183.68064880371094,30.768587112426758,102.75868225097656,672.7774658203125,131.26690673828125,21.844680786132812,34.78736114501953,141.30538940429688,356.2249755859375,150.313720703125,160.4039306640625,56.169532775878906,274.6125793457031,371.2300109863281,109.68700408935547,82.82504272460938,380.35003662109375,54.55188751220703,151.24754333496094,23.98384666442871,404.1318054199219,46.46459197998047,462.72119140625,494.43963623046875,52.29958724975586,91.39781951904297
2024-01-16,181.41822814941406,30.13070297241211,99.943603515625,671.0541381835938,128.07594299316406,21.28267478942871,34.46162033081055,141.1468963623047,358.7710876464844,148.5828094482422,159.3981475830078,55.7974967956543,272.385498046875,364.2612609863281,109.55754852294922,79.38094329833984,382.1124267578125,56.21905517578125,150.25291442871094,23.66628646850586,404.0923156738281,44.929725646972656,461.0224304199219,492.2022705078125,52.464927673339844,89.3311996459961
2024-01-17,180.47964477539062,29.83051872253418,98.95925903320312,673.712890625,127.5678482055664,21.05234146118164,34.011322021484375,140.13648986816406,355.68743896484375,148.4994659423828,158.5441436767578,55.7974967956543,272.4510192871094,365.1632995605469,109.22469329833984,77.94049072265625,381.3291320800781,55.89100646972656,150.49703979492188,23.524221420288086,401.8129577636719,44.5483283996582,458.4597473144531,497.6916198730469,52.21852493286133,88.68194580078125
2024-01-18,186.35801696777344,29.764854431152344,98.37049102783203,676.7850952148438,126.40911102294922,21.245820999145508,34.1741943359375,142.1275177001953,355.4328308105469,149.22146606445312,158.85728454589844,55.95561218261719,275.44537353515625,372.85577392578125,109.6037826538086,77.4695816040039,385.6371765136719,56.941959381103516,151.15713500976562,23.474084854125977,407.51629638671875,45.17158889770508,462.5367431640625,489.53802490234375,52.92204666137695,88.51736450195312
2024-01-19,189.25270080566406,30.22450828552246,99.23526000976562,684.3278198242188,126.7834701538086,21.44851303100586,34.57658386230469,145.000244140625,360.4214172363281,149.65652465820312,161.59947204589844,55.648677825927734,281.2189636230469,380.11199951171875,109.92739868164062,78.79920959472656,390.3368225097656,59.31907272338867,149.9002685546875,23.63286590576172,415.5978698730469,46.17622375488281,468.30279541015625,477.42138671875,52.643226623535156,88.65451049804688
2024-01-22,191.55462646484375,30.53407096862793,99.41004180908203,681.905517578125,127.0063247680664,21.44851303100586,34.490360260009766,144.61390686035156,363.96710205078125,150.3877716064453,161.40969848632812,55.40684509277344,279.2351379394531,378.45654296875,110.42668914794922,79.15933227539062,388.2220153808594,59.48159408569336,149.29444885253906,23.657930374145508,416.1405334472656,47.14365005493164,469.2929382324219,486.3619079589844,52.64647674560547,88.53562927246094
2024-01-23,192.82908630371094,30.740440368652344,99.34564971923828,677.0608520507812,126.64976501464844,21.632776260375977,34.672386169433594,145.6539764404297,359.0728454589844,147.9255828857422,160.34698486328125,55.667274475097656,280.769775390625,381.8468322753906,110.8057861328125,80.09191131591797,390.5620422363281,59.69996643066406,151.5821075439453,23.75821304321289,417.86737060546875,46.90178680419922,470.66168212890625,488.7606201171875,52.779396057128906,89.53237915039062
2024-01-24,192.1573028564453,30.937437057495117,100.89115905761719,675.9973754882812,129.17225646972656,21.65120506286621,34.57658386230469,147.29835510253906,357.78094482421875,147.13882446289062,161.7797393798828,54.792964935302734,281.134765625,387.29888916015625,109.91815948486328,80.8582992553711,394.1455078125,61.184661865234375,149.7375030517578,23.674644470214844,420.1861572265625,48.06456756591797,471.1761474609375,486.58941650390625,52.03373718261719,91.07776641845703
2024-01-25,191.8312530517578,31.32204818725586,103.08065795898438,669.488525390625,132.42562866210938,21.780189514160156,34.835262298583984,150.43849182128906,360.89288330078125,147.69418334960938,164.094970703125,55.02549743652344,278.1123046875,389.75732421875,111.07391357421875,81.27381134033203,396.4072265625,61.43891906738281,150.60556030273438,23.301414489746094,420.69927978515625,48.80875015258789,473.73883056640625,467.78875732421875,52.7923583984375,93.39126586914062
2024-01-26,190.1023406982422,31.359569549560547,103.2462387084961,676.3616943359375,132.93370056152344,21.826255798339844,34.940650939941406,150.75546264648438,356.2626647949219,147.63865661621094,163.46871948242188,55.220821380615234,273.4803466796875,390.708984375,111.7119140625,81.00605773925781,395.48687744140625,60.85462188720703,151.78102111816406,23.301414489746094,418.1929626464844,49.22734069824219,473.1369934082031,477.08013916015625,53.25596237182617,94.18685913085938
2024-01-29,189.42062377929688,31.528419494628906,102.66667175292969,683.3824462890625,132.88021850585938,21.982885360717773,35.16100311279297,152.06301879882812,358.8748779296875,147.50904846191406,163.89569091796875,55.5556640625,273.52716064453125,397.529052734375,112.1372299194336,80.90447998046875,401.1557922363281,62.28447723388672,152.04322814941406,23.30989646911621,422.47540283203125,49.48780822753906,476.8839416503906,478.3505554199219,53.50559616088867,94.30572509765625
2024-01-30,185.77511596679688,32.635345458984375,104.92057037353516,690.0094604492188,133.80722045898438,21.92759895324707,35.266395568847656,150.03233337402344,364.8252868652344,146.96295166015625,167.254638671875,55.713783264160156,275.716796875,396.5774230957031,112.48858642578125,81.697021484375,400.0494689941406,62.59257507324219,153.37242126464844,22.919702529907227,419.6631774902344,45.90645217895508,476.5150451660156,477.4688415527344,53.683902740478516,95.8785400390625
2024-01-31,182.17892456054688,31.90364646911621,102.9150619506836,684.2392578125,131.4095001220703,21.761762619018555,34.82567596435547,138.7794189453125,362.1282958984375,147.08323669433594,165.44235229492188,55.33243942260742,273.9107666015625,386.7438659667969,111.67491912841797,81.34268951416016,389.26959228515625,61.349185943603516,152.38685607910156,22.970598220825195,411.443603515625,45.30181121826172,468.73968505859375,485.1767883300781,53.57367706298828,94.01309204101562
2024-02-01,184.60931396484375,31.47213363647461,102.46427917480469,694.7118530273438,131.8195037841797,21.87232208251953,35.06519317626953,139.82940673828125,361.9773864746094,146.5834197998047,164.8445587158203,56.71830368041992,278.9263610839844,391.3434143066406,116.8527603149414,80.95108795166016,395.3400573730469,62.8448486328125,155.25323486328125,23.148731231689453,416.28851318359375,45.580875396728516,474.8746032714844,480.8156433105469,54.56571578979492,93.62904357910156
2024-02-02,183.61148071289062,31.397092819213867,101.77432250976562,699.6424560546875,135.6968231201172,21.743335723876953,34.8640022277832,141.0379180908203,365.75885009765625,144.9635467529297,165.7934112548828,56.309051513671875,277.9625549316406,470.8551330566406,116.8805160522461,81.37066650390625,402.6245422363281,65.96880340576172,154.5931396484375,22.843360900878906,423.323974609375,45.580875396728516,479.873779296875,483.7451477050781,54.974212646484375,93.24497985839844
2024-02-05,185.41943359375,30.946815490722656,101.16716766357422,701.29931640625,135.7770538330078,21.522218704223633,34.31790542602539,142.32568359375,361.1946716308594,144.21377563476562,165.57518005371094,55.843997955322266,267.59454345703125,455.4107971191406,116.66783905029297,80.0839614868164,397.1709289550781,69.13162994384766,154.54794311523438,22.537988662719727,422.7714538574219,45.16227340698242,478.12646484375,476.85247802734375,54.679195404052734,92.86092376708984
2024-02-06,187.01991271972656,30.99372673034668,102.59307098388672,700.9343872070312,135.7948760986328,21.770977020263672,34.59574890136719,142.74171447753906,363.0523986816406,146.3057403564453,166.1444854736328,55.7509880065918,266.3594055175781,450.7615966796875,117.31507110595703,80.27974700927734,397.0143127441406,68.02583312988281,155.00001525878906,23.32686424255371,421.9228820800781,44.914363861083984,479.5146484375,484.1623229980469,55.0520133972168,93.50101470947266
2024-02-07,187.1286163330078,31.125051498413086,103.32904052734375,709.7996215820312,135.59877014160156,21.697269439697266,34.691551208496094,144.1681671142578,364.62725830078125,146.23167419433594,166.45758056640625,55.7974967956543,268.8671569824219,465.5021667480469,117.860595703125,80.18651580810547,405.3953552246094,69.89640045166016,155.04525756835938,23.377758026123047,426.2645263671875,44.390472412109375,483.5139465332031,492.4296875,54.91261291503906,93.47360229492188
2024-02-08,186.0517578125,31.06876564025879,104.78256225585938,714.1190795898438,137.31903076171875,21.66963005065918,34.68197250366211,144.53463745117188,363.099609375,144.76918029785156,165.85984802246094,55.648677825927734,273.1715087890625,465.9085998535156,117.06543731689453,79.86018371582031,405.4540710449219,69.43972778320312,157.19729614257812,23.386241912841797,427.0539245605469,44.70854949951172,483.7275085449219,493.0934143066406,54.90937042236328,95.07386016845703
2024-02-09,186.8134307861328,31.021862030029297,102.26190185546875,713.3695678710938,134.62721252441406,21.78940200805664,34.81610107421875,147.59552001953125,362.3639831542969,145.10240173339844,166.05908203125,55.397552490234375,270.8695983886719,464.0350341796875,115.99286651611328,80.0839614868164,411.759521484375,71.9245376586914,151.6092529296875,23.377758026123047,431.2574462890625,44.04433059692383,486.5231628417969,491.3204345703125,54.88019561767578,93.06208801269531
2024-02-12,185.13174438476562,31.53779411315918,102.20669555664062,712.3932495117188,135.55422973632812,21.770977020263672,34.92148971557617,146.13938903808594,370.2664489746094,146.11135864257812,166.79920959472656,55.52775955200195,270.841552734375,464.81817626953125,115.89115905761719,80.99771881103516,406.580078125,72.03919982910156,154.26763916015625,23.462583541870117,429.5701904296875,45.03598403930664,486.3096008300781,490.7705993652344,55.21087646484375,94.34229278564453
2024-02-13,183.0445098876953,30.721683502197266,100.98316955566406,704.346435546875,134.2350311279297,21.17211151123047,33.81013107299805,143.7719268798828,357.1679992675781,144.83396911621094,165.3474578857422,55.20222091674805,268.6612854003906,456.11456298828125,115.97438049316406,78.29375457763672,397.8269348144531,71.91954803466797,152.7033233642578,22.877290725708008,422.8700866699219,44.5120964050293,479.61163330078125,490.021484375,54.834808349609375,93.53011322021484
2024-02-14,182.1640625,31.07814598083496,101.3051528930664,712.1663818359375,134.6005096435547,21.53143310546875,34.41371154785156,144.56436157226562,356.49847412109375,144.1582794189453,167.02691650390625,55.14641189575195,269.6532287597656,469.1600341796875,116.33497619628906,78.32172393798828,401.6720275878906,73.68643951416016,151.4736328125,22.996049880981445,427.478271484375,44.67112731933594,483.97021484375,490.1068115234375,54.65974426269531,93.06864166259766
2024-02-15,181.8772430419922,31.95993423461914,102.8431625366211,714.4641723632812,139.1778564453125,21.88153648376465,35.16100311279297,141.42425537109375,363.4579772949219,146.1761474609375,170.6705322265625,55.24872970581055,273.1060485839844,479.8164978027344,117.0007095336914,79.87882995605469,398.798095703125,72.4480209350586,151.78102111816406,23.33534812927246,428.75115966796875,45.447608947753906,487.3094787597656,493.8424072265625,54.88343048095703,95.73592376708984
2024-02-16,180.34393310546875,31.978687286376953,102.44476318359375,713.9514770507812,139.33102416992188,21.863109588623047,35.141845703125,139.19544982910156,362.53375244140625,146.00828552246094,169.8734893798828,55.23942565917969,273.25579833984375,469.1996765136719,118.1564712524414,80.6527328491211,396.3457946777344,72.40313720703125,150.38853454589844,23.42865562438965,424.8633728027344,45.43825912475586,484.8826904296875,494.4776306152344,55.23032760620117,95.73592376708984
2024-02-20,179.60202026367188,31.85674476623535,101.4904556274414,715.6278686523438,138.7633819580078,21.88153648376465,35.007713317871094,139.789794921875,362.60919189453125,147.23007202148438,170.53765869140625,56.45787048339844,273.8453369140625,467.6434020996094,117.76812744140625,79.5804672241211,395.1000061035156,69.25128936767578,152.49537658691406,23.403207778930664,421.65643310546875,45.3914794921875,482.21319580078125,494.0130310058594,57.01341247558594,94.8314437866211
2024-02-21,180.35385131835938,31.612850189208984,104.57574462890625,712.9947509765625,140.06092834472656,21.770977020263672,34.95981216430664,141.20632934570312,366.1454772949219,147.99484252929688,171.64784240722656,56.960140228271484,275.0243225097656,464.4479675292969,118.46157836914062,79.68302917480469,394.50164794921875,67.2770004272461,152.65811157226562,23.471065521240234,419.9690856933594,46.03699493408203,482.6499938964844,494.87579345703125,56.313140869140625,96.76960754394531
2024-02-22,182.38174438476562,31.528419494628906,103.9735107421875,724.217041015625,140.05191040039062,21.982885360717773,35.295135498046875,142.7317657470703,368.22021484375,149.64564514160156,173.70689392089844,56.876426696777344,276.90521240234375,482.4095153808594,119.5156478881836,80.04666137695312,403.7908630371094,78.31103515625,152.13365173339844,23.369279861450195,432.2639465332031,46.083763122558594,492.638671875,499.1706237792969,56.86752700805664,96.68653869628906
2024-02-23,180.5517120361328,31.81922721862793,103.3156967163086,727.6980590820312,139.35809326171875,22.028947830200195,35.438846588134766,142.60302734375,368.76708984375,150.94204711914062,174.57981872558594,56.92293167114258,278.61761474609375,480.3255615234375,119.69132995605469,80.6993408203125,402.505859375,78.5892105102539,153.35435485839844,23.54741096496582,430.99102783203125,45.6721305847168,492.97845458984375,499.8722229003906,56.916160583496094,95.83744812011719
2024-02-26,179.2063751220703,31.528419494628906,104.1588134765625,735.0152587890625,139.1688690185547,21.955242156982422,35.304710388183594,136.2732696533203,367.9844055175781,149.96275329589844,173.9820098876953,56.46717071533203,278.028076171875,478.0530700683594,119.12732696533203,79.87882995605469,399.7593688964844,78.8634262084961,152.1427459716797,23.055423736572266,430.76409912109375,45.42890930175781,491.1728820800781,498.0518493652344,57.966556549072266,96.21585083007812
2024-02-27,180.6605224609375,32.156925201416016,103.40833282470703,734.3840942382812,137.10543823242188,22.1026554107666,35.218482971191406,137.57090759277344,368.54083251953125,150.13995361328125,174.06741333007812,56.12303161621094,274.88397216796875,483.3224182128906,119.30298614501953,79.71099853515625,399.7004699707031,78.47354888916016,152.05230712890625,22.809431076049805,431.8002014160156,45.335350036621094,492.0853576660156,486.76959228515625,57.95682907104492,96.0128173828125
2024-02-28,179.4635467529297,32.1850700378418,103.8067398071289,737.5890502929688,137.26759338378906,21.844680786132812,35.007713317871094,135.09451293945312,373.4032287597656,150.67156982421875,174.94989013671875,56.1788444519043,276.2221374511719,480.3156433105469,118.52632141113281,80.23313903808594,399.93585205078125,77.43855285644531,151.03054809570312,22.936670303344727,429.5010681152344,45.05469512939453,491.4350280761719,472.41552734375,57.98600387573242,96.28045654296875
2024-02-29,178.80076599121094,32.61016845703125,104.27001190185547,733.5755004882812,136.9702606201172,22.03816032409668,35.228065490722656,137.15489196777344,369.4809875488281,150.51304626464844,176.54393005371094,55.82539749145508,275.0551452636719,486.37884521484375,117.56471252441406,80.22382354736328,405.7428894042969,78.88337707519531,150.64329528808594,22.529508590698242,433.1816101074219,45.21373748779297,493.2016906738281,467.9784240722656,57.00368881225586,96.46504211425781
2024-03-01,177.72254943847656,32.44956970214844,105.84507751464844,739.0485229492188,137.6911163330078,22.28692054748535,35.55381393432617,135.84732055664062,368.57879638671875,151.20315551757812,175.81332397460938,55.3696403503418,273.5965576171875,498.4557189941406,117.38904571533203,80.63407897949219,407.5673522949219,82.04119873046875,149.95997619628906,22.55495834350586,439.7040100097656,46.167964935302734,497.83203125,464.1196594238281,57.14958190917969,97.68331909179688
2024-03-04,173.21168518066406,33.20531463623047,103.43614196777344,748.6535034179688,134.14996337890625,22.13029670715332,35.467586517333984,132.09304809570312,372.52001953125,149.07672119140625,177.13223266601562,55.63007354736328,273.7941589355469,494.37713623046875,114.69842529296875,83.95343780517578,406.9984130859375,84.99065399169922,150.67063903808594,21.961181640625,438.1351013183594,46.23345184326172,497.29815673828125,456.8572998046875,57.67477798461914,96.3173828125
2024-03-05,168.28541564941406,33.432037353515625,103.04700469970703,749.4127197265625,134.78970336914062,22.065805435180664,35.429264068603516,131.41946411132812,371.2474060058594,149.19796752929688,178.90660095214844,55.3603401184082,275.29986572265625,486.4681701660156,113.57038879394531,83.10493469238281,394.96270751953125,85.7195816040039,147.6366424560547,22.12234878540039,430.2707214355469,46.457977294921875,492.32806396484375,448.5899353027344,58.394500732421875,97.49873352050781
2024-03-06,167.2961883544922,33.46037673950195,103.76041412353516,762.5184936523438,133.6543731689453,22.4527587890625,35.70710372924805,130.1614227294922,369.974853515625,148.6103973388672,179.83644104003906,55.38824462890625,275.6668701171875,492.2932434082031,114.42103576660156,79.86949920654297,394.4133605957031,88.44779968261719,148.5113067626953,23.06390380859375,432.974365234375,46.804115295410156,494.8227844238281,448.0684509277344,58.909969329833984,98.54163360595703
2024-03-07,167.17750549316406,33.658756256103516,104.45529174804688,774.6973876953125,134.59149169921875,22.812076568603516,36.205299377441406,133.11331176757812,368.89215087890625,148.17202758789062,178.26136779785156,55.28592300415039,273.95404052734375,508.27001953125,114.64293670654297,80.31705474853516,401.3288269042969,92.40552520751953,148.61154174804688,22.724605560302734,439.5461730957031,47.50575637817383,499.734619140625,453.92767333984375,58.70572280883789,99.09542083740234
2024-03-08,168.88880920410156,33.63041687011719,104.6961898803711,715.4996337890625,135.05101013183594,22.8212890625,36.032840728759766,134.1336212158203,367.52459716796875,148.7782745361328,178.5934600830078,55.3603401184082,275.3092346191406,502.07781982421875,114.18987274169922,81.15621948242188,398.46453857421875,87.27912139892578,148.556884765625,23.089353561401367,433.20135498046875,47.150264739990234,496.7350769042969,453.61358642578125,58.47230529785156,100.0275650024414
2024-03-11,170.8870391845703,33.90437698364258,106.7808609008789,704.1787719726562,136.9612579345703,22.48961067199707,36.13823699951172,136.37232971191406,366.7362976074219,150.37310791015625,178.6598663330078,56.030025482177734,277.4454650878906,479.888916015625,113.51490020751953,81.06298065185547,396.7969665527344,85.53012084960938,150.0875244140625,24.064842224121094,431.5929870605469,48.207401275634766,496.3079833984375,465.5875549316406,58.99750900268555,100.61824798583984
2024-03-12,171.36187744140625,33.970497131347656,106.5677490234375,726.6626586914062,136.86216735839844,22.48961067199707,36.234039306640625,137.19451904296875,368.6546936035156,151.78146362304688,180.13058471679688,56.271846771240234,276.965576171875,495.9252624511719,113.4132080078125,81.1655502319336,407.3515625,91.65167236328125,149.9144287109375,23.759469985961914,437.77984619140625,48.24482345581055,501.6469421386719,465.77801513671875,59.726951599121094,99.97219848632812
2024-03-13,169.28451538085938,34.0838623046875,108.91183471679688,724.0198974609375,138.664306640625,22.65545082092285,36.55019760131836,138.4723358154297,372.5769958496094,150.2518768310547,181.59185791015625,56.84851837158203,266.1903381347656,491.7772216796875,112.95088195800781,83.31006622314453,407.175048828125,90.62957763671875,150.6068878173828,23.937604904174805,434.4150390625,49.18033981323242,500.8606262207031,464.4929504394531,59.60050964355469,101.08894348144531
2024-03-14,171.13436889648438,33.71543884277344,110.97796630859375,721.8009643554688,140.2952117919922,22.222427368164062,36.186134338378906,141.75112915039062,369.0631103515625,148.48916625976562,178.3562469482422,56.72195053100586,265.1269226074219,488.06585693359375,112.13207244873047,83.07696533203125,417.1018371582031,87.6939468383789,150.1331024169922,23.86126136779785,433.3197937011719,49.79779052734375,499.87054443359375,465.4447937011719,59.549766540527344,102.87944030761719
2024-03-15,170.75845336914062,33.450931549072266,111.21885681152344,715.568603515625,140.1600341796875,22.139509201049805,36.14781188964844,139.8492431640625,367.7335205078125,147.52847290039062,180.5670928955078,56.14067077636719,262.6895751953125,480.39501953125,113.07183837890625,82.4056396484375,408.4697570800781,87.58726501464844,150.02374267578125,23.70009422302246,428.1689453125,49.46099853515625,496.4381408691406,467.1771545410156,59.217952728271484,102.69483947753906
2024-03-18,171.84658813476562,34.017730712890625,111.42269897460938,721.396728515625,140.03390502929688,22.18557357788086,36.13823699951172,146.28794860839844,365.036376953125,146.20411682128906,182.806396484375,56.37506103515625,262.16253662109375,493.1764831542969,112.9974136352539,82.0140380859375,409.3526306152344,88.2034912109375,156.037109375,23.513479232788086,432.2526550292969,49.98488998413086,499.3885498046875,463.5887451171875,59.393619537353516,103.64546203613281
2024-03-19,174.18113708496094,34.03662109375,113.05335998535156,722.0179443359375,141.1241455078125,22.222427368164062,36.13823699951172,145.64410400390625,369.1106262207031,145.691162109375,183.87857055664062,56.468814849853516,266.1997375488281,492.4421081542969,113.70457458496094,82.44293212890625,413.364501953125,89.14382934570312,156.52911376953125,23.437135696411133,433.32952880859375,50.967185974121094,502.1636657714844,469.5567626953125,59.40338134765625,104.37458801269531
2024-03-20,176.7432098388672,34.716796875,112.95144653320312,730.4493408203125,139.2589569091797,22.49882698059082,36.65558624267578,147.33798217773438,376.5277404785156,145.27146911621094,186.28868103027344,56.956336975097656,267.6866455078125,501.6510925292969,115.23985290527344,85.17486572265625,417.11163330078125,90.11505126953125,156.58377075195312,23.49651336669922,438.4674072265625,50.89234161376953,506.808349609375,470.42291259765625,59.774227142333984,104.28229522705078
2024-03-21,169.5218963623047,35.434757232666016,114.43385314941406,732.2638549804688,139.5382843017578,22.49882698059082,36.598106384277344,146.20872497558594,392.90057373046875,145.2621307373047,188.8790283203125,56.69382858276367,266.8207702636719,503.87396240234375,115.02586364746094,87.08629608154297,421.1725158691406,91.17501831054688,157.12132263183594,23.462583541870117,440.5423278808594,50.92975997924805,508.483154296875,468.0052795410156,59.96940231323242,104.74375915527344
2024-03-22,170.422119140625,35.00019454956055,113.9891357421875,724.6114501953125,139.35809326171875,22.35141372680664,36.224456787109375,149.34886169433594,386.3571472167969,144.7771453857422,186.5638427734375,56.71257781982422,265.9738464355469,505.6800231933594,115.23985290527344,85.73431396484375,420.5545654296875,94.02091217041016,156.7295684814453,23.208110809326172,441.04620361328125,50.5087776184082,507.5191650390625,466.4632873535156,59.40338134765625,104.74375915527344
2024-03-25,169.00755310058594,34.82071304321289,116.9539794921875,720.8247680664062,140.98902893066406,22.443546295166016,36.21487808227539,148.6554718017578,384.5717468261719,144.767822265625,184.85592651367188,56.62820053100586,262.2001647949219,499.1701965332031,116.5983657836914,84.97906494140625,414.7868347167969,94.73188781738281,157.2580108642578,23.267486572265625,439.4456481933594,50.80814743041992,506.1170654296875,462.47509765625,59.11061096191406,105.81436920166016
2024-03-26,167.87985229492188,35.037986755371094,116.73162841796875,720.8444213867188,139.90774536132812,22.36983871459961,36.13823699951172,149.2498016357422,385.7493591308594,145.2808074951172,185.71934509277344,56.75944900512695,262.2001647949219,492.0948181152344,116.79376983642578,85.10960388183594,413.59991455078125,92.29782104492188,157.37643432617188,23.403207778930664,438.0228271484375,50.58362579345703,505.1822509765625,468.5953674316406,59.05205535888672,105.02063751220703
2024-03-27,171.44100952148438,35.71815490722656,117.51914978027344,721.92919921875,140.88088989257812,22.71994400024414,36.47355270385742,149.44790649414062,394.3631286621094,147.3232879638672,189.3155517578125,57.218849182128906,265.3998107910156,490.0802917480469,122.59066009521484,87.17955017089844,413.3841247558594,89.99340057373047,158.14175415039062,23.564374923706055,439.51470947265625,51.360107421875,509.4277038574219,469.3473205566406,59.25699234008789,106.10970306396484
2024-03-28,169.6307373046875,35.82206344604492,117.92682647705078,722.4714965820312,142.13336181640625,22.71994400024414,36.674747467041016,149.50733947753906,396.680419921875,147.537841796875,190.0556182861328,57.35948944091797,265.33392333984375,481.86370849609375,122.77674865722656,87.79491424560547,412.6877136230469,90.09909057617188,159.4537811279297,23.538923263549805,438.7045593261719,51.27590560913086,509.3304138183594,470.8702697753906,58.72024154663086,107.28182220458984
2024-04-01,168.19638061523438,35.44419479370117,119.22394561767578,711.2394409179688,143.3407745361328,22.646240234375,36.61726760864258,154.0243682861328,392.7106628417969,147.15545654296875,188.76519775390625,56.890708923339844,263.70587158203125,487.5895080566406,121.88349914550781,87.20750427246094,416.4642333984375,90.10607147216797,157.6042022705078,23.513479232788086,439.6333312988281,51.659481048583984,508.4442443847656,466.1111145019531,58.55433654785156,107.9740219116211
2024-04-02,167.0192108154297,35.236366271972656,121.06771850585938,701.4373168945312,143.97149658203125,22.590957641601562,36.44481658935547,153.1031494140625,389.5196838378906,147.10882568359375,188.68927001953125,56.39380645751953,261.37200927734375,493.56341552734375,121.28799438476562,86.44293212890625,413.39398193359375,89.19766998291016,156.2010955810547,23.369279861450195,435.83917236328125,51.15428924560547,505.2115478515625,436.0713806152344,57.73458480834961,110.08753967285156
2024-04-03,167.82046508789062,35.368614196777344,121.95716857910156,695.9051513671875,144.5662078857422,22.63702392578125,36.598106384277344,153.45974731445312,393.176025390625,143.87245178222656,188.15792846679688,56.09379577636719,259.3016662597656,502.8616943359375,120.86927032470703,86.71332550048828,412.4228820800781,88.71105194091797,154.59754943847656,23.089353561401367,436.8173828125,51.322689056396484,505.7664489746094,437.59429931640625,57.998069763183594,110.10601043701172
2024-04-04,166.9994354248047,34.87739181518555,122.06834411621094,695.1064453125,144.79150390625,22.508039474487305,36.43523025512695,149.11109924316406,385.8158264160156,142.23098754882812,186.726318359375,55.59688949584961,254.17283630371094,507.009765625,118.78499603271484,86.04200744628906,409.9019470214844,85.66075134277344,154.57022094726562,22.605850219726562,430.1381530761719,50.77072525024414,499.593017578125,433.4443664550781,58.06638717651367,110.49363708496094
2024-04-05,167.751220703125,35.0568733215332,123.70829772949219,703.8237915039062,145.6114501953125,22.627809524536133,36.684326171875,151.0625457763672,387.54425048828125,142.12840270996094,188.44424438476562,55.79376983642578,250.97328186035156,523.3040771484375,119.09204864501953,86.21915435791016,417.3960266113281,87.75778198242188,154.10552978515625,22.614334106445312,435.20684814453125,51.481719970703125,504.8121643066406,433.78692626953125,58.40795135498047,112.0164794921875
2024-04-08,166.63340759277344,35.4253044128418,122.68910217285156,701.9403076171875,145.31410217285156,22.756799697875977,36.73222732543945,153.39039611816406,389.8900451660156,141.3822479248047,189.42727661132812,55.56875991821289,251.7919921875,515.2760620117188,117.761474609375,86.90913391113281,416.4838562011719,86.88525390625,154.50643920898438,22.54647445678711,435.3352966308594,50.55555725097656,505.09454345703125,434.034423828125,58.33964538574219,111.25965881347656
2024-04-09,167.84024047851562,35.64257049560547,122.5315933227539,708.6263427734375,145.97186279296875,22.894996643066406,36.904685974121094,155.12388610839844,390.051513671875,142.0351104736328,188.1579132080078,55.990657806396484,253.5612030029297,512.9440307617188,117.90103912353516,87.72032928466797,418.1414794921875,85.11132049560547,155.4449005126953,22.71612548828125,436.94580078125,50.67717361450195,505.6788330078125,437.5751953125,58.34940719604492,111.84111785888672
2024-04-10,165.97064208984375,34.6223258972168,123.05973815917969,712.5609741210938,146.57554626464844,22.379053115844727,36.368167877197266,154.66824340820312,380.60198974609375,140.0858917236328,186.55458068847656,55.2406120300293,252.8365478515625,515.8516845703125,117.93827056884766,85.45458221435547,415.17919921875,86.7915267944336,153.9324188232422,22.325929641723633,433.1319580078125,50.70524215698242,500.61541748046875,428.37103271484375,59.159400939941406,112.78251647949219
2024-04-11,173.15237426757812,34.33892059326172,123.15238189697266,722.1954345703125,145.8727264404297,22.43433380126953,36.17654800415039,157.9074249267578,377.4869689941406,138.7707977294922,186.516357421875,55.36249923706055,252.78953552246094,519.156005859375,117.3799819946289,80.9697494506836,419.7600402832031,90.35834503173828,153.39488220214844,22.342893600463867,440.04833984375,50.51814270019531,504.3935241699219,420.4422912597656,58.642173767089844,112.40412139892578
2024-04-12,174.6460723876953,33.809906005859375,121.55875396728516,721.169921875,143.232666015625,22.01973533630371,35.59213638305664,156.24322509765625,369.89886474609375,137.58633422851562,174.45289611816406,54.64057922363281,251.6320343017578,507.9822692871094,116.99847412109375,80.36367797851562,413.8451232910156,87.93525695800781,153.1580047607422,21.93573570251465,433.0331115722656,48.6470947265625,497.4313049316406,418.043701171875,58.69096755981445,111.09355163574219
2024-04-15,170.82769775390625,33.96105194091797,120.67858123779297,708.3206176757812,141.99818420410156,21.863109588623047,35.333457946777344,153.4002685546875,380.7159423828125,137.651611328125,174.54832458496094,54.50932312011719,250.5403594970703,496.401611328125,117.41719055175781,81.1095962524414,405.7428894042969,85.75647735595703,152.1101837158203,21.978145599365234,425.9092712402344,48.338375091552734,491.1994934082031,424.1639404296875,58.48603057861328,110.45671844482422
2024-04-16,167.5533905029297,32.76131820678711,120.01148223876953,706.0425415039062,140.81781005859375,21.411659240722656,35.08435821533203,152.94464111328125,376.89813232421875,134.72303771972656,172.55364990234375,54.434326171875,249.78749084472656,495.9352111816406,116.3657455444336,83.1142578125,406.6648864746094,87.16645812988281,152.61131286621094,21.791532516479492,425.9488220214844,48.09514236450195,490.3035888671875,446.3034973144531,58.39820098876953,109.54302215576172
2024-04-17,166.1882781982422,33.280887603759766,118.89967346191406,705.2734985351562,140.92593383789062,21.65120506286621,35.228065490722656,154.00454711914062,383.5935363769531,135.02151489257812,171.86648559570312,54.856224060058594,254.04112243652344,490.38800048828125,116.65419006347656,83.99072265625,403.97723388671875,83.79606628417969,154.4153289794922,21.562503814697266,420.751708984375,47.5338249206543,487.4018859863281,455.9170227050781,58.21277618408203,109.48764038085938
2024-04-18,165.23861694335938,33.791015625,118.4178695678711,701.3880615234375,141.98019409179688,21.466938018798828,35.304710388183594,154.53944396972656,382.8337097167969,135.9261932373047,172.98312377929688,55.23123550415039,255.0104217529297,497.95953369140625,116.52392578125,84.15856170654297,396.5517578125,84.43024444580078,156.9573211669922,21.53705596923828,418.3507385253906,47.65544509887695,486.39892578125,469.4234924316406,57.83217239379883,109.38612365722656
2024-04-19,163.2206268310547,34.92462158203125,119.87251281738281,699.6721801757812,144.16973876953125,21.522218704223633,35.55381393432617,152.63754272460938,383.678955078125,137.95005798339844,177.3256072998047,56.412559509277344,255.96087646484375,477.3882141113281,117.03568267822266,84.53152465820312,391.5000915527344,75.98334503173828,158.65200805664062,22.054492950439453,409.69537353515625,46.63572311401367,482.15350341796875,476.99053955078125,58.095664978027344,110.64129638671875
2024-04-22,164.0515899658203,35.64257049560547,119.82618713378906,705.539794921875,145.89981079101562,21.78940200805664,35.793331146240234,154.80691528320312,396.3575134277344,139.07859802246094,180.7709503173828,56.768821716308594,259.33935546875,478.04315185546875,118.11504364013672,85.8648452758789,393.3049621582031,79.29190826416016,160.77490234375,22.275033950805664,413.8155517578125,46.31764221191406,486.5937194824219,467.5673828125,58.69096755981445,111.2688980102539
2024-04-23,165.1001434326172,36.247169494628906,120.29869842529297,712.6594848632812,146.73777770996094,21.982885360717773,36.11906814575195,156.7682342529297,402.67303466796875,139.4889373779297,183.37643432617188,56.853206634521484,260.562744140625,492.30316162109375,118.05921936035156,87.42195892333984,399.788818359375,82.18865203857422,156.0006561279297,22.325929641723633,419.99090576171875,46.35506820678711,492.367919921875,462.76068115234375,57.666263580322266,111.70267486572266
2024-04-24,167.197265625,36.19993591308594,119.77986907958984,713.8528442382812,147.38656616210938,21.85389518737793,35.793331146240234,157.63006591796875,401.76129150390625,138.52830505371094,184.27357482910156,57.70637893676758,260.4403991699219,489.7231140136719,118.1708755493164,87.50586700439453,401.2502746582031,79.4504623413086,161.6404571533203,22.283519744873047,421.4136657714844,45.943443298339844,492.13427734375,463.82672119140625,58.42747497558594,111.72113800048828
2024-04-25,168.05789184570312,35.812618255615234,120.54885864257812,712.9934692382812,148.9273681640625,21.724910736083984,35.927459716796875,154.52955627441406,398.92169189453125,136.93348693847656,184.55032348632812,57.884517669677734,259.3581237792969,438.0019836425781,121.63225555419922,86.30307006835938,391.4216613769531,82.39705657958984,160.97531127929688,21.42678451538086,419.3782653808594,46.25215530395508,490.2646484375,470.0707092285156,58.75928497314453,111.97955322265625
2024-04-26,167.4742431640625,35.73704528808594,120.66931915283203,720.2236328125,149.47698974609375,21.85389518737793,36.052001953125,170.32919311523438,406.06341552734375,136.29925537109375,184.66485595703125,57.884517669677734,256.99609375,439.8973693847656,122.07889556884766,86.55484008789062,398.56256103515625,87.48555755615234,159.9730987548828,21.54553985595703,425.85003662109375,46.02763748168945,494.9093322753906,471.48895263671875,58.71049118041992,108.86927795410156
2024-04-29,171.62896728515625,35.47252655029297,120.65078735351562,717.4086303710938,149.87347412109375,22.047374725341797,36.099910736083984,164.5838623046875,409.1405029296875,136.93348693847656,184.46441650390625,58.16579055786133,257.428955078125,429.30902099609375,121.07396697998047,86.67715454101562,394.5702819824219,87.50749206542969,160.4833526611328,21.74911880493164,427.5791015625,46.03699493408203,496.6620788574219,465.4733581542969,58.78855895996094,110.41980743408203
2024-04-30,168.49314880371094,34.9624137878418,116.38880920410156,714.0206909179688,145.31410217285156,21.50379180908203,35.37177276611328,161.24563598632812,405.2466735839844,134.85360717773438,182.99468994140625,57.91264724731445,256.94903564453125,426.8777770996094,120.23655700683594,85.48206329345703,381.8970031738281,86.15633392333984,160.27378845214844,21.73215675354004,419.5165710449219,44.41853713989258,488.7943420410156,460.4001770019531,57.92000961303711,109.15536499023438
2024-05-01,167.4742431640625,34.905731201171875,115.20287322998047,713.3490600585938,143.83636474609375,21.549856185913086,35.39093780517578,162.31544494628906,405.474609375,140.99986267089844,183.1092071533203,58.06264877319336,258.257080078125,435.8287658691406,119.84574890136719,86.14078521728516,387.39990234375,82.80487823486328,159.58132934570312,23.055423736572266,416.4832763671875,44.119171142578125,487.20709228515625,460.7903747558594,57.43205261230469,107.0880126953125
2024-05-02,171.16403198242188,34.839603424072266,113.26644897460938,723.4435424804688,144.8275146484375,21.946027755737305,35.774166107177734,165.04942321777344,410.81195068359375,139.82472229003906,182.91831970214844,58.11890411376953,257.1749267578125,438.2996520996094,119.34327697753906,87.18531799316406,390.2445068359375,85.57300567626953,159.85464477539062,23.49651336669922,421.7989807128906,44.5120964050293,491.7641906738281,469.2236022949219,58.271324157714844,107.28182220458984
2024-05-03,181.4024200439453,35.18912887573242,113.24793243408203,734.7628784179688,144.39503479003906,22.259279251098633,35.99452209472656,165.66360473632812,416.1397705078125,139.21847534179688,181.82077026367188,58.28765869140625,254.3893280029297,448.5009765625,118.64543151855469,88.1169204711914,398.8961181640625,88.53654479980469,160.492431640625,23.589820861816406,430.2764587402344,44.58692932128906,497.8597412109375,468.7286376953125,58.3786735534668,107.06031799316406
2024-05-06,179.7504119873047,35.60478973388672,114.47093963623047,747.15869140625,146.24217224121094,22.49882698059082,36.52145767211914,166.51548767089844,421.3536376953125,138.574951171875,183.2427978515625,58.456424713134766,253.42942810058594,462.1159973144531,118.70125579833984,89.19908905029297,405.6448059082031,91.8780288696289,160.1917724609375,23.886709213256836,434.9894714355469,44.867584228515625,503.0010986328125,470.5657043457031,58.42747497558594,107.75251770019531
2024-05-07,180.43296813964844,35.746490478515625,114.461669921875,761.8361206054688,146.57554626464844,22.692304611206055,36.41606903076172,169.63580322265625,421.47705078125,138.7055206298828,183.0042266845703,58.709564208984375,251.73553466796875,464.6564025878906,121.31590270996094,90.1401138305664,401.52490234375,90.29653930664062,162.19619750976562,23.555889129638672,435.0586853027344,45.06404495239258,503.5561218261719,476.82867431640625,59.159400939941406,107.21723175048828
2024-05-08,180.76930236816406,35.62368392944336,114.01692962646484,754.0331420898438,146.4584503173828,22.57253074645996,36.31068420410156,167.78343200683594,424.4686279296875,138.92002868652344,186.726318359375,58.92519760131836,252.6671600341797,468.9830322265625,120.54360961914062,89.99894714355469,402.7020568847656,90.15493774414062,161.6404571533203,23.980018615722656,434.8017272949219,44.77404022216797,503.6047668457031,478.9703369140625,58.847110748291016,107.19876861572266
2024-05-09,182.57957458496094,36.162147521972656,114.32268524169922,769.4711303710938,149.08053588867188,22.56332015991211,36.674747467041016,168.3579864501953,432.6455383300781,139.7594451904297,188.49197387695312,58.95333480834961,252.15902709960938,471.7814636230469,121.17632293701172,92.3232650756836,404.44805908203125,88.49467468261719,162.23265075683594,24.264158248901367,435.7502746582031,45.354061126708984,506.5065002441406,482.6062927246094,59.187904357910156,109.31229400634766
2024-05-10,181.3215789794922,36.3227424621582,113.66999816894531,777.52099609375,149.41392517089844,22.55410385131836,36.588523864746094,167.060302734375,431.8572998046875,139.81539916992188,189.7040252685547,59.309593200683594,258.7934875488281,472.55548095703125,121.01814270019531,92.48324584960938,406.8218994140625,89.62244415283203,163.8088836669922,24.117782592773438,436.7778625488281,45.37276840209961,507.1589050292969,488.1079406738281,59.22707748413086,108.86927795410156
2024-05-13,184.52108764648438,36.09601593017578,113.37162017822266,765.62890625,148.25155639648438,22.590957641601562,36.511878967285156,167.54566955566406,430.7461853027344,141.0371856689453,189.66587829589844,59.609615325927734,255.3303985595703,464.4281921386719,120.30167388916016,92.74671936035156,405.8213195800781,90.1419677734375,164.8202362060547,24.4880313873291,437.7856140136719,45.606651306152344,507.22705078125,487.0893859863281,59.15852355957031,108.82313537597656
2024-05-14,185.66021728515625,36.36052703857422,112.85880279541016,768.34521484375,147.4225616455078,22.71994400024414,36.540618896484375,168.73439025878906,435.4092102050781,141.18641662597656,192.31907653808594,59.159584045410156,254.7092742919922,468.23876953125,119.71548461914062,93.51834106445312,408.60711669921875,91.09625244140625,163.8817901611328,24.43636703491211,440.60162353515625,45.48503875732422,509.5543518066406,489.1263732910156,58.61991882324219,109.48373413085938
2024-05-15,187.92860412597656,36.757286071777344,112.54177856445312,777.3728637695312,146.91799926757812,23.05162239074707,36.69390869140625,170.8839111328125,442.6459045410156,142.38955688476562,192.89169311523438,59.187713623046875,257.7300720214844,477.85467529296875,122.57205200195312,94.59112548828125,415.75115966796875,94.36093139648438,163.50820922851562,24.81522560119629,447.48828125,45.19502258300781,515.8641357421875,492.6195983886719,58.590545654296875,110.33042907714844
2024-05-16,188.0474395751953,37.05014419555664,111.7305908203125,783.3287353515625,146.61764526367188,23.15296745300293,36.69390869140625,172.53817749023438,441.1548767089844,143.89112854003906,193.2352752685547,59.36585235595703,257.39129638671875,469.6081848144531,121.7811508178711,93.70655822753906,413.6973876953125,94.09071350097656,166.8337860107422,24.90133285522461,446.579345703125,45.29793167114258,514.8026733398438,496.1604309082031,62.68394470214844,109.6698226928711
2024-05-17,188.07717895507812,37.11627197265625,113.4835205078125,786.03515625,148.0556640625,23.254314422607422,36.97174835205078,174.4004364013672,444.19390869140625,144.22689819335938,195.44944763183594,59.093955993652344,256.3279113769531,468.29833984375,122.06958770751953,94.30882263183594,412.9309387207031,92.21605682373047,165.99557495117188,24.660242080688477,446.3619384765625,45.456974029541016,515.542724609375,499.3585510253906,63.31069564819336,111.31668090820312
2024-05-20,189.2361297607422,36.67227554321289,112.71894836425781,783.259765625,146.6631317138672,23.116113662719727,37.00048828125,175.25234985351562,439.6543273925781,142.2242431640625,186.65951538085938,58.66268539428711,252.083740234375,465.2518005371094,121.88349914550781,94.4123306274414,417.9720458984375,94.51050567626953,164.28265380859375,24.56552505493164,449.47430419921875,45.120182037353516,516.13671875,492.31500244140625,62.85042190551758,110.41417694091797
2024-05-21,190.5337677001953,37.45634460449219,112.27139282226562,791.09228515625,145.59825134277344,23.143754959106445,36.904685974121094,176.173583984375,446.7486267089844,142.19606018066406,190.41981506347656,58.98145294189453,250.2014923095703,461.07403564453125,121.66947937011719,95.54154205322266,421.60797119140625,95.11479949951172,164.98422241210938,24.59135627746582,450.3536682128906,45.17631149291992,517.4026489257812,498.33056640625,63.80034637451172,109.65120697021484
2024-05-22,189.09744262695312,37.56026077270508,110.2014389038086,792.0108032226562,143.41387939453125,22.701515197753906,36.578941345214844,174.7174835205078,439.12249755859375,144.32090759277344,189.26499938964844,59.06583023071289,250.10745239257812,464.199951171875,121.98583984375,94.79813385009766,423.0622863769531,94.68003845214844,165.9044189453125,25.486841201782227,450.26470947265625,43.48301696777344,515.912841796875,496.2364501953125,63.898250579833984,107.44609832763672
2024-05-23,185.1154022216797,37.00290298461914,109.69793701171875,786.5587158203125,142.84048461914062,22.57253074645996,36.24362564086914,171.9141082763672,435.1053161621094,140.7481231689453,187.9384002685547,58.21266555786133,242.72950744628906,462.2151794433594,121.97654724121094,93.08548736572266,419.603271484375,103.50389862060547,163.3351287841797,24.703290939331055,448.2392578125,43.333335876464844,512.1444702148438,491.9342346191406,63.49674987792969,105.61314392089844
2024-05-24,188.18612670898438,37.50359344482422,109.32498168945312,799.7841186523438,143.57769775390625,22.76601219177246,36.6268424987793,173.34056091308594,437.9828796386719,138.18138122558594,191.55555725097656,58.12828063964844,242.89889526367188,474.5599670410156,120.48777770996094,93.13255310058594,422.70855712890625,106.1662826538086,162.16888427734375,24.86688804626465,452.4779968261719,43.25849533081055,515.5330810546875,483.6914367675781,64.02557373046875,105.5294189453125
2024-05-28,188.196044921875,37.14460372924805,110.91938781738281,803.1819458007812,144.75180053710938,22.68309211730957,36.540618896484375,174.73724365234375,436.6818542480469,135.74624633789062,190.40074157714844,57.95951843261719,238.5982208251953,476.2470703125,117.32415008544922,92.85022735595703,422.8657531738281,113.5771484375,157.9686737060547,24.36748504638672,454.18731689453125,43.52979278564453,515.893310546875,479.41766357421875,63.69260787963867,106.86922454833984
2024-05-29,188.4932098388672,36.57780456542969,107.46015930175781,796.6136474609375,142.80406188964844,22.296133041381836,35.745426177978516,174.24195861816406,434.1745910644531,135.80267333984375,189.07412719726562,57.847015380859375,234.6739501953125,470.7295837402344,117.14735412597656,91.5328140258789,421.7357177734375,114.49850463867188,155.9368896484375,23.954185485839844,450.98602294921875,42.697181701660156,512.2807006835938,461.3709716796875,63.57509231567383,105.72480010986328
2024-05-30,189.4837646484375,36.49278259277344,105.90303802490234,805.3252563476562,144.04188537597656,22.508039474487305,36.11906814575195,170.48768615722656,430.1712646484375,136.59243774414062,190.23849487304688,58.10015869140625,237.21482849121094,463.47552490234375,115.87259674072266,91.49517822265625,407.4869079589844,110.18582153320312,155.32644653320312,24.281383514404297,446.1544494628906,42.6504020690918,508.8824768066406,458.4488525390625,63.545711517333984,106.05975341796875
2024-05-31,190.4346923828125,37.77754592895508,108.60700988769531,799.9422607421875,147.7189178466797,22.710729598999023,36.65558624267578,170.87399291992188,436.1809997558594,137.89930725097656,193.38796997070312,59.000205993652344,243.63296508789062,463.2571716308594,116.8123779296875,92.0691909790039,407.93890380859375,109.3212890625,157.5313262939453,24.677457809448242,445.324462890625,42.931060791015625,513.5173950195312,471.5079650878906,64.39768981933594,109.10226440429688
2024-06-03,192.1979217529297,37.67362594604492,106.17342376708984,805.3746337890625,143.31375122070312,22.85814094543457,36.349002838134766,171.5376739501953,434.70965576171875,138.90533447265625,192.6149139404297,59.000205993652344,246.02928161621094,473.8356018066406,119.49215698242188,91.66454315185547,406.35675048828125,114.67301940917969,156.00978088378906,25.237136840820312,447.7156066894531,41.22841262817383,513.9361572265625,473.4782409667969,64.45645904541016,106.48775482177734
2024-06-04,192.514892578125,37.48469161987305,104.68158721923828,817.227294921875,142.10321044921875,22.710729598999023,36.032840728759766,172.15184020996094,435.0153503417969,138.96177673339844,190.07623291015625,59.94712829589844,248.8423614501953,473.3393859863281,119.76200103759766,90.88350677490234,408.86260986328125,116.1059341430664,158.43331909179688,25.39212417602539,448.94073486328125,40.61096954345703,514.5106811523438,481.14044189453125,65.22029876708984,104.83158111572266
2024-06-05,194.02052307128906,37.74919509887695,104.64427947998047,824.0524291992188,141.0565643310547,22.987131118774414,36.25320053100586,173.75657653808594,441.111083984375,137.24118041992188,188.26290893554688,59.928382873535156,246.25660705566406,491.2711486816406,120.45055389404297,90.95878601074219,416.6651306152344,122.09187316894531,158.0688934326172,25.44378662109375,457.9913024902344,40.67216873168945,520.625732421875,478.8846435546875,65.70014190673828,105.25028228759766
2024-06-06,192.64366149902344,37.50359344482422,104.61630249023438,832.2899169921875,141.9212188720703,23.125328063964844,36.396907806396484,175.0641326904297,437.69061279296875,137.6642608642578,187.92884826660156,60.144020080566406,246.9480438232422,489.9811096191406,121.44617462158203,91.13758850097656,417.166259765625,120.65396881103516,157.80465698242188,24.798004150390625,457.83319091796875,41.10525131225586,520.6157836914062,477.7424621582031,65.75889587402344,106.04115295410156
2024-06-07,195.0308837890625,37.807716369628906,104.42981719970703,835.1937255859375,142.05772399902344,22.793649673461914,35.889129638671875,172.81553649902344,434.6427307128906,138.28480529785156,190.83021545410156,59.91900634765625,242.67623901367188,489.18719482421875,121.58573913574219,91.41047668457031,416.5078430175781,120.54428100585938,157.06544494628906,24.60857391357422,457.4281311035156,41.94316864013672,519.98291015625,467.05340576171875,64.51520538330078,104.90601348876953
2024-06-10,191.29647827148438,37.70317077636719,105.64196014404297,837.9199829101562,142.65846252441406,22.8212890625,35.956199645996094,173.559326171875,433.3433532714844,138.3318328857422,190.5057373046875,59.618988037109375,240.4030303955078,498.75341796875,122.34874725341797,90.70471954345703,420.458251953125,121.44371795654297,152.3454132080078,24.16944694519043,459.2757263183594,42.34801483154297,521.5896606445312,471.1557922363281,65.57283782958984,105.21305084228516
2024-06-11,205.19400024414062,36.93333435058594,105.94963836669922,838.8780517578125,142.43092346191406,22.585573196411133,35.674781799316406,175.15599060058594,424.47674560546875,137.98391723632812,185.4951629638672,59.581485748291016,240.84823608398438,503.58612060546875,122.67438507080078,89.80133819580078,425.1849365234375,120.57611846923828,151.58322143554688,24.135007858276367,462.4276428222656,42.32918167114258,522.8457641601562,472.3169860839844,65.34759521484375,104.36637878417969
2024-06-12,211.05810546875,37.45606231689453,104.60697937011719,837.3963623046875,140.36485290527344,22.914262771606445,35.88753890991211,176.3162841796875,428.70941162109375,136.7146759033203,182.7942657470703,58.95333480834961,241.03765869140625,504.94561767578125,121.14840698242188,90.00836181640625,433.4197998046875,124.85427856445312,150.4445037841797,23.816417694091797,468.4844055175781,42.093807220458984,527.1400146484375,469.3188171386719,64.93629455566406,103.21263122558594
2024-06-13,212.217041015625,37.313507080078125,103.39485168457031,835.5692749023438,139.1088409423828,22.782787322998047,35.39433288574219,173.7080841064453,426.4641418457031,136.7522735595703,184.82711791992188,59.05645751953125,240.298828125,500.24200439453125,120.37610626220703,89.59431457519531,433.93072509765625,129.25209045410156,149.98538208007812,23.80780792236328,471.023681640625,41.24647521972656,528.2012939453125,473.3450012207031,65.31820678710938,102.38455200195312
2024-06-14,210.48361206054688,37.29449462890625,101.9962387084961,845.1598510742188,138.86306762695312,22.623136520385742,35.3363151550293,175.32455444335938,426.5692138671875,136.8369140625,184.94161987304688,59.09897232055664,240.1851806640625,500.7982177734375,120.47845458984375,89.8672103881836,434.9035339355469,131.51583862304688,150.42617797851562,23.70448112487793,473.46417236328125,40.48387145996094,528.5226440429688,473.1736755371094,65.631591796875,101.51925659179688
2024-06-17,214.6241455078125,37.551109313964844,102.13610076904297,857.24951171875,139.42738342285156,22.688875198364258,35.27829360961914,175.77085876464844,430.12347412109375,137.22238159179688,186.0869140625,59.16510772705078,240.11888122558594,503.25177001953125,119.34585571289062,91.31636810302734,440.60308837890625,130.6183319091797,152.56581115722656,23.230911254882812,479.2640380859375,41.07701110839844,532.7291259765625,467.63922119140625,66.02330780029297,100.82141876220703
2024-06-18,212.26658630371094,38.00730895996094,102.014892578125,860.0547485351562,139.5548095703125,22.94243621826172,35.31697463989258,173.63865661621094,437.0504455566406,136.9403076171875,188.0147705078125,59.174564361572266,237.54257202148438,496.15936279296875,119.80451202392578,91.81512451171875,438.6082458496094,135.2056121826172,152.8780059814453,23.601160049438477,479.4122619628906,41.839603424072266,534.0826416015625,459.8201904296875,66.19956970214844,101.77046203613281
2024-06-20,207.7001190185547,38.00730895996094,103.80510711669922,851.8466796875,142.56741333007812,22.97060775756836,35.3363151550293,174.83863830566406,437.642822265625,138.94293212890625,189.6085968017578,58.74938201904297,240.39356994628906,498.35467529296875,121.37706756591797,91.69278717041016,437.9794006347656,130.41885375976562,153.06166076660156,23.885299682617188,475.7169189453125,42.79991912841797,532.6317138671875,463.1370544433594,66.60108947753906,103.96627807617188
2024-06-21,205.53079223632812,37.532100677490234,103.8144302368164,837.8903198242188,141.32962036132812,22.886089324951172,35.287967681884766,178.1410369873047,430.12347412109375,139.85494995117188,187.34671020507812,59.30683517456055,245.68832397460938,491.48077392578125,122.35992431640625,90.48828887939453,441.9886779785156,126.22049713134766,153.61264038085938,23.885299682617188,474.4423522949219,42.988224029541016,531.917724609375,461.292236328125,66.50315856933594,103.05445861816406
2024-06-24,206.17465209960938,38.03582000732422,107.38555908203125,837.7421264648438,144.99754333496094,22.97060775756836,35.858524322509766,177.7344512939453,441.5028381347656,140.20281982421875,189.8090362548828,60.44063186645508,246.62600708007812,495.583251953125,124.45667266845703,91.37284088134766,439.9152526855469,117.78384399414062,154.34727478027344,24.41914939880371,469.0409851074219,44.70172119140625,530.188720703125,468.35614013671875,67.47264862060547,106.1155776977539
2024-06-25,207.09585571289062,37.427547454833984,107.21772766113281,845.0018920898438,144.22390747070312,23.026954650878906,35.80050277709961,182.5045623779297,437.0026550292969,138.3882598876953,189.0359649658203,60.31779861450195,243.78448486328125,507.1953125,124.41921997070312,92.03154754638672,443.1383972167969,125.74181365966797,153.67694091796875,24.100563049316406,474.4047546386719,44.73938751220703,532.230224609375,463.117919921875,66.02330780029297,106.41331481933594
2024-06-26,211.23641967773438,37.06638717651367,105.93099212646484,846.3155517578125,141.93939208984375,22.764005661010742,35.71346664428711,182.35580444335938,435.5503845214844,138.04037475585938,188.42514038085938,60.51622009277344,244.21066284179688,509.6985168457031,123.09003448486328,91.17521667480469,444.32745361328125,126.05097198486328,153.1167755126953,23.609769821166992,475.3844909667969,43.52486801147461,532.8945922851562,462.67828369140625,66.87528228759766,106.4505386352539
2024-06-27,212.07839965820312,37.30400085449219,106.26667785644531,840.171875,142.27618408203125,22.97060775756836,35.99391174316406,183.87310791015625,426.0914306640625,137.08132934570312,190.08578491210938,60.38393783569336,244.53274536132812,516.0955810546875,121.51748657226562,90.12128448486328,445.0054931640625,123.64762115478516,152.67596435546875,23.936962127685547,476.6116027832031,44.25922393798828,533.734619140625,464.97235107421875,66.47377014160156,106.90643310546875
2024-06-28,208.63124084472656,37.798213958740234,106.6489486694336,839.5497436523438,142.3671875,22.94243621826172,35.86819076538086,180.64013671875,432.16815185546875,137.41983032226562,193.03488159179688,60.13829040527344,241.3786163330078,500.85784912109375,115.88248443603516,91.45752716064453,439.207763671875,123.19886779785156,151.45462036132812,24.091951370239258,474.13751220703125,44.41927719116211,531.6343994140625,486.7852478027344,66.30728912353516,107.11113739013672
2024-07-01,214.70338439941406,38.026309967041016,106.63031005859375,835.2826538085938,142.45819091796875,22.8579158782959,35.71346664428711,181.47317504882812,443.0028991699219,137.68309020996094,196.07937622070312,59.788692474365234,236.7848358154297,501.3147277832031,119.72026824951172,93.31132507324219,448.81829833984375,123.95674896240234,149.58132934570312,24.298603057861328,476.91839599609375,43.854393005371094,532.7284545898438,472.82000732421875,66.08206176757812,106.96226501464844
2024-07-02,218.1901397705078,38.90070343017578,106.40653228759766,848.8045654296875,142.66754150390625,22.933046340942383,36.09061813354492,183.70452880859375,444.8659973144531,137.297607421875,199.30517578125,59.665870666503906,234.70103454589844,506.1026611328125,119.55178833007812,93.77243041992188,451.3241271972656,122.33125305175781,150.21493530273438,23.96279525756836,481.9259033203125,43.957942962646484,536.3135986328125,476.2515563964844,66.65984344482422,106.23654174804688
2024-07-03,219.45802307128906,38.8721923828125,107.0125961303711,852.06396484375,142.63113403320312,23.280515670776367,36.58382034301758,184.2797088623047,447.0731201171875,136.9779510498047,199.17156982421875,59.835941314697266,236.79428100585938,506.55950927734375,117.80138397216797,94.28998565673828,452.788330078125,127.92578125,149.31500244140625,23.850862503051758,485.9437561035156,44.54167556762695,538.7069091796875,468.2701110839844,66.8263168334961,106.77618408203125
2024-07-05,224.20278930664062,38.4064826965332,104.9426498413086,874.7914428710938,140.44674682617188,23.43077278137207,36.3807373046875,189.0200958251953,444.04437255859375,137.72068786621094,196.532470703125,60.24221420288086,237.8267059326172,536.3097534179688,118.36300659179688,93.7159652709961,459.460693359375,125.4825439453125,150.95877075195312,24.152219772338867,491.0106201171875,43.44012451171875,541.8134765625,466.4730529785156,68.58902740478516,105.4828872680664
2024-07-08,225.6688232421875,38.606075286865234,104.64427947998047,870.020751953125,140.4649658203125,23.224166870117188,36.4194221496582,187.4630889892578,444.11126708984375,136.7804718017578,196.8971405029297,59.48635482788086,234.75787353515625,525.7904663085938,117.7358627319336,94.65699005126953,458.1635437011719,127.84597778320312,148.87420654296875,24.048900604248047,492.1783142089844,43.53428268432617,542.4385986328125,467.744384765625,68.23648071289062,104.37567901611328
2024-07-09,226.52072143554688,39.36640930175781,103.67457580566406,875.9569091796875,139.2362518310547,23.26173210144043,36.303375244140625,187.41351318359375,451.7643127441406,138.256591796875,199.25794982910156,59.23125076293945,232.83511352539062,526.4659423828125,117.9792251586914,96.55785369873047,451.5796203613281,131.0172119140625,148.67218017578125,23.86808204650879,492.6039123535156,42.55513381958008,542.966064453125,470.39208984375,68.4519271850586,103.2219467163086
2024-07-10,230.78013610839844,39.6705436706543,104.92401123046875,873.4480590820312,141.1930694580078,23.609201431274414,36.86426544189453,189.5952606201172,457.554443359375,140.49424743652344,199.42111206054688,59.363529205322266,237.25840759277344,531.124755859375,119.15864562988281,97.35771942138672,458.17340087890625,134.53746032714844,150.22412109375,24.410539627075195,497.74005126953125,42.630455017089844,548.3389892578125,478.8228759765625,68.95136260986328,104.1337661743164
2024-07-11,225.4212188720703,39.73707962036133,106.28532409667969,836.1914672851562,141.3114013671875,23.72189712524414,37.11570358276367,184.03179931640625,457.8793029785156,140.7481231689453,199.085205078125,59.61862564086914,241.34075927734375,509.28125,120.72184753417969,98.46810150146484,446.8234558105469,127.0481948852539,150.5547332763672,24.677457809448242,486.82452392578125,43.487205505371094,543.61083984375,482.10150146484375,68.35400390625,105.37123107910156
2024-07-12,228.36314392089844,39.52798080444336,105.49278259277344,832.5467529296875,141.61175537109375,24.069364547729492,37.33812713623047,183.53594970703125,458.5002746582031,140.91737365722656,196.67640686035156,60.185523986816406,240.48828125,495.5434875488281,119.58922576904297,97.95054626464844,445.693359375,128.88311767578125,152.78616333007812,24.90133285522461,489.6844482421875,43.7037467956543,547.0397338867188,488.955078125,67.80559539794922,105.38984680175781
2024-07-15,232.1867218017578,39.8131103515625,106.82610321044922,838.3051147460938,143.8416290283203,23.984846115112305,37.328453063964844,184.9838409423828,470.30010986328125,140.31564331054688,201.5803680419922,59.911521911621094,238.24349975585938,492.8515930175781,119.92620086669922,99.05155181884766,446.0963134765625,128.08531188964844,150.47206115722656,25.056316375732422,491.0007019042969,45.15363693237305,548.544189453125,492.6255798339844,68.16793823242188,107.19486999511719
2024-07-16,232.60275268554688,41.94205093383789,107.40420532226562,840.320068359375,143.5959014892578,24.031801223754883,37.74428939819336,182.39544677734375,480.6093444824219,141.9797821044922,205.0064239501953,60.72407913208008,243.6802520751953,486.5240783691406,117.4176025390625,99.95491027832031,441.7331848144531,126.01107788085938,151.2985382080078,25.400737762451172,491.188720703125,45.869163513183594,551.7970581054688,524.647216796875,68.54006958007812,107.96713256835938
2024-07-17,226.71885681152344,41.79948806762695,108.23405456542969,835.88525390625,146.74505615234375,23.862760543823242,37.473514556884766,179.51953125,479.8067321777344,147.21670532226562,208.1253662109375,61.61221694946289,247.21328735351562,458.9093933105469,117.83881378173828,100.65126037597656,435.837158203125,117.6641845703125,156.0093994140625,25.857088088989258,476.7698669433594,46.03863525390625,544.0602416992188,547.9800415039062,69.55850982666016,109.45582580566406
2024-07-18,222.06321716308594,40.8775749206543,108.72822570800781,829.06005859375,147.4185791015625,23.581029891967773,37.18339920043945,176.21710205078125,464.5482177734375,146.1260986328125,201.51318359375,61.593318939208984,245.81141662597656,472.6769714355469,116.30370330810547,98.62808990478516,432.7417297363281,120.755615234375,156.45016479492188,25.581554412841797,474.51361083984375,45.869163513183594,539.8792114257812,539.4344482421875,69.35285949707031,110.5351333618164
2024-07-19,222.1919708251953,40.773033142089844,106.62098693847656,827.8353271484375,144.85191345214844,23.43077278137207,37.11570358276367,176.18736267089844,463.3252868652344,145.43972778320312,201.32125854492188,61.687801361083984,243.68975830078125,473.6107177734375,117.72649383544922,96.06851196289062,429.53814697265625,117.6043472290039,155.52268981933594,25.805423736572266,470.3077087402344,46.76357650756836,536.2940063476562,540.380859375,69.28433227539062,107.99504089355469
2024-07-22,221.84527587890625,40.202781677246094,104.72820281982422,837.01123046875,142.885986328125,23.505901336669922,37.37681198120117,180.16412353515625,465.3413391113281,145.0166473388672,201.8011016845703,61.19648361206055,245.8303985595703,484.1499328613281,117.651611328125,96.39786529541016,435.26715087890625,123.19886779785156,153.9615936279297,25.486841201782227,477.3142395019531,46.547027587890625,541.8232421875,533.8809814453125,68.92198181152344,107.25069427490234
2024-07-23,222.88536071777344,40.30732727050781,103.33891296386719,841.6435546875,140.2465057373047,23.374425888061523,37.12537384033203,180.28309631347656,470.2236022949219,143.2396697998047,201.84906005859375,61.37601089477539,240.63037109375,485.431396484375,116.42539978027344,97.39535522460938,437.1440734863281,122.25148010253906,152.6943359375,25.400737762451172,475.6319274902344,46.17985534667969,540.9733276367188,530.2199096679688,69.18639373779297,105.52010345458984
2024-07-24,216.47645568847656,40.098236083984375,103.59065246582031,820.6151733398438,141.13848876953125,22.961217880249023,36.79656982421875,171.1990509033203,465.0164489746094,146.93467712402344,200.17922973632812,62.17911148071289,239.98626708984375,458.1941833496094,117.86689758300781,95.9555892944336,421.47039794921875,113.93451690673828,154.42994689941406,25.814037322998047,458.5708312988281,45.21953582763672,528.7135009765625,535.0469970703125,69.13742065429688,107.0087890625
2024-07-25,215.43638610839844,39.61351776123047,103.52539825439453,805.927734375,143.3865509033203,22.848526000976562,36.74821853637695,165.89337158203125,469.80316162109375,150.09373474121094,200.25601196289062,62.42476272583008,238.17718505859375,450.38665771484375,117.80138397216797,97.45181274414062,411.15228271484375,111.96996307373047,157.04705810546875,25.98624610900879,453.51385498046875,45.407840728759766,525.958740234375,534.9801635742188,68.5694351196289,109.26043701171875
2024-07-26,215.90191650390625,39.60401153564453,103.36688232421875,808.7071533203125,143.65960693359375,23.17721176147461,37.06734848022461,165.61572265625,476.797119140625,151.033935546875,203.6820526123047,63.3506965637207,238.68865966796875,462.59466552734375,117.24909973144531,98.04466247558594,417.9032287597656,112.74779510498047,158.6357421875,26.868167877197266,458.1650695800781,45.97272872924805,531.8493041992188,544.5769653320312,68.33441925048828,109.1673812866211
2024-07-29,216.1792755126953,39.052772521972656,101.74449920654297,806.6893310546875,142.53102111816406,23.01756477355957,36.96097183227539,168.12474060058594,470.76824951171875,149.07830810546875,202.34812927246094,63.1428337097168,247.6110382080078,462.6046142578125,119.60794067382812,96.4355239868164,419.3379821777344,111.2818603515625,159.05813598632812,26.82451057434082,459.0853576660156,45.05949020385742,532.1619262695312,541.7381591796875,68.177734375,108.02296447753906
2024-07-30,216.7340087890625,39.23334884643555,102.48108673095703,801.2196044921875,145.2342071533203,23.16781997680664,37.08668899536133,168.87841796875,483.1412658691406,151.68267822265625,206.5131378173828,63.94594192504883,252.36587524414062,460.1014099121094,107.8792953491211,97.64002227783203,415.5940246582031,103.44355010986328,159.03057861328125,27.409549713134766,452.7815246582031,44.82411575317383,529.4658203125,550.8953857421875,67.75665283203125,109.94894409179688
2024-07-31,219.98304748535156,38.31144332885742,103.68389129638672,813.0593872070312,146.0533447265625,23.496509552001953,37.63791275024414,170.11810302734375,486.3515930175781,148.41078186035156,204.21949768066406,63.057796478271484,251.3808135986328,471.6637878417969,105.89486694335938,97.99606323242188,411.1031494140625,116.69685363769531,158.56227111816406,26.66733741760254,466.1810302734375,45.464324951171875,538.0719604492188,550.732666015625,67.21803283691406,110.33972930908203
2024-08-01,216.29818725585938,37.541603088378906,101.0638198852539,808.0050048828125,138.90858459472656,22.94243621826172,36.79656982421875,169.3445587158203,477.8385314941406,151.1467742919922,199.57467651367188,64.21049499511719,254.5538787841797,494.42095947265625,106.5407485961914,96.61932373046875,409.8846130371094,108.9084243774414,160.6651611328125,26.76338768005371,454.88946533203125,43.92970275878906,530.452392578125,547.492431640625,68.34420013427734,108.81382751464844
2024-08-02,217.78399658203125,35.716796875,98.62091064453125,813.1384887695312,135.20423889160156,22.557401657104492,35.974571228027344,165.2785186767578,449.67193603515625,154.32464599609375,191.11029052734375,65.5049057006836,262.0744934082031,484.88507080078125,107.83248138427734,91.00788116455078,401.4139099121094,106.9737777709961,163.4934844970703,26.571285247802734,444.0926818847656,42.30093765258789,520.576171875,563.799560546875,67.04175567626953,108.74868774414062
2024-08-05,207.29400634765625,34.83290100097656,97.50202178955078,793.1087646484375,131.66371154785156,21.796722412109375,35.31697463989258,157.92994689941406,438.5696105957031,151.60743713378906,187.04124450683594,64.3427734375,254.26974487304688,472.5578308105469,105.1273193359375,87.41883850097656,388.30499267578125,100.17262268066406,159.82032775878906,25.968780517578125,430.85150146484375,41.20881652832031,505.4151306152344,544.806396484375,66.1897964477539,106.78546905517578
2024-08-06,205.27322387695312,35.08952331542969,98.64888763427734,807.9950561523438,130.3621826171875,22.172367095947266,35.81984329223633,156.9779052734375,449.2705993652344,149.46380615234375,192.26190185546875,64.29552459716797,255.7946319580078,490.7953186035156,104.04150390625,88.27339172363281,392.6877746582031,103.96212768554688,158.39697265625,25.602039337158203,434.9683532714844,40.86046600341797,510.0748291015625,543.2674560546875,66.33668518066406,106.21792602539062
2024-08-07,207.8388214111328,35.45067596435547,99.70250701904297,801.4866943359375,129.61587524414062,22.125410079956055,35.80050277709961,157.62252807617188,451.93634033203125,149.39796447753906,192.31948852539062,64.68290710449219,255.1410675048828,485.65985107421875,105.29580688476562,87.45682525634766,391.5281982421875,98.6368637084961,157.754150390625,25.191638946533203,430.2576904296875,40.35206604003906,506.6654968261719,541.0977172851562,65.52387237548828,107.6321792602539
2024-08-08,211.2958526611328,36.315555572509766,100.95195770263672,830.2998046875,131.5089874267578,22.641921997070312,36.4194221496582,160.68692016601562,464.12786865234375,150.6390380859375,195.83189392089844,64.9380111694336,256.864990234375,506.2317199707031,106.63435363769531,89.8495101928711,395.71441650390625,104.68013000488281,158.28675842285156,25.11305046081543,443.4197082519531,41.133487701416016,518.3782348632812,541.2506103515625,66.25833892822266,109.68842315673828
2024-08-09,214.1981964111328,36.3820915222168,101.26895904541016,845.631103515625,131.96405029296875,22.81096076965332,36.58382034301758,162.31332397460938,468.4178161621094,151.01512145996094,197.50177001953125,64.8907699584961,253.7582244873047,514.3175048828125,107.22406768798828,89.9349594116211,398.9867248535156,104.46074676513672,158.30514526367188,24.929677963256836,445.73541259765625,41.001686096191406,520.6640625,534.1007080078125,66.54232025146484,110.5816421508789
2024-08-12,215.7254180908203,36.27753829956055,103.3351058959961,854.1771850585938,131.9913787841797,22.773395538330078,36.65151596069336,160.94476318359375,463.8698425292969,150.31936645507812,197.87600708007812,64.40889739990234,255.22637939453125,512.509521484375,106.22248840332031,90.04889678955078,399.7630615234375,108.71894836425781,157.41436767578125,24.842363357543945,446.69537353515625,41.331207275390625,520.9376831054688,540.3424072265625,67.27677917480469,110.72119140625
2024-08-13,219.43438720703125,36.55316162109375,101.7479248046875,855.4136352539062,131.19952392578125,23.1302547454834,37.16405487060547,162.79925537109375,470.02301025390625,148.91847229003906,199.55543518066406,64.68290710449219,256.0314636230469,525.0156860351562,107.07430267333984,91.8244400024414,406.83831787109375,115.81929016113281,158.28675842285156,25.191638946533203,457.77911376953125,41.20881652832031,529.5048217773438,548.8975219726562,66.71858978271484,109.66053009033203
2024-08-14,219.8806610107422,36.88581466674805,102.67768859863281,853.3265991210938,131.6728057861328,22.989391326904297,37.38648223876953,159.04066467285156,476.4818115234375,149.0030975341797,201.76272583007812,64.79627990722656,256.82708740234375,523.2476196289062,106.31608581542969,94.41654205322266,409.63897705078125,117.75394439697266,159.51730346679688,25.217832565307617,457.9275817871094,41.218223571777344,531.1751098632812,554.087890625,67.23762512207031,110.6746826171875
2024-08-15,222.85574340820312,37.09489822387695,104.46208953857422,867.8072509765625,133.61143493652344,23.195995330810547,37.81197738647461,159.9629669189453,476.7874450683594,149.57662963867188,203.01991271972656,64.8624267578125,260.3505859375,533.7470703125,106.0633544921875,95.555908203125,414.482421875,122.52073669433594,158.42453002929688,25.06939125061035,469.49627685546875,42.40449905395508,540.27978515625,554.0304565429688,71.66397857666016,111.359375
2024-08-16,224.17471313476562,37.38953399658203,104.41512298583984,861.120849609375,134.0392303466797,23.43077278137207,37.976383209228516,161.6092071533203,481.7940979003906,149.85870361328125,205.34231567382812,65.36318969726562,263.77935791015625,523.903076171875,106.40034484863281,96.31549072265625,411.9622497558594,124.2359848022461,158.51632690429688,24.711380004882812,470.09991455078125,42.159706115722656,541.4910278320312,552.1856689453125,72.13340759277344,110.83413696289062
2024-08-19,224.01605224609375,37.70317077636719,104.94103240966797,862.8617553710938,135.1344451904297,23.853370666503906,38.24715805053711,165.28846740722656,482.1953430175781,150.08433532714844,206.7626495361328,65.1742172241211,272.36077880859375,525.750732421875,107.10237121582031,96.60983276367188,414.9746398925781,129.64102172851562,159.61831665039062,25.14797592163086,476.2750549316406,42.705780029296875,546.66845703125,553.2373046875,72.39857482910156,111.17178344726562
2024-08-20,224.6309051513672,36.771759033203125,103.16605377197266,866.6698608398438,133.16490173339844,23.72189712524414,38.150455474853516,165.79421997070312,475.182373046875,150.5826416015625,205.87013244628906,65.55213928222656,270.5422668457031,523.2177124023438,107.77632904052734,95.6888427734375,418.19378662109375,126.89861297607422,161.48245239257812,25.23529815673828,475.2756042480469,41.45359802246094,545.7796020507812,555.024658203125,73.20387268066406,107.46698760986328
2024-08-21,224.52182006835938,36.82878875732422,102.95004272460938,871.8330078125,133.74472045898438,23.97545623779297,38.33419418334961,164.47525024414062,474.3415832519531,151.7766876220703,205.94688415527344,65.73165893554688,274.4066467285156,531.591552734375,108.60940551757812,95.6033706665039,417.5440368652344,128.14517211914062,160.89474487304688,25.348814010620117,477.4924011230469,41.61365509033203,547.6550903320312,552.5585327148438,73.89132690429688,106.78230285644531
2024-08-22,222.66734313964844,37.29449462890625,103.27874755859375,868.0150146484375,134.1220703125,23.73128890991211,38.16012191772461,162.4422607421875,475.5740966796875,152.6416778564453,207.89505004882812,65.5049057006836,273.93304443359375,528.383056640625,109.09615325927734,95.47993469238281,409.08758544921875,123.3982925415039,161.38143920898438,25.130517959594727,469.9217834472656,41.538326263427734,543.3568115234375,553.1798095703125,74.22522735595703,107.6076889038086
2024-08-23,224.95819091796875,37.798213958740234,104.6217269897461,869.6470947265625,135.86151123046875,24.322927474975586,38.88541793823242,164.24716186523438,486.72418212890625,154.3152313232422,209.50730895996094,65.93952178955078,274.2267150878906,524.479248046875,109.14295196533203,96.74274444580078,410.3083801269531,129.01275634765625,161.5008087158203,25.23529815673828,475.0183410644531,42.47981643676758,549.1302490234375,558.71435546875,74.34307861328125,109.09898376464844
2024-08-26,225.29534912109375,37.94077682495117,106.65030670166016,882.802490234375,136.67141723632812,24.294754028320312,39.0401496887207,164.78269958496094,485.2432861328125,154.7665557861328,210.33262634277344,66.93158721923828,273.43109130859375,517.6450805664062,108.83405303955078,97.16053009033203,407.0596618652344,126.11079406738281,161.59263610839844,25.252763748168945,470.4067077636719,42.93172836303711,547.8211669921875,561.2186889648438,74.66716003417969,111.43439483642578
2024-08-27,226.13832092285156,37.70317077636719,105.58905792236328,899.0142211914062,135.244873046875,24.24779510498047,39.02080154418945,163.31494140625,484.6604309082031,154.36865234375,211.30189514160156,67.55518341064453,274.3404541015625,515.6386108398438,109.04934692382812,96.92316436767578,407.40423583984375,127.94572448730469,160.9773712158203,25.16543960571289,471.8119812011719,42.40449905395508,548.5733642578125,561.4290161132812,74.76537322998047,110.37455749511719
2024-08-28,224.61109924316406,37.969295501708984,105.32610321044922,878.3909301757812,134.37054443359375,24.219623565673828,38.730690002441406,161.50010681152344,480.905517578125,155.2875518798828,212.3671417236328,67.79138946533203,271.88720703125,513.3340454101562,109.89180755615234,97.03709411621094,404.21466064453125,125.26315307617188,159.7101287841797,25.104318618774414,466.4580993652344,41.18056869506836,545.3887329101562,562.56640625,74.71627044677734,109.28656005859375
2024-08-29,227.8837127685547,38.17837905883789,107.41102600097656,876.9865112304688,135.6774444580078,24.46379280090332,38.904762268066406,160.43899536132812,487.3739013671875,155.58123779296875,213.2500457763672,68.07483673095703,272.6543884277344,514.7645874023438,109.94795227050781,97.4168930053711,406.6954345703125,117.26528930664062,158.02964782714844,25.078121185302734,465.7752380371094,41.59482192993164,545.4376220703125,565.4627075195312,75.0501708984375,110.7966079711914
2024-08-30,227.1002655029297,38.7296257019043,106.86632537841797,882.6738891601562,136.16522216796875,24.294754028320312,39.15619659423828,162.02572631835938,490.4013977050781,157.1254119873047,215.7356414794922,68.47167205810547,273.4122009277344,517.8339233398438,110.8746337890625,98.3758773803711,410.6529541015625,119.04037475585938,158.75511169433594,25.331348419189453,471.3270263671875,41.41594314575195,550.6444091796875,564.1532592773438,75.84566497802734,110.61841583251953
2024-09-03,220.9219512939453,38.68210983276367,103.16605377197266,869.0140380859375,133.13729858398438,23.947280883789062,38.479251861572266,156.05560302734375,468.4978332519531,158.35693359375,211.4170684814453,68.98186492919922,272.01171875,508.3475341796875,109.12423706054688,94.2551040649414,403.0727233886719,107.70177459716797,163.0343475341797,24.711380004882812,457.0171203613281,39.81541442871094,539.3126831054688,572.2589721679688,75.78672790527344,108.30175018310547
2024-09-04,219.01785278320312,38.49201583862305,101.95452880859375,880.3395385742188,130.7536163330078,23.91910743713379,38.57596206665039,155.15316772460938,471.55419921875,158.54641723632812,210.48617553710938,68.55670166015625,274.4029235839844,509.32098388671875,108.39411926269531,95.09066009521484,402.5410461425781,105.9167251586914,163.93431091308594,24.789968490600586,455.82958984375,39.15679931640625,538.2088012695312,577.5162353515625,75.85547637939453,106.9792709350586
2024-09-05,220.53518676757812,38.14986801147461,100.91207885742188,876.3434448242188,129.70437622070312,24.022411346435547,38.469581604003906,155.9365997314453,468.9015808105469,156.30125427246094,208.854736328125,67.2433853149414,274.3457946777344,513.41357421875,111.00567626953125,94.53047180175781,402.0389709472656,106.9139633178711,164.6505889892578,24.894750595092773,456.2550964355469,39.06203842163086,536.8997802734375,569.2097778320312,75.58049011230469,106.14451599121094
2024-09-06,218.98812866210938,37.07846450805664,99.56907653808594,867.1446533203125,127.52317810058594,23.590421676635742,38.01506423950195,149.6689910888672,460.9532470703125,155.72335815429688,203.8931884765625,67.21504211425781,275.81298828125,496.93414306640625,110.30364990234375,91.71049499511719,395.4530334472656,102.5460433959961,164.09075927734375,24.938411712646484,444.0332946777344,38.493446350097656,527.8636474609375,570.5383911132812,75.2662353515625,105.64742279052734
2024-09-09,219.07740783691406,37.757659912109375,99.17464447021484,886.7391357421875,129.1245880126953,24.00362777709961,38.44057083129883,147.6730194091797,469.5647277832031,157.83592224121094,208.06777954101562,67.88587188720703,277.5087585449219,501.42401123046875,108.02906036376953,93.22018432617188,399.4105529785156,106.17598724365234,164.8772735595703,25.680625915527344,449.7433776855469,38.29444122314453,533.7736206054688,567.8809814453125,75.95368194580078,107.87029266357422
2024-09-10,218.2840118408203,37.57590103149414,97.67200469970703,884.5630493164062,127.21945190429688,23.900325775146484,38.24715805053711,147.62338256835938,448.958740234375,158.5653533935547,197.27142333984375,67.60242462158203,277.4896545410156,501.42401123046875,107.95417785644531,91.7389907836914,407.7586364746094,107.80148315429688,164.525634765625,25.968780517578125,453.8998107910156,37.517372131347656,536.0987548828125,572.5935668945312,77.39734649658203,103.94041442871094
2024-09-11,220.81285095214844,37.30804443359375,96.3290023803711,890.6066284179688,126.89734649658203,24.05058479309082,38.730690002441406,150.10592651367188,452.8415832519531,156.14016723632812,198.87408447265625,67.15836334228516,276.4989013671875,508.4170837402344,107.37381744384766,92.1282730102539,416.461181640625,116.58716583251953,162.64730834960938,25.898923873901367,463.7564697265625,37.49842071533203,541.5985107421875,563.7229614257812,77.42678833007812,102.90870666503906
2024-09-12,220.9219512939453,37.097591400146484,96.63892364501953,905.0775146484375,128.12142944335938,24.46379280090332,39.06916046142578,153.61134338378906,455.6191101074219,155.9696502685547,198.26950073242188,67.30007934570312,278.5185852050781,522.0952758789062,107.8792953491211,91.75797271728516,420.3595886230469,118.8211669921875,164.00747680664062,25.46232795715332,468.3086853027344,37.71637725830078,546.1605224609375,562.45166015625,78.23209381103516,104.32495880126953
2024-09-13,220.65419006347656,36.97323226928711,97.20242309570312,906.0369873046875,129.40989685058594,24.3792724609375,39.20454406738281,156.36199951171875,460.3573303222656,156.80331420898438,196.08140563964844,67.93270874023438,282.5008544921875,521.1217041015625,108.45027923583984,93.28663635253906,423.893798828125,118.7812728881836,164.1092529296875,25.558380126953125,470.4067077636719,37.86799621582031,549.0130004882812,568.0914306640625,79.1552505493164,104.24993133544922
2024-09-16,214.5254669189453,37.40371322631836,99.127685546875,897.995361328125,130.77200317382812,24.745525360107422,39.45598220825195,156.95779418945312,466.2873229980469,158.1959228515625,199.4786834716797,68.58910369873047,282.6532287597656,530.2294311523438,111.15470886230469,95.03368377685547,424.632080078125,116.46748352050781,163.97047424316406,26.25693702697754,468.32843017578125,38.284969329833984,549.8238525390625,565.1368408203125,79.115966796875,105.71307373046875
2024-09-17,214.9915313720703,37.83418655395508,101.70096588134766,887.5108032226562,131.98687744140625,24.604658126831055,39.339935302734375,158.2090301513672,466.5083923339844,158.27169799804688,200.81263732910156,68.30370330810547,279.85235595703125,533.2520141601562,111.46566772460938,94.79631042480469,428.3828430175781,115.28067016601562,163.65586853027344,26.0473690032959,468.5758972167969,39.32737731933594,550.0484619140625,554.412353515625,77.19109344482422,107.09182739257812
2024-09-18,218.8592071533203,37.901145935058594,102.0108871459961,882.8123168945312,132.49307250976562,24.557701110839844,39.15619659423828,158.69564819335938,465.7298889160156,157.40011596679688,199.1619873046875,68.25614166259766,278.2137145996094,534.8726806640625,111.79547119140625,94.28360748291016,424.1103210449219,113.06661224365234,162.11990356445312,25.97751235961914,466.54718017578125,39.251556396484375,548.4171752929688,556.9927978515625,77.61338806152344,107.46698760986328
2024-09-19,226.97132873535156,39.09691619873047,103.8234634399414,890.94287109375,133.44100952148438,25.186904907226562,39.794456481933594,161.0093536376953,484.2310791015625,156.14016723632812,201.9930419921875,67.18116760253906,279.9476623535156,555.9016723632812,110.46682739257812,95.64136505126953,431.8677978515625,117.55458068847656,161.61097717285156,25.898923873901367,478.34344482421875,40.51193618774414,557.775634765625,553.5586547851562,76.64112854003906,108.79884338378906
2024-09-20,226.306884765625,38.522953033447266,103.184814453125,897.114990234375,134.07603454589844,24.895782470703125,39.755775451660156,162.4492645263672,479.0411682128906,155.51492309570312,202.57843017578125,68.15149688720703,282.78662109375,558.1387939453125,110.4102783203125,97.29345703125,428.5009460449219,115.68958282470703,158.39096069335938,25.68935775756836,477.4330139160156,40.18973922729492,556.811279296875,551.5729370117188,77.64285278320312,108.1141586303711
2024-09-23,224.59124755859375,38.14030456542969,103.01577758789062,907.105224609375,135.78787231445312,25.02725601196289,39.98786163330078,160.72140502929688,478.06085205078125,154.62442016601562,202.91432189941406,68.23711395263672,284.9111328125,561.1812744140625,108.9591293334961,97.29345703125,426.76837158203125,115.94888305664062,159.2515106201172,25.593307495117188,478.69854736328125,40.65408706665039,558.2027587890625,550.0477294921875,78.89007568359375,110.07441711425781
2024-09-24,225.48379516601562,37.738529205322266,102.28324127197266,891.734130859375,135.70506286621094,25.24325180053711,40.28765106201172,161.1583251953125,478.6471252441406,154.20758056640625,203.0582733154297,67.8565902709961,286.0638732910156,560.1075439453125,108.3277816772461,97.39790344238281,422.495849609375,120.54653930664062,157.22512817382812,25.759214401245117,481.007568359375,40.729888916015625,559.7999267578125,551.7551879882812,79.22399139404297,109.78366088867188
2024-09-25,224.4920654296875,37.54720687866211,99.29673767089844,898.5393676757812,132.5022430419922,24.830045700073242,40.05556106567383,160.36392211914062,472.03472900390625,152.14242553710938,201.71475219726562,67.97074127197266,286.25439453125,565.0589599609375,108.1110610961914,97.17001342773438,425.39007568359375,123.17947387695312,156.74395751953125,25.261491775512695,481.45355224609375,39.62115478515625,558.5652465820312,552.82958984375,79.94091033935547,107.64519500732422
2024-09-26,225.63253784179688,37.80548858642578,96.08483123779297,891.6353149414062,130.67996215820312,25.32777214050293,40.28765106201172,161.59524536132812,477.5898742675781,152.89080810546875,201.32125854492188,67.92317962646484,289.283935546875,564.5917358398438,106.56565856933594,99.31585693359375,424.6025390625,123.70806121826172,157.01229858398438,25.296419143676758,485.0707092285156,39.014652252197266,560.77978515625,551.3906860351562,78.48743438720703,105.7975082397461
2024-09-27,225.90029907226562,37.69069290161133,98.34819030761719,875.9873657226562,133.90118408203125,25.40289878845215,40.08456802368164,162.80674743652344,479.11810302734375,152.9002685546875,202.01223754882812,68.29420471191406,289.322021484375,564.1144409179688,107.13105010986328,98.85060119628906,421.3637390136719,121.07513427734375,157.2991485595703,25.40120506286621,482.3751525878906,40.076019287109375,559.966552734375,558.143798828125,78.3499526977539,108.63001251220703
2024-09-30,231.0670623779297,37.95854949951172,98.87411499023438,876.8775634765625,135.53939819335938,25.459245681762695,40.15226364135742,164.69351196289062,475.8503112792969,153.52554321289062,202.35772705078125,68.36078643798828,290.103271484375,569.1653442382812,107.00856018066406,98.97403717041016,423.6082458496094,121.1150131225586,157.34539794921875,25.270225524902344,483.68328857421875,39.753822326660156,562.21044921875,560.8585815429688,79.30256652832031,109.94310760498047
2024-10-01,224.33340454101562,37.51850509643555,102.71526336669922,867.8369750976562,137.77584838867188,25.271425247192383,40.268314361572266,165.82554626464844,471.1024475097656,153.45921325683594,198.69171142578125,68.21809387207031,288.6456604003906,573.1723022460938,108.12047576904297,99.14495086669922,414.14776611328125,116.68689727783203,158.57606506347656,25.034461975097656,476.94439697265625,40.88151550292969,557.1738891601562,559.5347290039062,79.81324005126953,112.48487854003906
2024-10-02,224.898681640625,37.52806854248047,103.64501190185547,868.9744873046875,138.92625427246094,25.262035369873047,40.2296257019043,164.70343017578125,472.8516540527344,152.68240356445312,198.93165588378906,67.55217742919922,289.3887634277344,569.5332641601562,105.61393737792969,99.23989868164062,410.64306640625,118.53195190429688,156.8827667236328,24.982072830200195,477.6183166503906,41.63963317871094,557.4090576171875,568.177734375,78.98829650878906,113.97616577148438
2024-10-03,223.79786682128906,37.54720687866211,105.57967376708984,866.1456298828125,139.20237731933594,25.00847625732422,40.05556106567383,164.70343017578125,467.1907958984375,152.0476837158203,196.9547119140625,67.08602905273438,289.09344482421875,579.436279296875,103.82353973388672,99.28736114501953,410.0622863769531,122.52124786376953,155.93896484375,24.746309280395508,477.26153564453125,42.53990173339844,556.3899536132812,568.5997924804688,78.98829650878906,114.97036743164062
2024-10-04,224.91851806640625,38.369895935058594,107.57067108154297,873.5046997070312,138.73300170898438,24.848825454711914,40.29732131958008,165.89503479003906,475.8983459472656,151.84872436523438,203.94537353515625,66.7530746459961,289.3887634277344,592.5308837890625,103.43720245361328,102.43016815185547,409.5897216796875,124.58570861816406,155.42079162597656,24.955873489379883,482.9400939941406,43.08006286621094,561.446044921875,567.1129150390625,79.4891586303711,117.0806884765625
2024-10-07,219.8509063720703,38.22639846801758,107.7397232055664,864.0882568359375,139.08270263671875,24.764307022094727,40.06523132324219,161.84349060058594,475.3793640136719,151.12875366210938,203.6653594970703,65.64956665039062,286.6164245605469,581.4347534179688,102.32527160644531,102.20228576660156,403.171142578125,127.37821197509766,154.71759033203125,25.497255325317383,477.7669982910156,43.203250885009766,556.370361328125,559.7841796875,77.68212890625,117.58717346191406
2024-10-08,223.8970489501953,38.19770050048828,104.05824279785156,880.7352294921875,136.90150451660156,24.689178466796875,39.78478240966797,163.23374938964844,477.2535400390625,151.2803497314453,203.49156188964844,65.81129455566406,287.6167297363281,589.4984130859375,102.25930786132812,102.05986022949219,408.26068115234375,132.5343780517578,157.68775939941406,25.47979164123535,484.90228271484375,41.82916259765625,561.6322631835938,557.8848266601562,78.28119659423828,114.4638900756836
2024-10-09,227.63577270507812,38.4464225769043,104.2178955078125,899.2118530273438,137.7298126220703,24.623437881469727,39.99753952026367,160.7313232421875,485.5285949707031,152.18978881835938,206.06959533691406,66.18228912353516,289.4554443359375,587.132080078125,103.90835571289062,103.53156280517578,410.96795654296875,132.2950439453125,159.64935302734375,26.361717224121094,488.7176513671875,41.8955078125,565.5223388671875,567.1321411132812,78.95883178710938,114.51078033447266
2024-10-10,227.13990783691406,38.235965728759766,105.05376434326172,883.9102172851562,138.62252807617188,24.71735191345215,40.03622055053711,160.94979858398438,484.1253662109375,152.05712890625,205.5095977783203,65.87787628173828,289.655517578125,580.4902954101562,103.08854675292969,102.62004852294922,409.37310791015625,134.44924926757812,160.06576538085938,25.619503021240234,488.16265869140625,42.26508712768555,564.5327758789062,573.3480834960938,78.18299865722656,115.49560546875
2024-10-11,225.66229248046875,40.13006591796875,103.76709747314453,879.3602905273438,139.3588104248047,24.88639259338379,40.2296257019043,162.10169982910156,496.21600341796875,152.95712280273438,214.6341094970703,66.18228912353516,290.60821533203125,586.5752563476562,103.3995132446289,104.87982177734375,409.84564208984375,134.43927001953125,161.74977111816406,25.46232795715332,488.92572021484375,42.4356575012207,567.913330078125,573.683837890625,78.6642074584961,115.93641662597656
2024-10-14,229.38119506835938,40.091800689697266,102.80917358398438,880.0823364257812,139.69015502929688,24.914566040039062,40.23930358886719,163.80972290039062,502.41510009765625,153.08973693847656,213.85202026367188,66.91478729248047,295.18109130859375,587.04248046875,103.36181640625,106.6078872680664,412.621826171875,137.70053100585938,162.9434051513672,25.392473220825195,493.0285949707031,42.3598518371582,572.5579223632812,580.7343139648438,78.85081481933594,116.37724304199219
2024-10-15,231.9100341796875,40.31182098388672,98.80836486816406,884.8794555664062,135.96273803710938,24.764307022094727,40.113582611083984,164.3061981201172,502.0594787597656,155.45809936523438,214.73065185546875,66.91478729248047,298.5155029296875,582.916259765625,105.09565734863281,106.5509033203125,412.2280578613281,131.2478485107422,162.7583465576172,25.70682144165039,486.4383239746094,40.70146560668945,568.1093139648438,533.625244140625,80.1864242553711,112.8788070678711
2024-10-16,229.857177734375,40.94319534301758,98.76142120361328,877.7282104492188,136.88307189941406,24.848825454711914,40.4907341003418,164.00833129882812,509.24859619140625,155.6286163330078,215.93760681152344,67.13359832763672,298.1153869628906,573.490478515625,104.04969787597656,113.47264862060547,409.64874267578125,135.35678100585938,161.44442749023438,25.907655715942383,486.497802734375,41.393245697021484,570.5785522460938,548.0620727539062,79.7641372680664,113.16954803466797
2024-10-17,230.22412109375,40.751869201660156,99.69116973876953,875.6610717773438,139.15634155273438,24.848825454711914,40.50040817260742,161.79385375976562,508.4220275878906,155.80860900878906,216.6907196044922,66.49622344970703,299.8111572265625,573.6297607421875,103.4183578491211,113.40617370605469,410.2394714355469,136.56356811523438,161.6202392578125,25.558380126953125,486.834716796875,41.6870231628418,570.62744140625,542.9683837890625,79.4400405883789,112.8788070678711
2024-10-18,233.05050659179688,40.4840087890625,99.2403793334961,879.8844604492188,138.74220275878906,24.942737579345703,40.65513610839844,162.2804412841797,507.9414367675781,156.42437744140625,217.6080322265625,67.00992584228516,301.5831604003906,573.1723022460938,102.4289321899414,114.94432830810547,411.6570129394531,137.6306915283203,161.9810791015625,25.51471710205078,490.02581787109375,39.72538757324219,572.822509765625,546.402587890625,79.8525161743164,112.55992126464844
2024-10-21,234.51821899414062,39.94831085205078,98.60175323486328,877.124755859375,138.86184692382812,24.61404800415039,40.3940315246582,162.92591857910156,497.6576843261719,154.25498962402344,215.3196563720703,66.0681381225586,299.9921875,571.8698120117188,100.205078125,112.30477905273438,412.2673645019531,143.32542419433594,161.9348602294922,25.261491775512695,490.9672546386719,40.20869064331055,571.8818359375,548.1867065429688,79.36148071289062,112.62555694580078
2024-10-22,233.90335083007812,40.46488571166992,98.61115264892578,883.7716674804688,138.89865112304688,24.548311233520508,40.442378997802734,163.9884490966797,498.13824462890625,154.84231567382812,216.4010772705078,66.0681381225586,299.8016357421875,578.6806640625,100.48776245117188,112.34275817871094,420.8616943359375,143.2057342529297,161.3426055908203,25.182907104492188,491.5023498535156,39.73487091064453,571.5780029296875,546.642333984375,80.54978942871094,113.20706176757812
2024-10-23,228.8456573486328,40.50314712524414,98.15097045898438,889.3900146484375,138.4936981201172,24.266578674316406,40.15226364135742,161.64491271972656,497.08099365234375,157.1254119873047,215.71554565429688,64.69825744628906,284.4443359375,560.4654541015625,100.24276733398438,112.30477905273438,417.9969177246094,139.1865234375,160.02874755859375,25.200368881225586,483.97064208984375,39.92439651489258,566.355224609375,541.6351318359375,81.77738189697266,112.80375671386719
2024-10-24,228.65725708007812,40.79970169067383,98.01948547363281,883.7025756835938,138.46609497070312,24.407445907592773,40.074893951416016,161.5853271484375,504.0970458984375,155.0507354736328,217.23146057128906,64.02284240722656,287.3118591308594,564.5321044921875,99.77162170410156,113.14981079101562,418.1249084472656,140.0342559814453,159.29776000976562,25.008270263671875,487.8951416015625,39.09046173095703,567.5801391601562,537.9610595703125,81.551513671875,112.16597747802734
2024-10-25,229.49029541015625,40.07267379760742,98.19790649414062,881.5264892578125,138.79739379882812,24.219623565673828,39.80412292480469,164.11756896972656,492.6599426269531,152.40768432617188,214.65341186523438,63.66133499145508,278.76629638671875,569.970703125,97.98123931884766,110.9754867553711,421.49169921875,141.1612091064453,158.9553985595703,24.842363357543945,490.8681335449219,39.554813385009766,567.3841552734375,541.558349609375,81.03101348876953,112.07217407226562
2024-10-28,231.46376037597656,40.770992279052734,96.9770278930664,881.2693481445312,138.5489501953125,24.322927474975586,40.06523132324219,165.55743408203125,503.212890625,153.08973693847656,217.7335662841797,63.42351150512695,282.7485046386719,574.8526611328125,98.21681213378906,113.11181640625,419.9559631347656,140.1439666748047,157.15110778808594,25.200368881225586,490.9473876953125,39.2231330871582,569.13818359375,542.2105712890625,81.26670837402344,111.51880645751953
2024-10-29,231.73153686523438,40.684898376464844,96.09422302246094,877.3424072265625,136.6898193359375,24.153884887695312,39.91050338745117,168.4967803955078,503.8856201171875,151.65928649902344,215.2230682373047,62.3675651550293,281.0431823730469,589.88623046875,97.74566650390625,113.27325439453125,425.23260498046875,140.87200927734375,154.98590087890625,24.851091384887695,495.6646728515625,38.31339645385742,570.0592041015625,539.227294921875,80.23553466796875,109.9993896484375
2024-10-30,228.19114685058594,40.47445297241211,96.71407318115234,869.5284423828125,136.25726318359375,24.022411346435547,39.8718147277832,173.24346923828125,504.0010070800781,152.1519012451172,216.6810760498047,62.71002197265625,277.7278137207031,588.4146118164062,98.7822036743164,111.96295928955078,425.80364990234375,138.96710205078125,153.7922821044922,24.903484344482422,491.91864013671875,38.04805374145508,568.3346557617188,540.0234985351562,79.93109130859375,109.44600677490234
2024-10-31,224.035888671875,40.00570297241211,102.87492370605469,864.6718139648438,136.9659423828125,23.806415557861328,39.291587829589844,169.9168243408203,497.6480407714844,151.44137573242188,214.27684020996094,62.129730224609375,278.2899475097656,564.3331298828125,96.4169921875,111.25001525878906,400.0307312011719,132.40472412109375,153.6719970703125,24.711380004882812,479.5012512207031,37.97224044799805,557.1934814453125,541.500732421875,80.48104095458984,109.5304183959961
2024-11-01,221.060791015625,39.94831085205078,101.2783432006836,868.9207763671875,140.87741088867188,23.900325775146484,39.330265045166016,170.09556579589844,499.14739990234375,151.69715881347656,215.26173400878906,61.84435272216797,281.2432556152344,563.91552734375,96.00238037109375,111.82420349121094,403.9881591796875,135.0376739501953,153.2186279296875,24.52800750732422,483.0490417480469,37.678470611572266,559.545166015625,544.4361572265625,80.71675109863281,107.81401062011719
2024-11-04,220.16824340820312,39.53696823120117,102.23628234863281,877.5970458984375,141.70570373535156,23.928497314453125,39.55269241333008,168.0598602294922,491.57391357421875,149.9066925048828,212.2105712890625,61.93947982788086,278.9949645996094,557.47265625,95.99295806884766,111.14474487304688,402.10791015625,135.68592834472656,153.91258239746094,24.23985481262207,481.641845703125,38.20914840698242,558.3399047851562,535.0449829101562,80.97208404541016,111.24681854248047
2024-11-05,221.59629821777344,40.06310272216797,102.56498718261719,881.6578369140625,141.19032287597656,24.294754028320312,39.99753952026367,168.55636596679688,506.46142578125,150.0109100341797,213.86166381835938,62.18681335449219,283.2534484863281,569.1553955078125,95.78565979003906,112.74290466308594,405.061279296875,139.5355987548828,155.30978393554688,24.440690994262695,487.78607177734375,38.42710494995117,565.0912475585938,543.927734375,82.18003845214844,111.57508850097656
2024-11-06,220.8723602294922,43.43996047973633,106.7160415649414,890.6510009765625,145.15699768066406,24.144495010375977,40.210289001464844,175.27915954589844,572.7965087890625,149.56564331054688,238.551025390625,60.5981330871582,280.0904846191406,568.777587890625,94.91874694824219,125.83452606201172,413.6456604003906,145.22035217285156,152.4043426513672,23.890581130981445,501.03594970703125,41.47854232788086,579.142578125,572.3792114257812,81.94434356689453,113.48844909667969
2024-11-07,225.59288024902344,42.82772445678711,105.56088256835938,905.1905517578125,144.28269958496094,24.858217239379883,40.771183013916016,179.48959350585938,559.5236206054688,148.47621154785156,228.2388458251953,60.560089111328125,280.71929931640625,588.3152465820312,95.3333511352539,122.91571044921875,418.8139953613281,148.4816131591797,151.7473907470703,23.977895736694336,508.92437744140625,40.976287841796875,583.6205444335938,580.7823486328125,82.34699249267578,113.62913513183594
2024-11-08,225.3248291015625,43.172115325927734,105.53251647949219,934.7750244140625,144.429931640625,24.360490798950195,40.31666564941406,177.10633850097656,566.3379516601562,147.28257751464844,228.8181610107422,60.80742263793945,284.82537841796875,585.9686279296875,96.98238372802734,123.95882415771484,415.9689025878906,147.2349090576172,152.77447509765625,23.694133758544922,509.5190124511719,40.91942596435547,586.148681640625,590.7202758789062,83.30943298339844,113.59161376953125
2024-11-11,222.61448669433594,44.08089828491211,105.96754455566406,923.9595336914062,144.0341796875,24.351099014282227,40.4907341003418,179.0924072265625,578.9091186523438,146.87521362304688,231.04859924316406,60.27469253540039,287.2642517089844,579.8340454101562,94.91874694824219,127.77720642089844,411.5094299316406,144.87127685546875,151.98797607421875,23.26849365234375,509.2217102050781,41.971317291259766,586.7071533203125,599.7756958007812,82.70053100585938,112.9913558959961
2024-11-12,222.61448669433594,43.87043762207031,104.63407897949219,923.4642333984375,142.92054748535156,23.947280883789062,40.858219146728516,180.353515625,569.538330078125,144.6016082763672,231.309326171875,60.12248229980469,284.5204772949219,581.474609375,92.89276885986328,126.6192626953125,416.4513244628906,147.89317321777344,152.06198120117188,23.22415542602539,508.3000183105469,42.009220123291016,584.8846435546875,589.626708984375,83.466552734375,112.8788070678711
2024-11-13,223.49806213378906,43.8800048828125,105.75003051757812,924.80126953125,146.07733154296875,23.95667266845703,40.75183868408203,177.63262939453125,571.10498046875,145.17001342773438,232.85418701171875,59.932220458984375,283.2820129394531,576.68212890625,92.81739044189453,127.04989624023438,418.587646484375,145.87857055664062,152.43211364746094,23.694133758544922,507.6459655761719,41.30796432495117,585.1687622070312,581.1852416992188,83.96742248535156,113.92926788330078
2024-11-14,226.57574462890625,43.90870666503906,106.79032135009766,915.0553588867188,148.91201782226562,24.00362777709961,40.693817138671875,174.3556365966797,565.713134765625,143.8721466064453,233.53973388671875,59.50413131713867,284.4347839355469,573.8584594726562,92.68546295166016,126.73409271240234,420.25128173828125,146.3672637939453,152.81149291992188,23.073406219482422,504.1180114746094,41.175289154052734,581.4061279296875,568.9833984375,82.95588684082031,114.00492095947266
2024-11-15,223.37893676757812,44.721824645996094,106.222900390625,898.3963012695312,148.56228637695312,24.013017654418945,40.345672607421875,171.28721618652344,570.451416015625,145.88998413085938,236.8612823486328,58.733577728271484,278.7852783203125,550.910400390625,90.75373077392578,128.2939910888672,408.54620361328125,141.60003662109375,146.76934814453125,21.991561889648438,492.10693359375,40.91942596435547,573.9590454101562,568.1009521484375,82.73982238769531,112.82289123535156
2024-11-18,226.377197265625,44.69313049316406,107.58473205566406,910.71728515625,149.46412658691406,24.34170913696289,40.64546203613281,174.07760620117188,565.1173706054688,146.61944580078125,236.5908966064453,58.847740173339844,277.3277282714844,551.2285766601562,90.98929595947266,128.02603149414062,409.2944030761719,139.77493286132812,146.5010223388672,22.044769287109375,495.52587890625,41.213199615478516,576.3108520507812,565.6260986328125,82.57286834716797,113.76850128173828
2024-11-19,226.63528442382812,44.39657974243164,106.95108032226562,921.2555541992188,148.38563537597656,24.548311233520508,40.887229919433594,176.87789916992188,558.764404296875,144.94264221191406,234.71771240234375,59.54218292236328,276.9752502441406,557.88037109375,90.970458984375,126.5522689819336,411.2928161621094,146.6165771484375,145.01132202148438,22.257591247558594,498.9349365234375,40.84361267089844,578.41748046875,553.4915161132812,85.04769897460938,112.17985534667969
2024-11-20,227.35011291503906,44.06175994873047,107.27263641357422,919.2053833007812,149.99407958984375,24.398056030273438,40.81953048706055,174.75286865234375,559.2930297851562,145.046875,232.48728942871094,59.92271423339844,277.1467590332031,562.284912109375,91.81854248046875,126.02591705322266,409.0285949707031,145.4995880126953,146.88038635253906,22.11570930480957,498.6476135253906,41.251102447509766,578.613525390625,576.0339965820312,85.61730194091797,113.77796936035156
2024-11-21,226.8735809326172,44.44440841674805,105.8257064819336,946.51171875,150.27301025390625,24.642221450805664,41.52548599243164,166.46109008789062,572.9214477539062,147.3109893798828,236.33021545410156,60.65521240234375,274.8221130371094,559.8689575195312,94.09893035888672,129.18399047851562,407.26287841796875,146.27749633789062,148.36085510253906,22.28419303894043,500.4413757324219,41.75335693359375,581.7196044921875,573.1466064453125,86.80561065673828,115.30043029785156
2024-11-22,228.21385192871094,44.96098327636719,105.68384552001953,954.791748046875,150.9517059326172,24.71735191345215,41.554500579833984,163.61109924316406,579.33203125,146.99835205078125,239.98968505859375,60.80742263793945,276.5465393066406,555.9414672851562,93.4581527709961,128.8968963623047,411.3368225097656,141.57012939453125,149.89682006835938,22.74530601501465,501.2440490722656,41.914451599121094,583.5226440429688,566.7963256835938,88.81887817382812,115.16803741455078
2024-11-25,231.19224548339844,45.439292907714844,100.34053039550781,951.7015991210938,149.0922393798828,24.71735191345215,41.477134704589844,166.48094177246094,579.5723266601562,147.5762481689453,241.66973876953125,61.245018005371094,282.1768493652344,561.8772583007812,95.32392883300781,127.91120147705078,413.1025085449219,135.65599060058594,150.8683624267578,23.2064208984375,502.036865234375,41.45957946777344,585.5020141601562,581.1469116210938,87.89571380615234,113.4469985961914
2024-11-26,233.366455078125,45.678443908691406,100.98362731933594,962.210205078125,151.10975646972656,24.388662338256836,41.19668960571289,167.940673828125,581.9461059570312,147.5571746826172,241.3607940673828,61.4067497253418,282.3102722167969,570.259033203125,95.75738525390625,125.633544921875,422.17755126953125,136.5535888671875,150.0448455810547,22.85171890258789,504.732421875,41.20372009277344,588.5591430664062,582.0677490234375,89.67326354980469,111.55574798583984
2024-11-27,233.2373809814453,45.69758224487305,101.56051635742188,952.355224609375,150.7192840576172,24.651613235473633,41.41910934448242,168.04994201660156,581.87890625,148.3975067138672,241.18695068359375,61.29258728027344,281.1194152832031,565.9439697265625,97.17085266113281,125.56656646728516,417.24542236328125,134.97781372070312,150.56304931640625,22.904922485351562,500.7584533691406,41.374298095703125,586.7757568359375,583.5929565429688,90.2330551147461,111.26260375976562
2024-11-29,235.62010192871094,45.44886016845703,102.45893859863281,962.5864868164062,150.5519256591797,24.820653915405273,41.82527542114258,167.7718963623047,584.8967895507812,148.02505493164062,241.11940002441406,61.42198944091797,282.00543212890625,571.0346069335938,95.77622985839844,125.94935607910156,417.7090759277344,137.88003540039062,151.2384796142578,23.24188995361328,505.15850830078125,41.63963317871094,590.4208374023438,585.3388671875,90.84192657470703,111.54629516601562
2024-12-02,237.86380004882812,44.999244689941406,100.37836456298828,965.6765747070312,150.812255859375,24.75491714477539,41.68021011352539,170.29417419433594,581.1685791015625,147.82452392578125,237.76889038085938,61.00982666015625,280.2803039550781,589.438720703125,94.80564880371094,125.39431762695312,425.1269836425781,138.25901794433594,150.8683624267578,22.89605712890625,510.6585998535156,41.34587097167969,591.4791870117188,583.727294921875,90.97943115234375,111.44226837158203
2024-12-03,240.90176391601562,44.788787841796875,100.29325866699219,972.75830078125,150.54263305664062,24.689178466796875,41.58351135253906,170.14523315429688,581.52587890625,145.49449157714844,236.3881378173828,60.885215759277344,282.25457763671875,610.1396484375,95.97410583496094,124.82968139648438,425.3439025878906,139.88467407226562,149.6192169189453,22.665498733520508,512.2244873046875,41.36482238769531,591.7535400390625,580.5712890625,91.8338394165039,111.27205657958984
2024-12-04,241.25917053222656,44.35831069946289,97.89112854003906,981.4443359375,147.19558715820312,24.53891944885254,41.54482650756836,173.15406799316406,578.2709350585938,143.68966674804688,235.0170440673828,59.629547119140625,282.820068359375,610.2689208984375,95.52182006835938,124.3990478515625,431.4795227050781,144.7515869140625,148.2128143310547,22.372867584228516,518.5570068359375,40.759246826171875,595.427978515625,585.9047241210938,92.7569808959961,108.06637573242188
2024-12-05,241.28895568847656,44.96098327636719,98.77064514160156,972.8672485351562,148.1345977783203,24.501354217529297,41.85429000854492,171.43614196777344,576.4261474609375,142.782470703125,237.02542114257812,60.31010055541992,287.0179138183594,605.4467163085938,97.57604217529297,124.7148666381836,436.6088562011719,144.68177795410156,148.4996337890625,22.789644241333008,517.1200561523438,40.07261657714844,594.4481201171875,555.3811645507812,93.59176635742188,108.53919219970703
2024-12-06,241.09039306640625,44.970603942871094,97.61688232421875,983.1182250976562,144.3319854736328,24.13510513305664,41.46746826171875,173.4917449951172,579.207763671875,142.58192443847656,238.84066772460938,59.936279296875,286.5483093261719,620.2018432617188,97.142578125,124.37035369873047,437.5459899902344,142.06863403320312,147.24452209472656,22.816247940063477,521.748046875,39.061737060546875,595.5750122070312,527.22705078125,93.98457336425781,107.39497375488281
2024-12-09,244.97222900390625,44.16257095336914,97.56014251708984,978.4136352539062,146.04270935058594,24.435619354248047,41.29339599609375,174.34669494628906,573.837646484375,142.85885620117188,235.41293334960938,60.00337219238281,288.83892822265625,610.06005859375,97.80220031738281,123.04969787597656,439.9626770019531,138.4480743408203,148.81224060058594,23.14434814453125,517.6848754882812,39.26200485229492,592.5079956054688,539.8414306640625,92.14810180664062,106.76140594482422
2024-12-10,245.98487854003906,44.00865936279297,96.80355834960938,983.9006958007812,145.96832275390625,24.022411346435547,41.12899398803711,184.0895233154297,565.0579833984375,142.50552368164062,234.4956512451172,60.30052185058594,288.20635986328125,615.7772216796875,95.17314910888672,121.33667755126953,437.3092041015625,134.71783447265625,149.1575164794922,22.674365997314453,515.9209594726562,38.97591018676758,590.6658325195312,544.2420654296875,92.85519409179688,106.54391479492188
2024-12-11,244.71409606933594,44.32610321044922,96.64278411865234,985.1784057617188,145.2338409423828,24.069364547729492,41.351417541503906,194.2598419189453,572.3308715820312,140.03221130371094,235.142578125,60.04172134399414,283.7880859375,629.060791015625,93.99526977539062,122.10226440429688,442.8923645019531,138.94677734375,146.29269409179688,22.372867584228516,525.1571044921875,39.633934020996094,595.2320556640625,513.7555541992188,93.25784301757812,105.8346939086914
2024-12-12,246.1735076904297,44.32610321044922,95.4322738647461,978.9385375976562,143.83924865722656,23.665550231933594,40.761512756347656,190.83990478515625,571.413330078125,139.6502685546875,233.21144104003906,61.19194030761719,284.29608154296875,627.1815185546875,95.40872955322266,122.40850067138672,443.45458984375,136.98190307617188,148.2803192138672,22.49701499938965,521.7679443359375,39.19524383544922,592.1650390625,496.6441650390625,92.40343475341797,105.74012756347656
2024-12-13,246.34230041503906,43.931705474853516,95.53629302978516,979.889404296875,143.05824279785156,23.571638107299805,40.62612533569336,188.71240234375,565.4924926757812,140.01312255859375,231.67620849609375,60.501808166503906,284.2673034667969,616.80126953125,96.11546325683594,121.9204330444336,441.1956787109375,133.8999786376953,147.41250610351562,22.6832332611084,525.76171875,38.35603713989258,592.0474853515625,501.189208984375,92.76564025878906,104.81341552734375
2024-12-16,249.23130798339844,43.739322662353516,94.1650161743164,983.3757934570312,138.86517333984375,23.618595123291016,40.42304229736328,195.51248168945312,566.3135375976562,137.36795043945312,231.32862854003906,59.955448150634766,285.3311767578125,621.169677734375,95.0421371459961,123.48033142089844,445.45703125,131.65582275390625,145.5928192138672,22.390605926513672,533.3330078125,38.031795501708984,594.5755004882812,480.0238342285156,93.3758773803711,102.57228088378906
2024-12-17,251.6537322998047,43.33530807495117,92.92613220214844,972.6890258789062,137.70297241210938,23.682575225830078,40.17805480957031,194.2797088623047,555.061279296875,139.81260681152344,230.150634765625,60.77019500732422,283.7688903808594,616.393310546875,95.0421371459961,122.24580383300781,448.2880554199219,130.05001831054688,145.70480346679688,23.43697738647461,530.9843139648438,37.125816345214844,592.1257934570312,467.5249328613281,93.91722869873047,102.13729095458984
2024-12-18,246.2628631591797,41.84429931640625,90.64694213867188,955.5147705078125,133.95614624023438,22.899520874023438,39.05110549926758,187.3006591796875,531.4652099609375,138.22740173339844,222.43580627441406,60.243003845214844,278.7851257324219,594.2528076171875,93.40838623046875,115.833984375,431.4498596191406,128.57388305664062,144.10906982421875,22.958126068115234,511.8279724121094,35.599971771240234,574.4784545898438,481.1986083984375,92.0766830444336,100.63374328613281
2024-12-19,247.99032592773438,41.72886276245117,90.0133056640625,945.6697998046875,131.23202514648438,22.75628089904785,38.84531784057617,187.41001892089844,535.0775146484375,137.11012268066406,224.93661499023438,59.85960006713867,278.16217041015625,592.6407470703125,94.52921295166016,115.31721496582031,431.0947570800781,130.33926391601562,141.34690856933594,22.85171890258789,509.5487060546875,35.199432373046875,574.302001953125,471.11669921875,91.92903137207031,99.77322387695312
2024-12-20,252.6564483642578,42.48880386352539,89.95657348632812,944.94677734375,132.81259155273438,22.698986053466797,39.12950134277344,190.29310607910156,546.7742309570312,137.9600067138672,229.4167938232422,59.955448150634766,280.5102844238281,582.3714599609375,93.13292694091797,118.1307601928711,430.6706237792969,134.34877014160156,142.57867431640625,23.37490463256836,513.9984130859375,35.12314224243164,581.199951171875,481.5934753417969,90.78729248046875,100.11363983154297
2024-12-23,253.43084716796875,42.219459533691406,91.14816284179688,940.8265380859375,132.92416381835938,23.014116287231445,39.345096588134766,193.4943389892578,551.29443359375,138.7239532470703,230.17959594726562,59.79249954223633,279.1781005859375,596.8995971679688,94.38673400878906,119.09732055664062,429.3389587402344,139.30581665039062,141.17892456054688,23.68526840209961,519.006103515625,35.5332145690918,584.6802978515625,487.5732727050781,88.92706298828125,100.52027130126953
2024-12-24,256.3397521972656,42.6908073425293,91.83853912353516,949.6513061523438,133.73301696777344,23.109609603881836,39.64888000488281,194.96566772460938,562.8944091796875,139.27783203125,233.96458435058594,60.233421325683594,281.76580810546875,604.7608032226562,94.46273040771484,121.59506225585938,433.3634948730469,139.85440063476562,142.59735107421875,23.711870193481445,526.043701171875,35.98143005371094,591.1790771484375,487.3421630859375,91.22036743164062,100.61483001708984
2024-12-26,257.15380859375,42.854339599609375,91.63048553466797,946.9969482421875,133.86318969726562,23.22420310974121,39.60968017578125,194.4586639404297,561.3875732421875,139.02000427246094,234.76602172851562,59.9746208190918,282.5421447753906,600.3824462890625,94.86166381835938,122.52334594726562,432.1601257324219,139.56515502929688,142.25209045410156,23.552255630493164,525.6864013671875,35.98143005371094,591.2184448242188,492.2049865722656,91.32864379882812,100.6999282836914
2024-12-27,253.74851989746094,42.65232849121094,91.65885162353516,930.7141723632812,133.88177490234375,22.97591781616211,39.413692474365234,191.6352081298828,556.5100708007812,138.51388549804688,232.86387634277344,59.85960006713867,281.41119384765625,596.8599243164062,94.70018768310547,121.3079605102539,424.68304443359375,136.6527557373047,142.67201232910156,23.6054630279541,518.6983642578125,36.04818344116211,584.9949951171875,491.08795166015625,90.21644592285156,100.69048309326172
2024-12-30,250.3829803466797,42.23869705200195,91.81961822509766,913.3914184570312,133.01715087890625,22.889972686767578,39.28629684448242,190.1240997314453,553.9698486328125,136.88092041015625,231.07757568359375,59.4570198059082,277.558349609375,588.3319702148438,93.4368896484375,120.3414077758789,419.0604553222656,137.1315155029297,141.58021545410156,23.428110122680664,511.7997741699219,36.05772399902344,578.3192138671875,488.9791259765625,89.14360046386719,100.00962829589844
2024-12-31,248.6157684326172,42.27717971801758,93.78672790527344,907.50830078125,134.66275024414062,22.784931182861328,39.492088317871094,188.19540405273438,553.071533203125,138.10325622558594,231.4541473388672,59.67747497558594,277.8363342285156,582.6302490234375,94.49121856689453,120.31269073486328,415.77569580078125,133.93988037109375,141.89747619628906,23.525651931762695,507.4521179199219,36.56315994262695,576.21533203125,487.1110534667969,88.92706298828125,101.72120666503906
2025-01-02,242.09312438964844,42.6042366027832,94.64732360839844,901.1099853515625,136.40135192871094,22.832674026489258,39.541080474853516,188.3246612548828,555.3413696289062,137.53028869628906,231.73414611816406,59.274898529052734,280.34735107421875,596.2926025390625,94.19676208496094,119.41311645507812,412.89532470703125,137.94937133789062,140.17112731933594,23.596590042114258,506.4595031738281,36.620384216308594,574.7994384765625,485.8110656738281,88.58257293701172,101.475341796875
2025-01-03,241.60665893554688,43.10444259643555,95.60249328613281,907.8153076171875,137.46127319335938,23.109609603881836,39.77627182006836,190.67086791992188,560.3251953125,137.69264221191406,234.9011688232422,59.188636779785156,282.5229797363281,601.6561889648438,94.16826629638672,120.52323150634766,417.6005859375,144.0933074951172,139.6485137939453,23.578859329223633,514.7477416992188,36.801578521728516,581.9864501953125,493.9864196777344,89.35028076171875,101.99544525146484
2025-01-06,243.23483276367188,43.6719856262207,94.56221008300781,913.88671875,136.9127197265625,23.233753204345703,40.00165939331055,195.72125244140625,563.4739379882812,137.18650817871094,233.7559356689453,58.287628173828125,280.03106689453125,627.1004028320312,94.71919250488281,123.10710144042969,422.0394592285156,149.0404052734375,136.49444580078125,23.844881057739258,520.663818359375,36.96369552612305,585.3390502929688,494.6316223144531,89.99005889892578,101.88196563720703
2025-01-07,240.46495056152344,44.32610321044922,96.15101623535156,912.5595092773438,139.07899475097656,23.128707885742188,39.766475677490234,194.34930419921875,560.3156127929688,139.6407012939453,236.00759887695312,58.31637954711914,277.30914306640625,614.8510131835938,95.9539794921875,121.42279052734375,416.63385009765625,139.77459716796875,135.6825714111328,24.057706832885742,511.3728332519531,37.54542541503906,578.7222900390625,495.19012451171875,89.37982177734375,102.83705139160156
2025-01-08,240.95140075683594,44.45115280151367,96.10372161865234,918.5021362304688,139.73910522460938,23.262399673461914,39.98206329345703,192.8182830810547,560.218994140625,135.85916137695312,235.9687957763672,59.15029525756836,274.9706115722656,607.7161865234375,94.84266662597656,122.36065673828125,418.7941589355469,139.7446746826172,136.74639892578125,23.818283081054688,511.4623107910156,37.01137924194336,579.5678100585938,505.0794982910156,90.35423278808594,101.11601257324219
2025-01-10,235.14353942871094,43.39302444458008,96.38743591308594,927.9805908203125,142.37954711914062,22.737180709838867,39.21770095825195,190.91944885253906,540.8824462890625,135.6586151123047,232.8048095703125,58.536842346191406,270.5714416503906,612.8309326171875,94.27275848388672,118.14031982421875,413.2603759765625,135.55563354492188,133.10704040527344,23.694133758544922,503.4419860839844,36.83018493652344,570.7192993164062,501.39141845703125,91.53532409667969,100.7472152709961
2025-01-13,232.71121215820312,43.34492492675781,98.57205200195312,915.8577270507812,144.43426513671875,22.804027557373047,39.04130935668945,189.89544677734375,543.7317504882812,137.9600067138672,237.0169677734375,59.0927848815918,271.83660888671875,605.3379516601562,95.91600036621094,118.6571044921875,411.5242614746094,132.88262939453125,134.8427276611328,23.765077590942383,501.82403564453125,38.003177642822266,571.604248046875,521.08349609375,90.08847045898438,103.34768676757812
2025-01-14,231.59927368164062,44.03751754760742,99.18675994873047,908.4591064453125,145.8753662109375,22.899520874023438,39.26669692993164,188.5532989501953,552.018798828125,138.22740173339844,240.1809539794922,59.466609954833984,269.8718566894531,591.3272705078125,94.6526870727539,119.260009765625,410.0248718261719,131.4164581298828,135.26268005371094,23.419240951538086,501.3475341796875,38.022247314453125,572.3906860351562,523.5870971679688,89.36013793945312,103.75431823730469
2025-01-15,236.15621948242188,45.307281494140625,99.75420379638672,914.6690063476562,147.20489501953125,23.252851486206055,39.68807601928711,194.40895080566406,585.2348022460938,138.43748474121094,244.91720581054688,59.20780563354492,270.5618896484375,614.084716796875,95.07062530517578,124.9349594116211,420.5204162597656,135.88479614257812,135.10403442382812,23.250757217407227,512.8817138671875,38.756568908691406,582.802490234375,523.2789306640625,89.90147399902344,105.44699096679688
2025-01-16,226.61544799804688,44.86478805541992,99.87714385986328,910.9549560546875,148.1811065673828,23.233753204345703,39.59988021850586,191.78436279296875,592.0634155273438,141.11131286621094,246.7806854248047,59.66789627075195,268.1083679199219,608.2933349609375,95.65003967285156,129.96873474121094,418.8138427734375,133.22174072265625,136.74639892578125,23.490184783935547,509.2884216308594,39.18571853637695,581.6817016601562,491.6657409667969,89.86211395263672,105.2673110961914
2025-01-17,228.32305908203125,44.75897216796875,100.1041030883789,934.1707763671875,150.12425231933594,23.147808074951172,39.73707580566406,194.85630798339844,604.5713500976562,140.4046630859375,251.52664184570312,60.10881042480469,269.2680358886719,609.756103515625,93.00943756103516,131.9401092529297,423.2033996582031,137.3509521484375,138.3421173095703,23.321697235107422,517.8843994140625,41.56032180786133,587.521728515625,490.86651611328125,90.49202728271484,106.21295166015625
2025-01-21,221.03594970703125,44.884029388427734,98.61932373046875,938.6673583984375,147.1212158203125,23.682575225830078,40.403438568115234,196.89437866210938,613.0709228515625,141.4741973876953,255.28262329101562,59.830841064453125,270.8590087890625,613.4280395507812,91.4136962890625,131.3946533203125,422.68060302734375,140.46282958984375,138.62205505371094,23.62319564819336,520.9217529296875,41.71290588378906,592.8995971679688,505.5320739746094,91.61408233642578,105.40916442871094
2025-01-22,222.21737670898438,44.04713821411133,97.46554565429688,935.6664428710938,145.4197998046875,23.596630096435547,40.236854553222656,197.21249389648438,611.1295776367188,138.7239532470703,255.0982666015625,59.21738815307617,269.6513671875,620.4332885742188,90.88178253173828,130.1505584716797,440.1402587890625,146.68655395507812,138.1927947998047,23.064538955688477,527.582275390625,39.70069122314453,596.232666015625,500.4573059082031,91.76171875,103.57464599609375
2025-01-23,222.04856872558594,44.62430191040039,98.3450698852539,933.1506958007812,145.04788208007812,23.634828567504883,40.6190299987793,196.82476806640625,617.66845703125,140.03221130371094,258.11669921875,58.97775650024414,272.6033020019531,633.3196411132812,91.78414154052734,131.8731231689453,440.643310546875,146.83615112304688,138.68740844726562,23.445844650268555,528.703857421875,40.082149505615234,599.4868774414062,510.1349182128906,92.33256530761719,104.16092681884766
2025-01-24,221.17494201660156,44.749359130859375,96.30231475830078,930.6943359375,144.71319580078125,23.78761863708496,40.81502151489258,199.04176330566406,615.1572265625,140.20411682128906,257.0393371582031,59.35158157348633,273.59051513671875,644.3053588867188,90.75830078125,131.8922576904297,438.02935791015625,142.24813842773438,139.15396118164062,23.51795768737793,525.716064453125,40.291954040527344,597.7367553710938,512.7733764648438,93.26760864257812,102.751953125
2025-01-27,228.2039337158203,45.29766082763672,97.11563110351562,956.0198974609375,146.18215942382812,23.74942398071289,40.481842041015625,190.69076538085938,611.6607666015625,146.00057983398438,258.0195617675781,61.220699310302734,280.90325927734375,656.6344604492188,93.0284423828125,130.7725830078125,428.6583251953125,118.11123657226562,144.27706909179688,24.21204948425293,510.41009521484375,40.568519592285156,589.2816162109375,523.3753051757812,95.86603546142578,104.17984008789062
2025-01-28,236.5433807373047,45.05717468261719,95.87673950195312,949.5027465820312,145.2338409423828,23.67302703857422,40.53083801269531,194.16041564941406,616.0264282226562,143.60369873046875,259.2716064453125,59.7733268737793,279.0439147949219,671.013427734375,92.56301879882812,132.58128356933594,441.126708984375,128.65370178222656,140.2084503173828,24.112890243530273,517.9539184570312,39.40505599975586,594.3449096679688,522.3739013671875,95.75777435302734,102.16566467285156
2025-01-29,237.63548278808594,44.970603942871094,96.0469741821289,954.8017578125,144.75038146972656,23.529783248901367,40.658233642578125,194.26974487304688,615.6207885742188,144.3389892578125,258.72808837890625,60.22384262084961,278.0471496582031,673.1626586914062,93.35139465332031,132.74398803710938,436.3228454589844,123.37747955322266,140.32041931152344,23.995710372924805,516.9812622070312,39.042659759521484,591.6805419921875,518.1560668945312,95.96446228027344,102.76140594482422
2025-01-30,235.8782501220703,44.94174575805664,95.95242309570312,969.6483154296875,145.33612060546875,23.825817108154297,40.942413330078125,199.69790649414062,623.6567993164062,145.98150634765625,260.3294982910156,61.39323425292969,278.2484436035156,683.6209716796875,93.98778533935547,133.92108154296875,409.35406494140625,124.32499694824219,141.7481689453125,24.25712013244629,519.1847534179688,39.11896514892578,594.856201171875,525.3492431640625,97.09635925292969,103.61247253417969
2025-01-31,234.29966735839844,44.53772735595703,93.46517944335938,970.5099487304688,138.70712280273438,23.501136779785156,40.393646240234375,202.8295135498047,618.5377197265625,145.29393005371094,259.4268493652344,60.84687805175781,276.6957702636719,685.790283203125,93.86431884765625,133.35751342773438,409.4231262207031,119.75694274902344,140.61903381347656,23.905567169189453,518.4302978515625,38.41325759887695,591.6903686523438,522.3834838867188,96.61407470703125,101.02145385742188
2025-02-03,226.36721801757812,44.45115280151367,93.13418579101562,996.2118530273438,138.8465576171875,23.38654327392578,39.766475677490234,200.05580139160156,610.7817993164062,145.0265350341797,258.9512939453125,60.72226333618164,277.9896240234375,694.0296020507812,94.7856674194336,132.13406372070312,405.33941650390625,116.3558349609375,140.2270965576172,23.617115020751953,514.2813110351562,38.2988166809082,587.70849609375,527.8624877929688,97.97233581542969,101.26731872558594
2025-02-04,231.12274169921875,44.93212127685547,95.12017822265625,1012.0885620117188,142.45391845703125,23.66347885131836,40.49163818359375,205.17578125,612.530029296875,146.57357788085938,260.04803466796875,60.07046890258789,277.72125244140625,700.7265014648438,86.18951416015625,131.7583465576172,406.76971435546875,118.34064483642578,133.9002227783203,23.31964874267578,520.59423828125,39.3096923828125,591.6510620117188,525.2337036132812,99.1829605102539,103.98126983642578
2025-02-05,230.7951202392578,45.31690216064453,94.770263671875,1032.907470703125,142.24009704589844,23.88311195373535,40.90321731567383,190.21356201171875,623.4154052734375,147.719482421875,262.4646911621094,60.501808166503906,276.8203430175781,701.4031372070312,85.17317962646484,133.8391876220703,407.6772155761719,124.50452423095703,135.92520141601562,23.833454132080078,522.9566650390625,39.18965530395508,594.0499877929688,519.8028564453125,100.84634399414062,103.9056167602539
2025-02-06,231.53968811035156,45.92292022705078,94.5149154663086,1040.9400634765625,141.2266845703125,23.997705459594727,40.96201705932617,190.4820098876953,635.7493286132812,146.5926513671875,268.7441101074219,60.73185348510742,282.12042236328125,708.4881591796875,83.63441467285156,135.91043090820312,410.1728820800781,128.34446716308594,135.63592529296875,23.283588409423828,525.6864013671875,38.45983123779297,596.1146240234375,510.3948669433594,101.2302017211914,102.5344467163086
2025-02-07,225.989990234375,45.595863342285156,93.02068328857422,1034.9708251953125,141.89608764648438,23.806718826293945,40.81502151489258,184.25852966308594,633.508544921875,146.22021484375,267.6764831542969,61.19194030761719,282.0628967285156,711.0057373046875,82.90303039550781,134.8507080078125,404.18524169921875,129.50144958496094,134.9174041748047,23.20246124267578,519.0557250976562,38.56546401977539,590.6580200195312,507.4964294433594,99.55697631835938,102.96944427490234
2025-02-10,226.25831604003906,44.893638610839844,94.07989501953125,1052.927734375,144.8247528076172,23.959508895874023,41.17760467529297,185.3819122314453,628.3219604492188,147.28976440429688,263.0567321777344,61.872493743896484,295.5958251953125,713.87158203125,82.06716918945312,132.278564453125,406.6217346191406,133.22174072265625,134.70278930664062,23.31964874267578,525.3388671875,39.573768615722656,594.6693725585938,513.6015014648438,101.2990951538086,104.93635559082031
2025-02-11,231.19793701171875,45.00907516479492,96.1888427734375,1049.3778076171875,146.37741088867188,23.911762237548828,41.22660446166992,184.23861694335938,625.1442260742188,149.09461975097656,266.890380859375,64.79597473144531,297.3113708496094,716.2596435546875,82.20014190673828,132.740966796875,405.8523254394531,132.4537353515625,135.90655517578125,23.013166427612305,524.0882568359375,40.12113952636719,595.12158203125,514.1310424804688,100.85618591308594,105.59828186035156
2025-02-12,235.42196655273438,44.45115280151367,93.05851745605469,1056.1005859375,144.01588439941406,24.121849060058594,41.118804931640625,182.5386199951172,626.8441162109375,148.26380920410156,267.3368225097656,65.85993957519531,294.80987548828125,721.812255859375,81.37377166748047,132.08587646484375,403.48492431640625,130.79806518554688,134.3668212890625,22.959077835083008,524.3958740234375,39.80424499511719,593.2044067382812,507.8527526855469,101.97822570800781,102.42117309570312
2025-02-13,240.05348205566406,44.56658935546875,91.63994598388672,1067.7410888671875,144.9270477294922,24.50382423400879,41.66758346557617,185.05386352539062,626.7958984375,150.16412353515625,268.1811828613281,66.61715698242188,297.1292724609375,724.9766235351562,80.18645477294922,131.82579040527344,404.96453857421875,134.93724060058594,134.9174041748047,23.112319946289062,531.9398193359375,40.40922546386719,599.4672241210938,511.4926452636719,103.39555358886719,103.16535949707031
2025-02-14,243.104736328125,45.172607421875,91.7734146118164,1062.7735595703125,146.02688598632812,24.322385787963867,41.3245964050293,184.149169921875,637.9998168945312,149.11367797851562,268.4432373046875,66.0133056640625,295.7203674316406,733.0467529296875,78.84716796875,133.85845947265625,402.8831787109375,138.48797607421875,133.80691528320312,23.013166427612305,534.1732177734375,40.09233093261719,599.4376831054688,504.1069030761719,102.4014663696289,103.27031707763672
2025-02-18,242.97552490234375,44.75897216796875,92.907958984375,1047.08740234375,146.7977294921875,24.274639129638672,41.58918380737305,182.6976776123047,649.242431640625,149.19070434570312,271.70428466796875,66.18584442138672,292.1551208496094,712.8464965820312,79.11312866210938,135.55398559570312,404.0767517089844,139.03652954101562,134.469482421875,23.040206909179688,535.3841552734375,40.956600189208984,601.1976318359375,482.1712341308594,102.14555358886719,105.08307647705078
2025-02-19,243.37306213378906,44.25876235961914,94.92914581298828,1053.54248046875,147.8035888671875,23.911762237548828,41.383392333984375,184.18893432617188,645.34033203125,151.98219299316406,271.0248718261719,67.16352844238281,289.3852233886719,700.30859375,81.30728149414062,135.5347137451172,409.1370849609375,138.8669891357422,136.065185546875,23.33767318725586,535.5330810546875,40.5052604675293,602.6133422851562,492.0990905761719,102.36209106445312,105.23574829101562
2025-02-20,244.3271942138672,43.57579040527344,97.24588775634766,1026.0670166015625,149.27003479003906,23.959508895874023,41.37359619140625,183.4830780029297,620.334228515625,153.7052001953125,258.94158935546875,67.13477325439453,290.4490966796875,691.4224853515625,83.28297424316406,129.41737365722656,411.30169677734375,139.7446746826172,139.1352996826172,23.34668731689453,533.260009765625,40.9085807800293,600.1062622070312,483.798583984375,95.67903137207031,106.85768127441406
2025-02-21,244.04891967773438,43.10444259643555,93.3751220703125,1026.265380859375,147.5121612548828,23.443838119506836,40.7170295715332,178.6116485595703,604.2429809570312,156.22718811035156,256.45703125,68.39041900634766,292.1358947753906,680.1880493164062,85.01170349121094,126.86449432373047,403.47357177734375,134.07948303222656,143.24122619628906,23.70725440979004,522.1923217773438,40.08272933959961,589.842041015625,449.1328430175781,93.28730010986328,105.60784149169922
2025-02-24,245.58944702148438,42.76776123046875,94.21409606933594,1026.8304443359375,148.4239959716797,23.520233154296875,40.55043411254883,178.20404052734375,604.7645263671875,157.61331176757812,253.6424102783203,67.66195678710938,294.78118896484375,664.8438110351562,86.69293212890625,125.20751953125,399.3124084472656,129.94032287597656,143.56784057617188,24.022750854492188,516.0283203125,39.88106155395508,587.157958984375,444.4144592285156,92.19477844238281,106.16120147705078
2025-02-25,245.52978515625,42.267555236816406,92.5551986694336,1046.7205810546875,147.0421600341797,23.434289932250977,40.521034240722656,174.3964080810547,593.9179077148438,159.87538146972656,249.81845092773438,68.52462005615234,297.8001708984375,654.26611328125,86.84491729736328,124.85107421875,393.2832336425781,126.2998275756836,145.96609497070312,24.103878021240234,509.52667236328125,39.381710052490234,584.2379150390625,452.94610595703125,96.15147399902344,104.69190216064453
2025-02-26,238.89064025878906,42.267555236816406,91.64947509765625,1023.231201171875,145.83888244628906,23.338796615600586,40.59943771362305,171.72210693359375,596.6802368164062,156.9779815673828,251.16754150390625,67.86324310302734,291.618408203125,670.3865356445312,84.897705078125,126.2479476928711,395.09197998046875,130.9376983642578,141.3842315673828,23.815425872802734,510.7574768066406,38.98799133300781,584.5328979492188,446.40771484375,94.68492889404297,104.4343032836914
2025-02-27,235.84934997558594,42.44070053100586,92.83168029785156,1013.0580444335938,147.2771453857422,22.98546600341797,39.98206329345703,167.5167999267578,587.2437744140625,157.60366821289062,251.4198455810547,67.93034362792969,297.06219482421875,655.00244140625,86.03754425048828,124.5042724609375,387.97552490234375,119.83673095703125,141.86016845703125,23.526973724365234,496.5730895996094,39.28568649291992,575.2025146484375,451.19354248046875,95.2656478881836,105.09261322021484
2025-02-28,240.361572265625,44.345340728759766,94.52872467041016,1039.730224609375,149.11024475097656,22.90907096862793,40.403438568115234,169.28639221191406,604.0263061523438,158.84539794921875,256.85491943359375,68.25624084472656,295.509521484375,664.9134521484375,87.6238021850586,128.23243713378906,392.3837585449219,124.59429931640625,143.21324157714844,23.824440002441406,504.4147033691406,40.00590515136719,584.1788940429688,457.3563232421875,97.05697631835938,106.21845245361328
2025-03-03,236.57489013671875,43.82589340209961,88.31261444091797,1037.9852294921875,143.9117889404297,22.87087631225586,39.63908004760742,166.0354766845703,587.49609375,161.02085876464844,252.94366455078125,69.32019805908203,293.3214111328125,651.828125,88.47865295410156,124.3983154296875,383.982421875,113.76260375976562,145.56483459472656,23.66218376159668,493.37689208984375,38.23896026611328,573.9441528320312,449.739501953125,96.05304718017578,102.8123550415039
2025-03-04,234.4877166748047,41.04589080810547,86.41536712646484,1028.089599609375,142.8871307373047,22.842226028442383,38.972713470458984,169.92263793945312,564.0840454101562,159.23043823242188,242.8790740966797,67.27854919433594,294.748046875,636.8522338867188,87.91824340820312,117.25981140136719,384.1009521484375,115.68758392333984,143.88511657714844,23.211477279663086,491.88800048828125,37.528343200683594,567.1505126953125,457.019287109375,93.47431182861328,102.60246276855469
2025-03-05,234.2988739013672,40.680355072021484,84.73738098144531,1038.8775634765625,141.76846313476562,23.310148239135742,39.91346740722656,172.01043701171875,575.6639404296875,158.94166564941406,244.12136840820312,67.17310333251953,296.36749267578125,653.2411499023438,88.51665496826172,119.2154312133789,396.36700439453125,116.9941635131836,143.59585571289062,23.38274574279785,498.3002624511719,37.86444854736328,573.2461547851562,458.33856201171875,94.4684066772461,100.59888458251953
2025-03-06,233.89138793945312,39.8819465637207,84.47045135498047,1017.9264526367188,143.78018188476562,22.937721252441406,39.56068420410156,171.3443145751953,551.0093994140625,159.62510681152344,239.27835083007812,67.53734588623047,299.1822204589844,624.841552734375,89.28602600097656,114.9959487915039,392.284912109375,110.28170776367188,144.27706909179688,23.65317153930664,484.59228515625,38.18134307861328,563.0702514648438,469.6434020996094,93.1495132446289,102.67877960205078
2025-03-07,237.60855102539062,40.07555389404297,86.40583038330078,956.1441650390625,146.96693420410156,22.813575744628906,39.65867614746094,172.8455352783203,543.2442016601562,160.4529266357422,235.14381408691406,68.46710205078125,309.7085876464844,622.5826416015625,89.90343475341797,114.91886138916016,388.7464904785156,112.39618682861328,145.3926239013672,24.094865798950195,488.1557922363281,39.7274169921875,566.2262573242188,475.18994140625,90.2754898071289,104.0145034790039
2025-03-10,226.08938598632812,38.55577850341797,88.57003021240234,926.4973754882812,148.12319946289062,22.36475372314453,38.88451385498047,165.092041015625,516.0562744140625,161.42514038085938,225.38011169433594,68.48627471923828,305.8141784667969,595.0487670898438,90.45436096191406,107.59735107421875,375.7490234375,106.70106506347656,147.0966033935547,24.013736724853516,469.2366638183594,39.506553649902344,551.14453125,464.3975830078125,86.4369125366211,106.6668701171875
2025-03-11,219.48997497558594,38.34281539916992,90.96304321289062,922.6105346679688,144.84243774414062,22.26926040649414,38.68852615356445,163.27061462402344,515.8330078125,159.6539764404297,222.390869140625,68.09327697753906,295.7023620605469,602.7308349609375,89.97942352294922,107.93451690673828,376.0356750488281,108.47642517089844,143.40623474121094,23.42781639099121,468.1149597167969,38.4886360168457,546.5629272460938,470.0258483886719,86.06289672851562,104.14807891845703
2025-03-12,215.653564453125,38.633216857910156,93.19397735595703,919.2294311523438,143.51695251464844,22.25971031188965,39.04130935668945,166.32623291015625,519.9873657226562,156.75662231445312,221.18736267089844,67.0389175415039,288.60760498046875,616.5126953125,88.66864013671875,109.82270050048828,378.82293701171875,115.4488525390625,139.48992919921875,23.175418853759766,473.3956604003906,38.45983123779297,549.4632568359375,465.2582702636719,83.85816955566406,104.11945343017578
2025-03-13,208.39817810058594,38.40089797973633,91.7066879272461,883.078125,144.4005889892578,21.982776641845703,38.51213073730469,161.9966583251953,509.40728759765625,156.89137268066406,218.5571746826172,66.73218536376953,286.7761535644531,587.7350463867188,89.9604263305664,107.58771514892578,374.3751525878906,115.28924560546875,139.6499786376953,23.076263427734375,464.8789978027344,38.3445930480957,542.138671875,465.6547546386719,83.16920471191406,103.6805648803711
2025-03-14,212.1848907470703,39.581871032714844,94.33804321289062,896.2655029296875,147.60617065429688,22.441150665283203,39.3058967590332,164.71383666992188,525.52001953125,156.71807861328125,225.59365844726562,66.78047180175781,289.0221252441406,605.1494140625,89.82745361328125,111.11360168457031,384.0515441894531,121.36392211914062,139.88534545898438,23.184432983398438,476.1153869628906,39.468135833740234,553.3369140625,472.5498352050781,84.00581359863281,106.76226806640625
2025-03-17,212.69178771972656,40.1142692565918,94.72892761230469,908.8480834960938,149.20423889160156,22.794479370117188,39.874263763427734,163.5194549560547,535.15869140625,156.74696350097656,227.0397491455078,67.70744323730469,293.0129089355469,602.4603881835938,90.81424713134766,113.63760375976562,384.19000244140625,119.22930908203125,142.4742431640625,23.48189926147461,479.202392578125,39.785037994384766,557.6039428710938,482.57818603515625,86.08258819580078,108.53687286376953
2025-03-18,211.38978576660156,40.31755065917969,95.84439086914062,890.4452514648438,151.1689453125,22.374303817749023,39.707679748535156,159.91644287109375,535.5857543945312,158.10423278808594,228.04913330078125,66.9928970336914,292.65625,580.01123046875,90.74718475341797,113.78209686279297,379.0700378417969,115.1396255493164,140.2619171142578,23.716270446777344,471.03326416015625,39.4969482421875,551.5770263671875,487.2006530761719,84.24202728271484,108.42237854003906
2025-03-19,213.92422485351562,40.859642028808594,96.60710906982422,896.3944091796875,154.21469116210938,22.58439064025879,40.217254638671875,163.12132263183594,540.9825439453125,156.89137268066406,232.0671844482422,66.8963394165039,295.8565979003906,581.7044067382812,90.0765380859375,115.45834350585938,383.3201904296875,117.22435760498047,139.43345642089844,23.626127243041992,477.3363037109375,39.448936462402344,557.584228515625,486.6204833984375,84.97038269042969,110.11112213134766
2025-03-20,212.7911834716797,41.121002197265625,97.54142761230469,887.8178100585938,154.8915252685547,22.469797134399414,40.20745086669922,162.0364532470703,546.1658325195312,156.92025756835938,231.97010803222656,67.31155395507812,295.93365478515625,583.6365356445312,90.75676727294922,116.05562591552734,382.3515625,118.23182678222656,138.52969360351562,23.60809898376465,475.7183837890625,39.6409912109375,555.9718627929688,494.45355224609375,84.45857238769531,110.57861328125
2025-03-21,216.93568420410156,41.111324310302734,97.16960144042969,901.5604248046875,154.8727264404297,22.374303817749023,40.060462951660156,163.2208709716797,548.5535888671875,157.50741577148438,234.51295471191406,66.30731964111328,294.429931640625,593.84521484375,89.2047119140625,115.73771667480469,386.7202453613281,117.4039077758789,136.92929077148438,23.689228057861328,477.28668212890625,39.36250686645508,556.1552734375,499.8206481933594,84.85829162597656,110.19699096679688
2025-03-24,219.38064575195312,41.6921272277832,97.42703247070312,918.1982421875,155.12652587890625,22.63214111328125,40.677825927734375,166.8935546875,563.074462890625,157.1801300048828,240.75357055664062,66.57769012451172,294.6516418457031,616.35400390625,88.43826293945312,119.71638488769531,388.5191345214844,121.10458374023438,137.8706817626953,23.563026428222656,487.7604064941406,40.04431915283203,566.1151123046875,499.48223876953125,86.34857940673828,110.48321533203125
2025-03-25,222.38218688964844,41.89540481567383,97.77024841308594,922.382568359375,155.9913787841797,22.737180709838867,40.873817443847656,169.7600555419922,568.7431030273438,154.9950714111328,243.733154296875,66.4425048828125,295.8565979003906,623.7839965820312,84.18449401855469,120.61228942871094,390.5749816894531,120.38639068603516,137.0139923095703,23.031192779541016,490.5438537597656,40.60128402709961,567.4760131835938,496.5133972167969,83.65421295166016,111.23693084716797
2025-03-26,220.17575073242188,41.45011901855469,98.38995361328125,921.8768310546875,157.89968872070312,22.641685485839844,40.55043411254883,164.28582763671875,557.0759887695312,155.66888427734375,243.6361083984375,67.61087799072266,302.2764587402344,608.5158081054688,84.41442108154297,117.72222900390625,385.4451904296875,113.47382354736328,139.93243408203125,22.724708557128906,481.5175476074219,40.7357292175293,560.7013549804688,501.1262512207031,84.09833526611328,112.83980560302734
2025-03-27,222.48158264160156,41.19844055175781,98.02766418457031,930.8005981445312,156.65879821777344,22.679885864257812,40.42304229736328,161.4790802001953,542.51611328125,157.026123046875,240.81179809570312,68.30609130859375,301.4185791015625,600.1497802734375,83.92581176757812,114.63949584960938,386.0481262207031,111.1496810913086,140.9020538330078,22.544429779052734,478.77386474609375,40.428436279296875,559.2122192382812,498.7279357910156,84.51285552978516,112.47724914550781
2025-03-28,216.5679473876953,39.930355072021484,97.59864044189453,921.7875366210938,156.13238525390625,22.412500381469727,39.75667190551758,153.60617065429688,527.1798706054688,157.58444213867188,235.69703674316406,67.94884490966797,296.02044677734375,574.4139404296875,85.4874496459961,111.10397338867188,374.40478515625,109.39411163330078,140.52549743652344,22.724708557128906,466.16876220703125,40.2171745300293,547.9507446289062,499.0373840332031,84.03910827636719,112.32460021972656
2025-03-31,220.77207946777344,40.394989013671875,100.12512969970703,937.7710571289062,157.2604522705078,22.383852005004883,39.93306350708008,153.91473388671875,530.2568359375,159.6347198486328,238.07485961914062,69.15583038330078,301.1101379394531,574.0354614257812,85.9952163696289,112.3948745727539,371.034423828125,108.10736083984375,141.15625,22.841896057128906,466.1488952636719,40.140342712402344,551.6289672851562,506.4933166503906,86.64466857910156,113.46949768066406
2025-04-01,221.8256072998047,40.16267776489258,100.47787475585938,946.318115234375,158.40728759765625,22.641685485839844,40.305450439453125,156.3333282470703,532.353515625,147.51580810546875,236.48316955566406,69.39722442626953,302.32470703125,583.6365356445312,83.46595001220703,111.49894714355469,377.7554931640625,109.87291717529297,140.9020538330078,22.120763778686523,469.9065856933594,40.52446746826172,553.1870727539062,505.8841247558594,87.67111206054688,113.574462890625
2025-04-02,222.5213165283203,40.51115417480469,101.15478515625,956.9076538085938,156.48959350585938,22.813575744628906,40.756221771240234,156.303466796875,546.5734252929688,149.5468292236328,238.57955932617188,68.87580871582031,300.3485412597656,581.5748901367188,82.9677505493164,114.89958953857422,377.70611572265625,110.14221954345703,140.38429260253906,22.264989852905273,473.336181640625,40.514862060546875,556.6878051757812,505.9615173339844,88.58895874023438,113.221435546875
2025-04-03,201.94786071777344,36.02928161621094,90.81049346923828,958.8906860351562,146.76011657714844,22.20241355895996,39.805667877197266,150.01312255859375,496.2258605957031,153.83999633789062,221.95411682128906,70.66215515136719,306.7974548339844,529.4759521484375,82.76656341552734,103.97512817382812,368.7807922363281,101.54391479492188,142.5024871826172,21.895408630371094,447.99676513671875,37.65317916870117,529.2538452148438,522.6334838867188,86.12158966064453,107.26792907714844
2025-04-04,187.22842407226562,33.28981399536133,82.26810455322266,908.7191162109375,134.68994140625,20.19703483581543,37.63997268676758,144.9171142578125,456.99212646484375,147.5061798095703,205.34344482421875,67.52397155761719,289.2920837402344,502.6943664550781,78.05293273925781,96.17192840576172,355.664794921875,94.07275390625,138.02134704589844,20.705537796020508,420.1722106933594,33.39907455444336,498.2696838378906,507.75048828125,82.10467529296875,99.54936981201172
2025-04-07,180.35069274902344,34.44174575805664,81.677001953125,900.4398803710938,131.74755859375,19.910552978515625,37.032405853271484,146.06170654296875,451.8476867675781,144.98422241210938,209.40577697753906,66.01766204833984,289.08001708984375,514.1678466796875,77.77508544921875,97.22199249267578,353.7077941894531,97.39437103271484,134.8016815185547,20.399057388305664,421.1861877441406,31.824190139770508,497.3821716308594,507.4120788574219,82.73633575439453,98.21366119384766
2025-04-08,171.36595153808594,33.90933609008789,78.80730438232422,901.0546264648438,128.7206268310547,19.88190460205078,36.42483139038086,144.02133178710938,448.65423583984375,144.38742065429688,211.77871704101562,66.06592559814453,289.0221252441406,508.39129638671875,75.63861846923828,96.63434600830078,350.4460754394531,96.05775451660156,132.0809783935547,19.68693733215332,413.6012878417969,30.681438446044922,489.591796875,534.8570556640625,80.72295379638672,96.14328002929688
2025-04-09,197.63438415527344,35.961517333984375,87.24481964111328,957.0167236328125,137.27503967285156,21.78223991394043,38.7473258972168,157.96563720703125,501.7003173828125,145.3211212158203,228.83859252929688,67.54328918457031,293.0032653808594,583.4075317382812,78.47447204589844,107.60697937011719,385.9591979980469,114.04239654541016,137.06106567382812,20.272857666015625,463.24615478515625,34.55142593383789,541.0084228515625,559.439453125,88.4310531616211,100.94235229492188
2025-04-10,189.25592041015625,34.703102111816406,79.4079360961914,956.1441650390625,126.88753509521484,21.342966079711914,37.96335983276367,152.103271484375,475.42474365234375,143.12643432617188,221.7783203125,68.3254165649414,295.72161865234375,544.086669921875,74.29734802246094,102.67459869384766,376.92523193359375,107.29939270019531,135.69601440429688,19.461584091186523,443.54327392578125,31.24801254272461,517.3019409179688,574.8156127929688,89.4278793334961,95.34185791015625
2025-04-11,196.9386749267578,34.79990768432617,82.36345672607422,955.251708984375,127.49856567382812,21.744041442871094,39.07070541381836,156.40301513671875,479.92864990234375,146.05267333984375,230.65492248535156,68.97235870361328,298.72918701171875,541.377685546875,75.85897827148438,104.15816497802734,383.9429016113281,110.65094757080078,135.96902465820312,19.750036239624023,451.71466064453125,32.611629486083984,526.5321655273438,579.718505859375,91.58931732177734,98.40447235107422
2025-04-14,201.281982421875,35.49686813354492,82.42064666748047,971.0270385742188,127.2071533203125,22.240612030029297,39.629276275634766,158.32394409179688,489.1885986328125,148.5842742919922,229.2096710205078,69.95726776123047,304.6767272949219,529.3364868164062,75.8493881225586,105.11189270019531,383.3102722167969,110.43150329589844,138.1531219482422,19.939334869384766,454.7765197753906,32.57321548461914,531.6401977539062,567.7174072265625,93.49413299560547,98.64299011230469
2025-04-15,200.90431213378906,36.77464294433594,81.72467041015625,968.6473999023438,126.47391510009766,22.307456970214844,39.71747589111328,155.57688903808594,492.98388671875,147.87196350097656,227.65701293945312,69.3875732421875,301.21612548828125,519.4166870117188,75.10210418701172,106.39315795898438,381.2544250488281,111.9177474975586,134.47218322753906,20.227787017822266,455.2834777832031,32.4195671081543,530.1510620117188,564.3617553710938,92.74405670166016,98.3663101196289
2025-04-16,193.08241271972656,36.135765075683594,82.33484649658203,959.5549926757812,127.2447280883789,22.36475372314453,40.01145935058594,152.61085510253906,484.4033508300781,148.15110778808594,224.21966552734375,69.2137680053711,297.9579772949219,500.2840881347656,73.25305938720703,103.9076919555664,367.2982482910156,104.2271499633789,131.88327026367188,19.86722183227539,441.5550842285156,32.794090270996094,518.3668823242188,565.7639770507812,90.00030517578125,99.4062728881836
2025-04-17,195.77581787109375,36.213199615478516,84.83273315429688,986.0784301757812,129.60427856445312,22.546194076538086,40.27604675292969,150.4510498046875,494.53692626953125,151.57789611816406,226.5144805908203,70.48834991455078,300.0786437988281,499.45745849609375,74.72846984863281,105.17932891845703,363.5126647949219,101.23469543457031,134.47218322753906,19.95736312866211,441.4755554199219,33.715972900390625,519.1065063476562,439.14788818359375,92.00383758544922,102.01092529296875
2025-04-21,191.97918701171875,35.738868713378906,83.46939086914062,949.6595458984375,125.71244812011719,22.42205047607422,39.95266342163086,146.9774169921875,486.6454772949219,151.04849243164062,223.61419677734375,70.2662582397461,297.5917053222656,482.7052917480469,74.58476257324219,102.40486907958984,354.9531555175781,96.66622924804688,133.42718505859375,19.86722183227539,430.55047607421875,33.24542236328125,506.7503356933594,411.3161315917969,91.20439910888672,100.51300048828125
2025-04-22,198.51895141601562,37.09408187866211,85.57638549804688,970.937744140625,129.06845092773438,22.880422592163086,40.56023406982422,150.7595977783203,504.7287902832031,151.84742736816406,230.0592498779297,71.35738372802734,307.5782775878906,498.2623291015625,75.65777587890625,106.33535766601562,362.5638427734375,98.64122772216797,135.0558624267578,20.308916091918945,441.8533020019531,33.23582077026367,519.9349365234375,413.10516357421875,93.61256408691406,103.32756805419922
2025-04-23,203.34925842285156,37.51032638549805,85.73846435546875,967.5765380859375,128.485595703125,22.91861915588379,40.68762969970703,154.6213836669922,513.7752075195312,149.56613159179688,235.22506713867188,70.77803039550781,306.9999084472656,518.1717529296875,75.43742370605469,108.19462585449219,370.0459899902344,102.45161437988281,133.92617797851562,20.182716369628906,451.8737487792969,32.67885208129883,527.991455078125,413.8594665527344,93.72113037109375,102.44025421142578
2025-04-24,207.09619140625,38.313777923583984,87.52130126953125,967.2196044921875,130.73233032226562,23.405643463134766,41.21680450439453,158.532958984375,529.3638916015625,149.1329345703125,238.89678955078125,70.02486419677734,304.8213806152344,530.999755859375,76.49128723144531,111.36407470703125,382.80615234375,106.16226196289062,127.38329315185547,20.534271240234375,464.58819580078125,33.54311752319336,539.1051635742188,410.2716979980469,94.58965301513672,103.64241027832031
2025-04-25,208.00062561035156,38.420257568359375,87.44503021240234,968.8853149414062,130.4127197265625,23.405643463134766,41.197208404541016,161.2003936767578,528.8688354492188,148.79605102539062,237.8323974609375,69.43585205078125,305.32257080078125,545.0628662109375,79.26964569091797,111.7590560913086,387.30340576171875,110.73075103759766,125.56636810302734,20.66046905517578,469.76739501953125,33.14939498901367,543.0003662109375,404.8465881347656,93.84942626953125,103.58517456054688
2025-04-28,208.85537719726562,38.507381439208984,88.59862518310547,970.2536010742188,131.70057678222656,23.415191650390625,41.52058792114258,159.85671997070312,530.3636474609375,149.5372314453125,237.51011657714844,69.31997680664062,305.39007568359375,547.5227661132812,79.70079040527344,111.58564758300781,386.62139892578125,108.45648193359375,125.92410278320312,20.777652740478516,469.6182861328125,32.746070861816406,543.20751953125,406.1617736816406,93.97772979736328,103.64241027832031
2025-04-29,209.91883850097656,38.710662841796875,87.59756469726562,983.30224609375,130.94851684570312,23.443838119506836,41.5989875793457,159.40882873535156,532.8096923828125,150.0762939453125,238.8772430419922,69.86071014404297,303.163330078125,552.2039184570312,81.15702819824219,111.95172119140625,389.4679870605469,108.7457504272461,126.44189453125,21.444698333740234,472.7198181152344,32.75567626953125,546.6292724609375,395.7466125488281,94.78704071044922,103.38480377197266
2025-04-30,211.2009735107422,38.60417556762695,84.9662094116211,986.0784301757812,127.90277099609375,23.55843162536621,41.5989875793457,158.05520629882812,531.4797973632812,150.4613037109375,238.8772430419922,70.0538330078125,308.127685546875,546.7858276367188,81.62647247314453,112.08280944824219,390.673828125,108.64599609375,127.63748931884766,22.003576278686523,472.6601867675781,31.929821014404297,546.84619140625,397.8837890625,95.98125457763672,100.78015899658203
2025-05-01,212.01596069335938,38.88490295410156,86.42489624023438,990.5800170898438,128.09078979492188,23.539331436157227,41.461795806884766,160.54348754882812,537.5756225585938,148.68052673339844,241.09397888183594,68.83718872070312,302.3343505859375,569.9022216796875,79.76785278320312,113.38408660888672,420.4640808105469,111.32923889160156,125.72639465332031,21.57089614868164,478.83349609375,32.400367736816406,550.7218017578125,387.47833251953125,96.13917541503906,100.92326354980469
2025-05-02,204.0946502685547,39.75611114501953,87.14946746826172,1001.064208984375,130.1964874267578,24.16959571838379,41.981163024902344,163.2606658935547,549.4854736328125,150.27841186523438,246.58203125,69.18479919433594,300.71490478515625,594.6121826171875,79.69120025634766,116.7440414428711,430.2294921875,114.21196746826172,125.91468048095703,21.814281463623047,485.9411926269531,33.35105895996094,558.8967895507812,386.7433776855469,97.46168518066406,101.3335189819336
2025-05-05,197.6741485595703,39.80450439453125,83.5265884399414,1007.6069946289062,127.3763656616211,23.864011764526367,41.80477523803711,163.43984985351562,543.1373901367188,149.2003173828125,246.63087463378906,69.23307800292969,304.3393859863281,596.8530883789062,79.36546325683594,116.14196014404297,431.10919189453125,113.53368377685547,124.25780487060547,21.516813278198242,483.058349609375,32.4195671081543,555.6918334960938,391.4722595214844,98.03413391113281,98.52851104736328
2025-05-06,197.29647827148438,39.53346633911133,83.545654296875,1003.2484741210938,127.47038269042969,23.921310424804688,41.91257095336914,162.46441650390625,533.2367553710938,148.69015502929688,243.3985595703125,69.25238800048828,305.37078857421875,584.9412841796875,75.72484588623047,114.90869140625,428.2823486328125,113.25438690185547,123.08102416992188,20.62441062927246,478.5650939941406,32.24671936035156,551.0471801757812,381.5116271972656,97.2643051147461,99.90239715576172
2025-05-07,195.05029296875,39.62058639526367,83.6219253540039,999.9225463867188,127.6489486694336,23.76852035522461,42.0301628112793,150.67001342773438,535.7216186523438,151.4142608642578,243.5352783203125,69.90898895263672,306.6625061035156,594.4029541015625,75.8014907836914,115.65641784667969,428.3218688964844,116.7655258178711,124.19189453125,20.543283462524414,480.4438781738281,32.169898986816406,553.3645629882812,378.17523193359375,97.5406494140625,99.8069839477539
2025-05-08,196.28268432617188,40.26915740966797,84.68019104003906,1000.4785766601562,128.8240203857422,23.71122169494629,41.9517707824707,153.556396484375,549.09716796875,149.83563232421875,247.5194854736328,68.72129821777344,302.1897888183594,595.5982055664062,74.39314270019531,118.35603332519531,433.0859680175781,117.07474517822266,123.73057556152344,20.705537796020508,485.4044494628906,32.957332611083984,557.2202758789062,372.8468017578125,96.15890502929688,101.19993591308594
2025-05-09,197.31634521484375,40.45307540893555,84.46090698242188,1000.8558349609375,130.1870880126953,23.88311195373535,41.990962982177734,152.03358459472656,550.4561157226562,148.44952392578125,247.13865661621094,68.09367370605469,302.3728942871094,590.1004638671875,72.78360748291016,118.18124389648438,433.63946533203125,116.3565673828125,122.7986068725586,20.46670150756836,485.0863037109375,33.17820739746094,556.5103149414062,368.0986022949219,95.68896484375,102.38301849365234
2025-05-12,209.776123046875,41.97284698486328,87.96939086914062,1008.8579711914062,133.1294403076172,24.045454025268555,42.21635818481445,157.71681213378906,573.9847412109375,148.37249755859375,253.94500732421875,67.13773345947266,300.67633056640625,636.8511352539062,77.0565414428711,123.38627624511719,444.0472717285156,122.69058990478516,123.9659423828125,21.21077537536621,504.84881591796875,34.42658996582031,574.9015502929688,366.2708740234375,95.7186508178711,104.14807891845703
2025-05-13,211.90582275390625,42.86341857910156,89.78082275390625,991.86083984375,133.81568908691406,24.274639129638672,42.52994155883789,158.78176879882812,586.0887451171875,142.88580322265625,256.8355712890625,66.58734893798828,297.5627746582031,653.3841552734375,73.41592407226562,125.61006164550781,443.9286804199219,129.6031494140625,122.67620849609375,21.008682250976562,512.5431518554688,34.676265716552734,578.6980590820312,301.12054443359375,94.85791015625,104.4343032836914
2025-05-14,211.3087158203125,43.3087043762207,88.25540924072266,984.424560546875,133.17645263671875,24.026355743408203,42.56913375854492,164.59439086914062,593.6500244140625,140.8836212158203,259.4038391113281,66.78047180175781,296.4156494140625,656.7007446289062,70.38845825195312,127.25119018554688,447.6845703125,134.99954223632812,120.92517852783203,20.227861404418945,515.6148071289062,34.580238342285156,579.4376220703125,297.86163330078125,95.79779052734375,103.49930572509766
2025-05-15,210.43296813964844,42.9602165222168,88.62723541259766,1003.2186279296875,133.7310791015625,24.398780822753906,42.951324462890625,163.19100952148438,597.8238525390625,144.01202392578125,261.2103271484375,69.14617156982422,303.1440734863281,641.2831420898438,71.66268157958984,128.6786651611328,448.6946105957031,134.4908447265625,123.79650115966797,20.76065444946289,516.1814575195312,34.301753997802734,582.2678833007812,265.3106689453125,95.32291412353516,104.548828125
2025-05-16,210.24388122558594,43.26029968261719,88.12193298339844,1018.4683837890625,133.58067321777344,24.322385787963867,43.01011657714844,165.41055297851562,600.862060546875,145.66766357421875,261.2787170410156,69.52275085449219,307.12518310546875,637.7574462890625,72.86982727050781,128.35821533203125,449.82342529296875,135.0594024658203,124.24838256835938,20.97193717956543,518.4281005859375,34.34976577758789,585.9559936523438,282.2920837402344,97.19275665283203,104.17330932617188
2025-05-19,207.77581787109375,43.337738037109375,86.92967224121094,1026.9173583984375,131.7728271484375,24.475175857543945,43.166908264160156,165.75888061523438,594.3295288085938,146.7842559814453,258.66162109375,69.45516204833984,309.6507873535156,637.8469848632812,73.99076843261719,127.05696105957031,454.37841796875,135.2289581298828,124.06950378417969,21.128097534179688,518.9251708984375,33.715972900390625,586.5969848632812,305.48199462890625,97.07405090332031,102.51715850830078
2025-05-20,205.8650360107422,43.26029968261719,86.23738098144531,1029.3795166015625,130.6119842529297,24.475175857543945,43.30410385131836,163.21092224121094,588.7191162109375,147.9104766845703,259.4428405761719,69.22342681884766,308.2723083496094,634.5304565429688,74.6997299194336,125.39642333984375,453.685302734375,134.04193115234375,124.07892608642578,21.60577964782715,517.1953735351562,33.19740676879883,584.624755859375,310.9844665527344,96.75746154785156,101.05359649658203
2025-05-21,201.11798095703125,41.86636734008789,83.79515838623047,1017.9423217773438,128.9849395751953,24.26508903503418,43.059112548828125,167.76942443847656,576.0425415039062,147.4484100341797,254.9117889404297,69.3779067993164,305.03338623046875,632.9368896484375,73.75125122070312,121.67716979980469,448.14007568359375,131.4684600830078,122.52558135986328,21.16484832763672,510.0081481933594,32.52520751953125,574.7733154296875,292.99737548828125,95.40205383300781,99.81149291992188
2025-05-22,200.39149475097656,41.9244499206543,82.81442260742188,1010.82373046875,128.72801208496094,24.26508903503418,43.1179084777832,170.06858825683594,580.6724853515625,146.89974975585938,254.5504913330078,68.69234466552734,302.98016357421875,634.0026245117188,74.57516479492188,122.60940551757812,450.40765380859375,132.495849609375,122.4973373413086,21.16484832763672,510.9624938964844,32.40996551513672,575.0001220703125,286.895263671875,94.90738677978516,99.1471176147461
2025-05-23,194.330810546875,41.817962646484375,81.91061401367188,1001.2628173828125,129.91737365722656,24.49427604675293,43.54909133911133,167.6798553466797,580.973388671875,147.21742248535156,254.5895233154297,69.30066680908203,303.2308044433594,624.531005859375,74.32608795166016,122.42488861083984,445.7734680175781,130.959716796875,121.76302337646484,21.422056198120117,506.2305908203125,32.323543548583984,571.0753173828125,285.8315124511719,95.31301879882812,99.20487976074219
2025-05-27,199.24703979492188,42.805335998535156,82.25675201416016,1010.4861450195312,131.1448211669922,24.704364776611328,43.92147445678711,172.08908081054688,597.6588745117188,148.7804412841797,259.06201171875,69.31031799316406,303.5971374511719,639.7294311523438,74.33566284179688,125.47410583496094,456.18060302734375,135.15911865234375,123.67411041259766,21.68845558166504,518.1397705078125,32.58282470703125,582.9483032226562,285.2802734375,96.53978729248047,99.67668914794922
2025-05-28,199.45602416992188,42.650455474853516,81.32408905029297,1005.8695678710938,129.42262268066406,24.4083309173584,43.8626708984375,171.55162048339844,590.5828247070312,147.98435974121094,257.30426025390625,68.70199584960938,301.5631408691406,640.984375,72.9752197265625,123.82325744628906,452.8831787109375,134.4708709716797,123.01512145996094,21.2934513092041,515.8433837890625,32.24671936035156,579.5757446289062,288.28778076171875,96.20342254638672,98.31904602050781
2025-05-29,198.98826599121094,42.82469940185547,82.3048324584961,1001.5010986328125,131.22096252441406,24.484725952148438,43.88227081298828,171.05397033691406,587.10791015625,149.100830078125,258.16363525390625,69.03030395507812,300.6185302734375,642.448486328125,73.19557189941406,124.45447540283203,454.1903076171875,138.83985900878906,124.19189453125,21.54147720336914,516.8574829101562,32.34274673461914,581.863525390625,288.3458251953125,96.06491088867188,98.87751770019531
2025-05-30,199.88394165039062,42.71821594238281,82.06444549560547,1032.715576171875,130.06964111328125,24.64706802368164,44.05866241455078,170.93455505371094,585.732421875,150.6832733154297,257.80230712890625,69.61931610107422,302.53680419921875,644.8786010742188,73.61711883544922,124.3282241821289,455.85382080078125,134.79010009765625,123.74942779541016,21.57822036743164,516.0422973632812,31.73775863647461,581.2128295898438,291.96258544921875,97.66764068603516,98.50199127197266
2025-06-02,200.7298583984375,42.66981887817383,83.3817138671875,1049.265869140625,131.15432739257812,24.97174644470215,44.48004150390625,168.23721313476562,584.0447998046875,150.8677520751953,258.4468078613281,69.52275085449219,303.1184387207031,668.1941528320312,73.05186462402344,124.6875228881836,457.4481201171875,137.03440856933594,123.2410659790039,21.550662994384766,520.1181640625,32.0162467956543,584.4867553710938,294.67999267578125,98.70645141601562,99.2241439819336
2025-06-03,202.29229736328125,43.22157669067383,84.5259017944336,1048.0147705078125,132.7814178466797,24.895353317260742,44.43104934692383,165.40057373046875,589.029541015625,149.91632080078125,260.01898193359375,68.71165466308594,302.8373107910156,664.1605224609375,73.90453338623047,124.95942687988281,458.4382629394531,140.86473083496094,124.12600708007812,21.449617385864258,524.1838989257812,32.75567626953125,587.8197631835938,291.2953186035156,98.91421508789062,99.94630432128906
2025-06-04,201.844482421875,42.940860748291016,82.64134979248047,1044.142822265625,130.7071533203125,25.14363670349121,44.34284973144531,167.26185607910156,584.5228881835938,148.75132751464844,258.01715087890625,68.91443634033203,302.0423583984375,685.1754150390625,74.98714447021484,124.45447540283203,459.3294677734375,141.56300354003906,124.02245330810547,21.486358642578125,525.645263671875,32.189170837402344,587.6619873046875,290.4830322265625,98.2909164428711,98.50199127197266
2025-06-05,199.66500854492188,42.9602165222168,82.06444549560547,1003.5562744140625,130.25994873046875,25.172286987304688,44.41144943237305,167.42108154296875,591.029296875,149.17849731445312,255.80043029785156,68.47025299072266,299.5315856933594,681.8588256835938,74.3644027709961,126.84333801269531,463.1021728515625,139.6378631591797,123.42935180664062,21.23833465576172,521.6886596679688,32.03422927856445,584.8218994140625,286.0925598144531,96.9157485961914,98.0494384765625
2025-06-06,202.9391632080078,43.78786849975586,83.86246490478516,1007.6566162109375,133.409423828125,25.181835174560547,44.48004150390625,172.8654022216797,598.9502563476562,150.508544921875,259.49169921875,68.89511108398438,297.9610900878906,694.8960571289062,75.65777587890625,128.00863647460938,465.7757263183594,141.36349487304688,123.75579833984375,21.449617385864258,526.7883911132812,32.79925537109375,590.8274536132812,293.2294616699219,96.43098449707031,100.39883422851562
2025-06-09,200.48104858398438,43.69050216674805,84.65089416503906,998.9594116210938,133.93272399902344,25.248682022094727,44.391849517822266,175.47628784179688,598.4821166992188,150.70269775390625,260.4779357910156,69.30066680908203,295.46002197265625,691.2607421875,76.00267791748047,128.13487243652344,468.12255859375,142.27120971679688,123.6891860961914,22.019153594970703,527.5638427734375,33.04134750366211,591.3599243164062,293.2004699707031,96.41118621826172,101.07286071777344
2025-06-10,201.6951904296875,43.90471649169922,87.6700210571289,1000.0416870117188,136.39710998535156,25.506513595581055,44.51924514770508,177.97755432128906,599.7990112304688,151.88711547851562,262.2943115234375,69.86071014404297,291.2430114746094,699.567138671875,77.93795776367188,128.00863647460938,466.31048583984375,143.5978546142578,125.46893310546875,22.322298049926758,531.0530395507812,34.397090911865234,594.712890625,293.7806701660156,96.2825698852539,103.23933410644531
2025-06-11,197.82388305664062,43.55418014526367,89.7564926147461,989.6270141601562,137.7577362060547,25.401472091674805,44.74462890625,176.73191833496094,608.8710327148438,150.73182678222656,261.8548583984375,69.5903549194336,292.4935302734375,691.3404541015625,76.9511489868164,127.99893188476562,467.9938049316406,142.4805908203125,123.6320571899414,22.487646102905273,529.2636108398438,34.56171417236328,593.0166015625,300.32763671875,94.77877807617188,105.25172424316406
2025-06-12,198.24188232421875,43.44707107543945,91.04490661621094,995.514404296875,137.9385223388672,25.439666748046875,45.077816009521484,175.08763122558594,609.7879638671875,152.09100341796875,261.9427185058594,69.75450134277344,293.8895263671875,690.5635986328125,78.38824462890625,128.10574340820312,474.1826477050781,144.64529418945312,125.91626739501953,22.818347930908203,530.5062866210938,34.50361251831055,595.3734130859375,308.0059814453125,93.8191146850586,105.65613555908203
2025-06-13,195.50511169433594,42.930999755859375,93.22752380371094,983.1040649414062,138.8329315185547,25.13408851623535,44.96022033691406,174.06121826171875,598.5015258789062,152.51817321777344,258.7300109863281,69.06404113769531,292.67779541015625,680.1159057617188,78.2828598022461,125.74601745605469,470.3108825683594,141.62269592285156,124.53623962402344,22.54276466369629,523.845947265625,35.15243148803711,588.7171630859375,303.19970703125,93.43327331542969,107.95741271972656
2025-06-16,197.46563720703125,43.24258804321289,91.34297943115234,977.2960205078125,138.9470977783203,25.296005249023438,45.143714904785156,176.15394592285156,612.4608154296875,150.6929931640625,264.012939453125,68.57781982421875,287.2296447753906,699.8262939453125,78.3409194946289,127.11522674560547,474.4500427246094,144.33604431152344,125.06920623779297,22.414159774780273,531.132568359375,34.77476119995117,594.318359375,299.6352233886719,93.28487396240234,108.30403900146484
2025-06-17,194.69898986816406,43.06732177734375,91.82372283935547,970.7036743164062,141.63034057617188,24.98574447631836,44.837890625,175.3367919921875,609.3295288085938,147.93580627441406,263.19268798828125,67.7026138305664,283.371337890625,694.9522705078125,75.74761199951172,126.32865905761719,473.36077880859375,143.76742553710938,123.0514907836914,22.04671287536621,525.9533081054688,34.93939208984375,589.2398681640625,300.8136291503906,93.24529266357422,109.76761627197266
2025-06-18,195.63450622558594,43.87550354003906,90.18916320800781,967.9039306640625,141.00233459472656,25.07300567626953,44.70964050292969,172.71595764160156,619.669677734375,146.3339385986328,267.52850341796875,67.30390167236328,280.7732849121094,693.4970092773438,76.72494506835938,128.68841552734375,475.53924560546875,145.1240997314453,122.84211730957031,21.936479568481445,525.8638916015625,34.71665954589844,589.1510009765625,299.1872253417969,94.07633972167969,108.98767852783203
2025-06-20,200.03321838378906,44.30393981933594,91.04490661621094,973.2552490234375,142.29637145996094,24.772438049316406,44.49260330200195,166.05923461914062,625.0933227539062,145.4213409423828,268.5440368652344,66.944091796875,278.66961669921875,680.1209106445312,76.50237274169922,128.87290954589844,472.72698974609375,143.4980926513672,122.84211730957031,22.019153594970703,523.7166137695312,34.706974029541016,587.7673950195312,294.132568359375,95.09536743164062,110.44161224365234
2025-06-23,200.53082275390625,45.08291244506836,88.17961120605469,997.2716674804688,139.7368621826172,25.005136489868164,44.71950912475586,164.6142578125,631.0243530273438,146.90675354003906,271.7372741699219,67.81930541992188,280.6666564941406,696.2481079101562,77.5667953491211,130.12562561035156,481.2428894042969,143.81732177734375,122.86114501953125,22.074275970458984,529.1017456054688,32.66368103027344,593.5730590820312,292.8372497558594,96.82671356201172,107.59150695800781
2025-06-24,199.3365936279297,45.433448791503906,85.94892883300781,994.7301635742188,136.58738708496094,25.25722312927246,45.0056037902832,166.1887969970703,645.8810424804688,147.75135803222656,274.6571044921875,68.27635192871094,282.5569763183594,709.8733520507812,77.72161102294922,131.97067260742188,485.3126220703125,147.53817749023438,124.72659301757812,22.331483840942383,537.1928100585938,32.44095230102539,600.13037109375,297.6484375,96.955322265625,104.31773376464844
2025-06-25,200.5905303955078,45.61845016479492,85.57394409179688,979.4603881835938,136.28289794921875,25.23783302307129,44.70964050292969,170.08514404296875,653.4508666992188,147.8387451171875,277.391357421875,67.71233367919922,276.8179931640625,706.3648681640625,77.09264373779297,133.73805236816406,487.4515075683594,153.93252563476562,121.84278106689453,22.285554885864258,538.566162109375,32.13106918334961,600.4666748046875,294.142333984375,96.22321319580078,104.34662628173828
2025-06-26,200.03321838378906,46.21241760253906,87.39118194580078,975.8563842773438,137.43421936035156,25.625659942626953,45.30156326293945,172.9351806640625,670.3170776367188,147.57659912109375,281.97125244140625,67.55674743652344,276.8955993652344,723.7180786132812,76.27981567382812,135.70936584472656,492.580810546875,154.64076232910156,122.03312683105469,22.267179489135742,543.6019287109375,32.76051712036133,605.1646118164062,294.7267150878906,94.99642944335938,105.90648651123047
2025-06-27,200.11282348632812,45.8813591003418,86.69891357421875,978.070556640625,136.81573486328125,25.296005249023438,44.96614456176758,177.9077911376953,673.8776245117188,147.96495056152344,280.3697509765625,68.39305114746094,282.634521484375,731.2333984375,76.54108428955078,136.62217712402344,491.0856018066406,157.3640899658203,124.71705627441406,22.22125244140625,545.462890625,32.9348258972168,608.1712646484375,301.0473937988281,96.23309326171875,105.31912231445312
2025-06-30,204.18316650390625,46.07609939575195,86.28546142578125,982.8359985351562,136.244873046875,25.519006729125977,45.57779312133789,175.61581420898438,690.4024047851562,148.29502868652344,283.1040344238281,68.80148315429688,283.235595703125,735.6788330078125,76.5991439819336,136.78726196289062,492.5411682128906,157.603515625,125.66880798339844,22.267179489135742,548.9959716796875,32.73146438598633,611.0791015625,303.832763671875,96.7376708984375,103.79779815673828
2025-07-01,206.82041931152344,46.88428497314453,88.4488525390625,978.8845825195312,138.50941467285156,25.548093795776367,45.56792449951172,175.2271728515625,689.14404296875,151.37255859375,283.59228515625,69.69615173339844,288.3929138183594,716.8704223632812,79.16340637207031,136.99119567871094,487.23358154296875,152.92498779296875,128.73342895507812,23.002073287963867,544.3681640625,34.08720397949219,610.8812866210938,317.6331787109375,97.19275665283203,105.18431854248047
2025-07-02,211.41819763183594,47.429561614990234,90.80453491210938,975.3104248046875,140.80252075195312,25.73231315612793,45.7060432434082,178.01739501953125,698.3428955078125,151.0230712890625,285.14495849609375,68.95708465576172,285.6203918457031,711.2388916015625,79.72464752197266,138.72943115234375,486.2830505371094,156.8653106689453,129.89456176757812,23.2592830657959,548.1599731445312,34.77476119995117,613.6505737304688,299.53778076171875,96.56947326660156,106.92713928222656
2025-07-03,212.52285766601562,47.643775939941406,90.07378387451172,979.9369506835938,141.17359924316406,25.674137115478516,46.04146194458008,178.90428161621094,705.9420166015625,151.4599609375,290.443603515625,69.38496398925781,285.087158203125,716.6611328125,78.31188201904297,139.97242736816406,493.95721435546875,158.9501953125,128.84765625,23.31439971923828,553.5538940429688,34.52298355102539,618.4869995117188,300.5019836425781,97.31147766113281,108.03443145751953
2025-07-07,208.940185546875,47.38087463378906,88.98728942871094,985.0599365234375,140.2506561279297,25.189353942871094,45.55806350708008,176.17385864257812,693.5044555664062,150.7415313720703,286.4892272949219,69.05433654785156,284.55401611328125,716.0032348632812,78.28285217285156,139.583984375,492.8481140136719,157.85289001464844,127.96253204345703,23.185794830322266,549.3840942382812,33.84511184692383,613.8780517578125,295.7882080078125,98.2909164428711,106.98490142822266
2025-07-08,208.99989318847656,45.91056823730469,92.10256958007812,978.7654418945312,145.80740356445312,25.344484329223633,45.3804817199707,173.75233459472656,680.1890258789062,151.246337890625,277.47174072265625,68.30553436279297,282.75091552734375,718.3157348632812,78.73765563964844,137.04946899414062,491.7588806152344,159.6085968017578,128.5240478515625,23.534868240356445,549.692626953125,35.38484573364258,613.5418090820312,299.6741943359375,96.05502319335938,109.95055389404297
2025-07-09,210.12445068359375,45.60871505737305,90.89106750488281,975.0424194335938,145.5980682373047,25.44144058227539,45.50873565673828,176.0044403076172,679.4866943359375,151.7220916748047,277.8446044921875,67.56646728515625,284.0595703125,730.3861694335938,81.00194549560547,137.4573211669922,498.58148193359375,162.48153686523438,127.9910888671875,23.47974967956543,553.5839233398438,35.1040153503418,617.2210083007812,295.0091247558594,95.77800750732422,109.57503509521484
2025-07-10,211.38836669921875,45.73529815673828,91.69873809814453,963.2078857421875,146.6923065185547,25.771093368530273,45.78496551513672,177.00094604492188,691.7388305664062,153.09097290039062,282.78021240234375,67.84847259521484,289.2654113769531,724.8641967773438,81.30192565917969,138.95277404785156,496.5713195800781,163.69857788085938,129.5138702392578,23.68184471130371,552.7876586914062,35.491371154785156,618.9617309570312,291.6977844238281,93.84879302978516,110.6630859375
2025-07-11,210.14434814453125,45.50160217285156,91.92948913574219,963.3668212890625,147.77699279785156,25.557790756225586,45.50873565673828,179.56201171875,687.671142578125,152.32398986816406,281.4751281738281,67.94572448730469,290.73895263671875,715.1660766601562,80.66327667236328,138.1662139892578,498.393310546875,164.5165557861328,128.73342895507812,23.562423706054688,551.543701171875,36.1305046081543,616.7858276367188,296.1680908203125,93.39369201660156,111.14452362060547
2025-07-14,207.6165771484375,45.832672119140625,90.544921875,973.8707275390625,144.2945098876953,25.586875915527344,45.81455612182617,180.92723083496094,695.8163452148438,152.246337890625,283.2806396484375,67.55674743652344,292.6487121582031,718.5648803710938,80.96324920654297,139.80735778808594,498.0962219238281,163.66864013671875,129.0284881591797,23.286842346191406,553.5439453125,35.07496643066406,617.9627075195312,292.7398986816406,94.75898742675781,109.69058227539062
2025-07-15,208.1042022705078,44.936859130859375,88.98728942871094,960.7357177734375,143.38108825683594,25.276615142822266,45.41994857788086,181.36572265625,685.2908325195312,150.6444549560547,281.17095947265625,67.44976806640625,290.4577941894531,708.0693359375,78.88279724121094,137.4961700439453,500.8688659667969,170.28240966796875,127.35338592529297,22.60706901550293,554.0515747070312,33.9613151550293,615.3220825195312,284.1012268066406,94.37313842773438,108.71807861328125
2025-07-16,209.14915466308594,44.82000732421875,87.98731994628906,944.5427856445312,142.64842224121094,25.392963409423828,45.84415817260742,182.3323211669922,691.4461059570312,159.9741668701172,280.4546813964844,67.36224365234375,289.7597961425781,700.6136474609375,79.76336669921875,135.74818420410156,500.67083740234375,170.95077514648438,128.81910705566406,22.60706901550293,554.6188354492188,33.496490478515625,617.3792114257812,284.8608703613281,94.13570404052734,108.0633316040039
2025-07-17,209.00985717773438,45.78398513793945,89.23727416992188,947.0645751953125,144.03761291503906,25.480224609375,46.0809211730957,182.94020080566406,688.5392456054688,158.22665405273438,284.4580993652344,68.6458969116211,291.18487548828125,699.1185913085938,78.88279724121094,136.82611083984375,506.6912841796875,172.57679748535156,138.4222412109375,22.579511642456055,559.107177734375,33.5739631652832,621.1574096679688,280.55621337890625,94.07633972167969,107.51448822021484
2025-07-18,210.1642608642578,46.07609939575195,88.11231994628906,944.1259155273438,142.76260375976562,25.645051956176758,45.96253967285156,184.41502380371094,690.8999633789062,158.92567443847656,285.8023986816406,67.92627716064453,287.9857482910156,701.979248046875,77.37326049804688,136.7581329345703,505.05743408203125,171.98825073242188,136.32838439941406,22.47846031188965,558.5698852539062,32.266639709472656,620.7024536132812,275.2775573730469,94.03677368164062,103.76890563964844
2025-07-21,211.45799255371094,46.23189163208008,87.49695587158203,940.7601318359375,142.42005920410156,25.567485809326172,46.0809211730957,189.43748474121094,688.6952514648438,159.56642150878906,285.50799560546875,68.14021301269531,286.6964111328125,710.640869140625,76.74429321289062,136.40853881835938,505.0673522949219,170.96075439453125,134.86268615722656,22.285554885864258,561.4658203125,32.47968673706055,621.87939453125,274.7808532714844,94.65015411376953,104.03851318359375
2025-07-22,213.3687744140625,46.5142707824707,89.40074157714844,934.8529052734375,142.76260375976562,25.74200439453125,46.455806732177734,190.6731414794922,683.2423095703125,163.0323028564453,285.9593811035156,67.74150848388672,290.0215759277344,702.507568359375,78.96989440917969,135.990966796875,500.3242492675781,166.6213836669922,138.99327087402344,23.09393310546875,558.5598754882812,33.264076232910156,621.9683837890625,277.69287109375,94.82823944091797,104.51032257080078
2025-07-23,213.11997985839844,46.87453842163086,91.38143920898438,934.435791015625,145.6931915283203,26.003787994384766,46.53472900390625,189.5670166015625,699.9329833984375,164.16818237304688,291.1893310546875,67.25527954101562,289.0036315917969,711.2489013671875,81.26321411132812,138.0982208251953,500.9183349609375,170.36221313476562,138.63160705566406,23.296030044555664,561.1076049804688,34.02910232543945,627.2598266601562,284.88037109375,94.6600570678711,105.84871673583984
2025-07-24,212.73182678222656,47.11796569824219,91.93912506103516,927.0988159179688,148.27175903320312,25.771093368530273,46.33742141723633,191.50025939941406,701.5523071289062,164.61476135253906,290.9832763671875,67.1969223022461,285.4749450683594,712.46484375,81.3890151977539,138.3798370361328,505.87933349609375,173.31497192382812,137.53709411621094,23.286842346191406,562.3018798828125,34.12594223022461,627.4674682617188,271.3136901855469,95.57025146484375,106.67677307128906
2025-07-25,212.85128784179688,47.1763916015625,91.29489135742188,928.7667846679688,147.3297882080078,25.674137115478516,46.37688064575195,192.50672912597656,711.112060546875,163.3915252685547,293.014404296875,67.26500701904297,289.34295654296875,710.3518676757812,81.96959686279297,138.87510681152344,508.6816711425781,173.07557678222656,136.52825927734375,23.165361404418945,563.6553955078125,34.34867477416992,630.1181030273438,273.7290344238281,96.43098449707031,106.30126953125
2025-07-28,213.0204620361328,46.96217727661133,93.28520965576172,927.2875366210938,148.699951171875,25.422048568725586,46.090789794921875,191.90884399414062,705.9126586914062,161.37217712402344,292.6807861328125,66.2147445678711,290.07000732421875,715.28564453125,81.34062957763672,138.43809509277344,507.48345947265625,176.31761169433594,134.73898315429688,22.71681785583496,565.4168090820312,34.86191177368164,629.9598999023438,274.7613830566406,96.56947326660156,107.30265808105469
2025-07-29,210.2538299560547,46.689537048339844,94.2178726196289,927.8634033203125,149.41357421875,25.567485809326172,46.159847259521484,195.06777954101562,714.03857421875,163.20704650878906,291.464111328125,67.46920776367188,293.4145202636719,697.7132568359375,79.95687866210938,139.40919494628906,507.55279541015625,175.08062744140625,136.947021484375,22.707473754882812,564.5410766601562,34.50361251831055,628.2982177734375,254.2604217529297,97.28179931640625,108.68919372558594
2025-07-30,208.0445098876953,46.69927215576172,92.94869232177734,920.8540649414062,146.1118621826172,25.35417938232422,45.755367279052734,195.84507751464844,712.838623046875,162.3818359375,294.0054626464844,66.85657501220703,294.32574462890625,692.9389038085938,79.10535430908203,140.74929809570312,508.2162170410156,178.83145141601562,135.96673583984375,22.24958610534668,565.2974853515625,33.08976745605469,627.507080078125,259.1007995605469,96.54969024658203,107.74556732177734
2025-07-31,206.5716094970703,46.02741241455078,91.66988372802734,932.8970336914062,144.2849884033203,25.22813606262207,45.55806350708008,191.23117065429688,705.8543090820312,159.9353485107422,290.6790771484375,66.02024841308594,290.89398193359375,770.913330078125,75.59278869628906,139.30209350585938,528.2778930664062,177.4348602294922,131.2650909423828,21.7636661529541,562.3018798828125,32.73146438598633,625.1531982421875,243.05064392089844,96.93553924560547,107.49523162841797
2025-08-01,201.40658569335938,44.45973205566406,89.18920135498047,946.9947509765625,144.056640625,25.121482849121094,45.24237060546875,188.47084045410156,692.1777954101562,162.44979858398438,283.9380798339844,66.96353912353516,293.6278076171875,747.559814453125,76.72494506835938,136.00680541992188,518.9798583984375,173.29502868652344,132.55947875976562,21.950557708740234,551.2251586914062,32.00517272949219,614.9065551757812,231.5681915283203,97.44010162353516,105.56947326660156
2025-08-04,202.37191772460938,44.64474105834961,89.2757339477539,949.8281860351562,143.71409606933594,25.480224609375,45.952674865722656,194.3602294921875,708.234375,166.05160522460938,288.73626708984375,67.06078338623047,294.92681884765625,773.833740234375,77.2765121459961,138.2264862060547,530.3969116210938,179.55967712402344,132.82595825195312,21.987937927246094,561.3961181640625,31.840551376342773,624.2530517578125,234.69444274902344,98.52836608886719,103.38375091552734
2025-08-05,201.94398498535156,44.362361907958984,89.61226654052734,938.15625,145.61708068847656,25.60626792907715,46.2979621887207,193.99151611328125,703.23974609375,165.76036071777344,285.9004821777344,67.1483154296875,289.6337890625,760.9659423828125,78.1764144897461,137.34645080566406,522.5841674804688,177.82391357421875,132.7212677001953,23.12798309326172,557.5845336914062,32.44095230102539,621.0880737304688,244.45309448242188,98.25135040283203,103.25858306884766
2025-08-06,212.22430419921875,44.226043701171875,89.5257339477539,962.941650390625,145.3697052001953,25.84865951538086,47.08718490600586,195.4065704345703,706.9760131835938,165.61471557617188,285.8808898925781,67.59563446044922,298.2519226074219,769.4680786132812,76.87008666992188,138.16781616210938,519.8016967773438,178.9810791015625,134.006103515625,22.36172103881836,564.600830078125,31.82118797302246,625.845458984375,239.36924743652344,102.2581787109375,102.55567932128906
2025-08-07,218.9716796875,43.73918533325195,89.03536224365234,971.7800903320312,145.7312774658203,25.790485382080078,46.70243835449219,195.8350830078125,702.0985107421875,166.5272979736328,281.5536804199219,68.49030303955078,298.4942932128906,759.3412475585938,77.77001190185547,137.79623413085938,515.7418212890625,180.32777404785156,136.97557067871094,22.642059326171875,566.5115356445312,31.753398895263672,625.3212280273438,238.2882080078125,102.02073669433594,102.0164794921875
2025-08-08,228.2468719482422,44.80052947998047,90.2949447631836,975.2896728515625,147.49156188964844,25.81957244873047,46.70243835449219,200.71800231933594,703.591064453125,168.27479553222656,283.3394775390625,68.40277099609375,296.1095275878906,766.7869262695312,78.07965087890625,140.00613403320312,516.9301147460938,182.2530517578125,138.20333862304688,22.969125747680664,571.796142578125,31.830862045288086,630.1972045898438,244.34596252441406,102.6242446899414,102.83492279052734
2025-08-11,226.34388732910156,44.94659423828125,89.92955017089844,983.0045166015625,146.0072021484375,25.83896255493164,46.643245697021484,200.29946899414062,701.6107177734375,168.75054931640625,284.12445068359375,68.80148315429688,295.0528564453125,763.3680419921875,77.44100189208984,140.69064331054688,516.6627807617188,181.6146240234375,137.87973022460938,22.969125747680664,570.1041870117188,31.34667205810547,628.9510498046875,245.787353515625,102.82210540771484,101.90092468261719
2025-08-12,228.80477905273438,46.251365661621094,90.94876098632812,985.5,146.94918823242188,26.139528274536133,46.870147705078125,202.63131713867188,725.1591796875,167.74085998535156,287.3527526855469,68.76258850097656,292.4160461425781,787.4192504882812,77.7022705078125,144.02505493164062,524.0595703125,182.71192932128906,139.78323364257812,23.034536361694336,577.269775390625,31.89864730834961,635.6469116210938,254.74742126464844,102.51541900634766,102.1897964477539
2025-08-13,232.47125244140625,45.99820327758789,92.18909454345703,973.1719360351562,148.309814453125,26.09105110168457,46.99839782714844,201.25611877441406,726.43701171875,169.3330078125,285.0762939453125,68.51947021484375,295.74114990234375,777.5316772460938,80.0343017578125,144.484619140625,515.484375,181.145751953125,142.14356994628906,23.511112213134766,577.558349609375,32.48937225341797,637.82275390625,264.7203063964844,99.9134521484375,103.60520935058594
2025-08-14,231.92327880859375,46.45584487915039,91.96794891357422,969.7321166992188,147.63427734375,25.926223754882812,46.69257354736328,202.2327117919922,728.8854370117188,169.624267578125,288.6381530761719,67.63453674316406,299.5024719238281,779.5748901367188,80.08268737792969,145.21798706054688,517.36572265625,181.57472229003906,141.44879150390625,23.46438980102539,577.1105346679688,32.1697998046875,637.882080078125,264.40863037109375,99.77493286132812,103.39338684082031
2025-08-15,230.73764038085938,45.706085205078125,91.66027069091797,966.4014282226562,148.95684814453125,26.013484954833984,46.63338088989258,203.18936157226562,712.8093872070312,171.48828125,285.0370178222656,67.99433898925781,299.48309326171875,782.664794921875,81.48577880859375,141.42401123046875,515.0783081054688,180.008544921875,143.1428985595703,23.49242401123047,574.57275390625,31.947072982788086,636.388671875,296.0804443359375,99.16507720947266,103.49056243896484
2025-08-18,230.0402374267578,46.66032409667969,91.12708282470703,973.6690063476562,147.7864990234375,26.023181915283203,46.712303161621094,202.79075622558594,713.0435791015625,171.10964965820312,286.0574951171875,67.22610473632812,299.2601318359375,764.8631591796875,81.49545288085938,141.5706787109375,512.0384521484375,181.56472778320312,142.33392333984375,23.427011489868164,574.3438110351562,32.24726867675781,636.2501220703125,300.4435729980469,99.8592300415039,103.7140884399414
2025-08-19,229.71145629882812,46.816123962402344,90.89441680908203,975.160400390625,146.23753356933594,25.800182342529297,46.36701583862305,200.86749267578125,703.6983032226562,172.6144561767578,285.203857421875,68.19856262207031,301.42193603515625,749.0250854492188,82.18248748779297,140.87643432617188,504.7801513671875,175.21031188964844,144.8179931640625,23.660627365112305,566.5513916015625,32.286006927490234,632.7984008789062,296.3044128417969,100.44430541992188,104.39437103271484
2025-08-20,225.17819213867188,47.07902145385742,91.98988342285156,988.8008422851562,147.41128540039062,25.88744354248047,46.47553634643555,198.62533569335938,703.0155029296875,173.62411499023438,286.754150390625,68.75286102294922,303.50616455078125,745.27734375,81.92122650146484,140.92530822753906,500.7698059082031,174.97091674804688,143.45697021484375,23.71669578552246,563.1876220703125,32.30537796020508,631.1170043945312,292.0191955566406,101.713623046875,105.47310638427734
2025-08-21,224.072265625,46.99138641357422,91.88323974609375,964.05517578125,149.65296936035156,26.042573928833008,46.643245697021484,199.0538330078125,698.4014892578125,173.71148681640625,285.9986572265625,68.71397399902344,303.6418762207031,736.6854858398438,83.29528045654297,140.8470916748047,500.1250915527344,174.5519256591797,141.79139709472656,24.053104400634766,560.5801391601562,32.74114990234375,628.5850830078125,295.4376525878906,97.1421127319336,106.15339660644531
2025-08-22,226.92173767089844,48.179317474365234,93.82211303710938,952.979736328125,152.18324279785156,26.430400848388672,47.38314437866211,205.37173461914062,723.7056274414062,174.0609893798828,290.6790771484375,68.19856262207031,304.46588134765625,752.32421875,84.54354858398438,144.73886108398438,503.09075927734375,177.55458068847656,142.4195556640625,24.183927536010742,569.2284545898438,34.484249114990234,638.2382202148438,299.4014892578125,96.02153778076172,108.14564514160156
2025-08-25,226.323974609375,48.179317474365234,95.17932891845703,936.1181640625,152.20249938964844,26.013484954833984,46.909610748291016,207.7633819580078,720.6815185546875,173.20664978027344,289.3642578125,67.0316162109375,303.8551940917969,750.8390502929688,82.55018615722656,144.37704467773438,500.1449890136719,179.3701171875,141.04905700683594,23.49242401123047,567.58642578125,34.52298355102539,635.42919921875,296.9082336425781,95.26789093017578,108.59268951416016
2025-08-26,228.46604919433594,48.929080963134766,94.08386993408203,935.879638671875,151.39434814453125,26.14922523498535,47.3732795715332,206.4180908203125,730.5925903320312,172.60032653808594,292.96533203125,66.83712768554688,303.3704833984375,751.636474609375,82.24053955078125,145.6678009033203,497.943115234375,181.32533264160156,139.90695190429688,23.286840438842773,569.8653564453125,34.20341491699219,638.0897827148438,292.5937805175781,95.24805450439453,108.3497314453125
2025-08-27,229.6417236328125,49.055660247802734,94.90788269042969,944.0121459960938,153.2030792236328,26.178312301635742,47.71856689453125,206.75689697265625,731.2948608398438,172.89369201660156,293.6620178222656,66.93437194824219,301.9066467285156,744.9384155273438,81.35030364990234,146.0687255859375,502.6047058105469,181.15574645996094,140.51608276367188,23.427011489868164,570.7412109375,34.84254837036133,639.5436401367188,295.9538269042969,95.27780151367188,109.57424926757812
2025-08-28,231.70408630371094,49.16276931762695,95.44107055664062,939.4785766601562,153.28005981445312,26.265573501586914,47.80735397338867,210.90240478515625,732.8069458007812,171.583251953125,295.4184265136719,66.47731018066406,302.6724853515625,748.65625,80.51811981201172,146.85098266601562,505.4810791015625,179.72923278808594,139.88792419433594,22.98781394958496,574.31396484375,35.32673645019531,641.8085327148438,294.40533447265625,95.30755615234375,110.1573486328125
2025-08-29,231.28562927246094,49.40620040893555,95.94518280029297,937.8480224609375,154.51150512695312,26.255878448486328,48.132911682128906,212.16796875,730.8749389648438,173.26531982421875,295.7618408203125,67.08995056152344,303.9521484375,736.2868041992188,81.398681640625,147.14431762695312,502.5551452636719,173.75387573242188,141.47732543945312,23.137327194213867,567.666015625,35.675357818603516,637.98095703125,301.7875671386719,96.1702880859375,111.07086944580078
2025-09-02,228.87454223632812,49.0946044921875,95.96456909179688,933.3741455078125,155.6948699951172,25.955312728881836,47.935604095458984,210.61341857910156,716.7527465820312,174.13571166992188,294.0741882324219,67.15802764892578,307.8420715332031,732.7085571289062,82.71469116210938,145.55047607421875,500.9979248046875,170.36221313476562,143.02870178222656,23.34290885925293,562.9088745117188,34.765079498291016,633.2533569335938,300.7454833984375,97.03302001953125,111.45960998535156
2025-09-03,237.59234619140625,48.74406814575195,91.75720977783203,944.2706298828125,152.0677947998047,25.790485382080078,48.211830139160156,229.85610961914062,716.4683227539062,174.07704162597656,293.8876953125,67.08995056152344,308.456298828125,734.6421508789062,81.45674896240234,145.23756408691406,501.22607421875,170.20260620117188,141.4678192138672,23.165361404418945,567.3375854492188,34.164756774902344,636.685302734375,299.8494567871094,98.60974884033203,108.7579116821289
2025-09-04,238.89752197265625,49.28935241699219,92.84297943115234,950.3551025390625,151.7118377685547,26.081356048583984,48.45846176147461,231.49038696289062,734.4545288085938,174.82029724121094,298.1168212890625,66.37034606933594,309.0412292480469,746.2042846679688,81.3309555053711,147.19322204589844,503.82470703125,171.24008178710938,139.80227661132812,22.931745529174805,572.4727783203125,35.15065002441406,642.00634765625,302.2842712402344,100.08731079101562,109.23410034179688
2025-09-05,238.80784606933594,48.73124694824219,90.10916900634766,957.89111328125,147.83462524414062,26.110441207885742,48.50779342651367,234.18096923828125,723.9707641601562,174.49755859375,288.85400390625,66.08833312988281,306.4966735839844,749.9918823242188,81.96959686279297,144.80731201171875,490.9605407714844,166.61141967773438,140.68931579589844,23.24946403503418,573.298828125,34.96518325805664,640.14697265625,307.16363525390625,99.67081451416016,106.15339660644531
2025-09-08,237.00450134277344,48.42771530151367,88.60655212402344,966.2125854492188,148.16172790527344,26.178312301635742,48.636043548583984,233.4329071044922,727.5404663085938,174.2041778564453,287.4115905761719,65.57292175292969,304.9562683105469,749.8423461914062,81.3696517944336,145.4917755126953,494.1344299316406,167.8982696533203,136.1915740966797,22.94108772277832,576.095458984375,34.92613983154297,641.7195434570312,311.8968200683594,101.42603302001953,106.75592803955078
2025-09-09,233.48751831054688,49.240394592285156,89.05248260498047,973.5697021484375,148.97950744628906,26.071659088134766,48.6064453125,239.00843811035156,749.1846923828125,173.05996704101562,292.2588806152344,65.99108123779297,304.68328857421875,763.1986083984375,81.87283325195312,148.84576416015625,494.3427429199219,170.34225463867188,137.52745056152344,23.09060287475586,577.7275390625,34.92613983154297,643.203125,338.8451232910156,101.43595886230469,107.53339385986328
2025-09-10,225.95533752441406,49.083736419677734,91.43729400634766,950.7427368164062,151.8080291748047,26.284963607788086,48.754425048828125,238.5496063232422,754.735595703125,171.91575622558594,294.89837646484375,65.95218658447266,298.2683410644531,749.5234375,81.31159973144531,150.70362854003906,496.2867126464844,176.8961944580078,137.10458374023438,22.959779739379883,577.9166259765625,35.29707336425781,645.0625610351562,337.7348327636719,99.5716552734375,109.33128356933594
2025-09-11,229.18341064453125,49.690792083740234,91.25310516357422,958.726318359375,152.2506103515625,26.575834274291992,49.2476921081543,239.7465057373047,769.5933837890625,174.56602478027344,299.82415771484375,65.75769805908203,300.69586181640625,748.4468994140625,82.39537048339844,153.01132202148438,496.9215087890625,176.74655151367188,138.61343383789062,23.23077392578125,581.2803955078125,35.170169830322266,650.4231567382812,344.3866882324219,101.7929458618164,108.9814224243164
2025-09-12,233.20852661132812,49.52434158325195,89.60506439208984,962.2855224609375,151.15382385253906,26.411008834838867,48.93199920654297,240.17538452148438,765.0134887695312,174.13571166992188,301.1488037109375,65.16448974609375,297.7418518066406,753.1216430664062,80.13106536865234,152.92332458496094,505.73895263671875,177.39498901367188,137.94070434570312,22.30565643310547,583.8480224609375,34.721153259277344,650.2055053710938,343.3153991699219,102.62593078613281,109.00086975097656
2025-09-15,235.828857421875,49.53413772583008,89.50811767578125,954.5306396484375,151.3462371826172,26.73096466064453,49.454864501953125,250.95733642578125,771.584228515625,173.49024963378906,303.1014099121094,64.88031768798828,294.495361328125,762.2018432617188,79.17340087890625,153.16778564453125,511.1543884277344,177.32516479492188,135.1632537841797,22.399099349975586,588.8439331054688,33.94024658203125,653.6671142578125,340.9534606933594,102.82426452636719,109.18550872802734
2025-09-16,237.2735137939453,49.6026725769043,91.65058135986328,946.5473022460938,153.49169921875,26.54674530029297,49.40553665161133,250.50851440429688,770.3779907226562,172.5709991455078,303.385986328125,64.90970611572266,295.6847839355469,776.4552001953125,79.2417984008789,152.35617065429688,504.8859558105469,174.4620361328125,134.57699584960938,22.333688735961914,588.3463745117188,34.39903259277344,652.7671508789062,333.005126953125,102.5565185546875,111.44988250732422
2025-09-17,238.11044311523438,50.32722854614258,90.95258331298828,957.4437866210938,154.02085876464844,26.314050674438477,49.306884765625,248.88275146484375,778.9003295898438,173.294677734375,305.8979187011719,65.69364929199219,297.3226318359375,773.1858520507812,79.29066467285156,153.9207305908203,505.85797119140625,169.8829803466797,135.73025512695312,22.473857879638672,587.172119140625,33.95976638793945,651.9561767578125,334.79864501953125,103.39942169189453,112.04270935058594
2025-09-18,237.00450134277344,51.041996002197266,90.62297821044922,946.8355712890625,152.8182373046875,26.071659088134766,49.50419235229492,251.3762664794922,788.7957153320312,170.32168579101562,307.35015869140625,65.12528991699219,293.58868408203125,777.7010498046875,79.6717758178711,155.71014404296875,504.3008117675781,175.81878662109375,135.24974060058594,22.567304611206055,592.466552734375,33.91096115112305,655.0023803710938,328.1440734863281,102.73501586914062,110.72101593017578
2025-09-19,244.59646606445312,51.159488677978516,89.11064910888672,945.642578125,150.28794860839844,26.071659088134766,50.046783447265625,254.0592803955078,789.472412109375,172.30694580078125,308.8710632324219,65.09588623046875,294.797607421875,775.8372192382812,79.65223693847656,156.3653106689453,513.703369140625,176.2477264404297,136.2396240234375,22.455171585083008,596.4771728515625,33.608360290527344,658.2465209960938,329.97674560546875,101.47562408447266,109.64228057861328
2025-09-22,255.1374969482422,50.83637237548828,89.19791412353516,937.7884521484375,150.13400268554688,26.100746154785156,50.19476318359375,251.8749542236328,790.0216064453125,170.37057495117188,306.57501220703125,64.88031768798828,295.39227294921875,763.175048828125,78.56753540039062,157.14756774902344,510.25177001953125,183.17117309570312,135.5380401611328,22.464515686035156,600.0083618164062,33.11052322387695,661.3607177734375,334.4948425292969,101.96153259277344,108.86480712890625
2025-09-23,253.49359130859375,50.620967864990234,90.61327362060547,938.1264038085938,151.45205688476562,26.052268981933594,49.8494758605957,251.00721740722656,790.7669677734375,172.68833923339844,306.8693542480469,65.37027740478516,295.5872497558594,753.4404296875,78.13755798339844,157.1964569091797,505.074462890625,178.0035400390625,136.37416076660156,22.548614501953125,596.02294921875,33.666927337646484,657.7606201171875,340.7574462890625,101.66403198242188,110.74044799804688
2025-09-24,251.38140869140625,50.620967864990234,92.70726776123047,939.7868041992188,153.14532470703125,25.664440155029297,49.563385009765625,246.49893188476562,777.1448974609375,172.79592895507812,307.53662109375,65.11549377441406,296.69866943359375,758.686767578125,77.85417175292969,154.3802947998047,505.9869079589844,176.54701232910156,136.6336669921875,22.5112361907959,593.9305419921875,33.784061431884766,655.6678466796875,344.7952880859375,101.8722915649414,111.33325958251953
2025-09-25,255.92462158203125,50.76782989501953,93.8511962890625,937.838134765625,154.62696838378906,25.664440155029297,49.37594223022461,245.15245056152344,779.429931640625,173.81298828125,307.5660400390625,64.65493774414062,294.71954345703125,746.96728515625,75.83134460449219,155.42657470703125,502.8923645019531,177.2653045654297,134.47128295898438,22.053348541259766,591.3699340820312,33.7645378112793,652.6429443359375,338.66986083984375,102.18961334228516,112.3342514038086
2025-09-26,254.51980590820312,51.120323181152344,95.47016143798828,910.6368408203125,154.08819580078125,25.858354568481445,49.346343994140625,245.90048217773438,787.0304565429688,175.7493438720703,310.12701416015625,64.35115814208984,297.5858459472656,741.8206787109375,76.76947021484375,156.5608673095703,507.28619384765625,177.7641143798828,134.97103881835938,22.202863693237305,593.801025390625,34.67234802246094,656.3820190429688,337.2193908691406,102.29869842529297,113.91834259033203
2025-09-29,253.49359130859375,51.3259391784668,92.92053985595703,911.551513671875,150.18211364746094,26.158920288085938,49.780418395996094,243.41696166992188,788.609375,177.61724853515625,309.7640075683594,64.71372985839844,295.39227294921875,741.4715576171875,76.78901672363281,157.58758544921875,510.4005432128906,181.4153594970703,134.71153259277344,22.286964416503906,596.5509643554688,34.27212905883789,658.2266845703125,338.2974853515625,102.21936798095703,111.00284576416016
2025-09-30,253.69287109375,50.513267517089844,91.69904327392578,920.2606811523438,149.40281677246094,26.178312301635742,49.86920928955078,242.4694366455078,780.9892578125,181.33351135253906,309.50885009765625,64.98810577392578,296.26971435546875,732.4749755859375,82.01708221435547,155.43637084960938,513.7232666015625,186.13404846191406,134.97103881835938,23.81014060974121,598.1849975585938,33.54978561401367,660.7061157226562,338.4150390625,102.19952392578125,109.57424926757812
2025-10-01,254.5098419189453,49.622257232666016,92.54244995117188,912.018798828125,148.71974182128906,26.323747634887695,49.88893508911133,244.26473999023438,770.3583374023438,181.9496307373047,304.8774719238281,65.4388656616211,292.9842224121094,715.4791870117188,88.07576751708984,153.41224670410156,515.4689331054688,186.79249572753906,137.56588745117188,25.4267635345459,601.0545043945312,34.25260925292969,662.95751953125,341.3552551269531,101.10871124267578,108.83564758300781
2025-10-02,256.1836853027344,49.426429748535156,90.52603149414062,911.4520874023438,147.5555877685547,26.352834701538086,49.908668518066406,245.05270385742188,764.3466186523438,181.8811798095703,301.7767639160156,64.77252197265625,292.3602600097656,725.1640014648438,87.46990203857422,151.85748291015625,511.53131103515625,188.43853759765625,136.76821899414062,25.30528450012207,603.5255126953125,33.295997619628906,663.7210693359375,346.6672058105469,100.85088348388672,108.15536499023438
2025-10-03,257.0703430175781,49.58308792114258,91.2822036743164,910.0701293945312,147.72877502441406,26.595226287841797,50.54991912841797,244.71359252929688,774.7420654296875,184.48255920410156,304.2102355957031,65.31147766113281,293.43267822265625,708.7167358398438,87.15719604492188,154.09671020507812,513.1281127929688,187.17156982421875,136.4510498046875,25.57628059387207,600.9848022460938,33.44240951538086,663.7112426757812,353.0179748535156,101.21778869628906,110.06988525390625
2025-10-06,255.74526977539062,49.33830642700195,92.00926971435547,905.6558837890625,148.18096923828125,26.52735710144043,50.609107971191406,249.7803955078125,781.4110107421875,184.01312255859375,304.8511047363281,64.77252197265625,288.6165771484375,713.8035278320312,86.77608489990234,154.5856475830078,524.256591796875,185.09654235839844,134.2598419189453,24.69788360595703,605.498291015625,33.7645378112793,666.0914916992188,351.616455078125,101.842529296875,110.9833984375
2025-10-07,255.5360870361328,49.240394592285156,92.31949615478516,909.4934692382812,149.0372314453125,26.314050674438477,50.25395202636719,245.1225128173828,774.4185791015625,184.72703552246094,303.38201904296875,65.44866180419922,288.8895263671875,711.230224609375,85.61320495605469,152.51263427734375,519.7040405273438,184.59774780273438,135.30738830566406,24.54836654663086,602.3099975585938,33.58883285522461,663.6219482421875,356.40899658203125,102.37802124023438,111.04170989990234
2025-10-08,257.1102294921875,48.79978561401367,90.88471984863281,909.4934692382812,147.91159057617188,26.40131187438965,50.45125961303711,243.9854736328125,761.5319213867188,185.50941467285156,299.773193359375,64.79212188720703,287.0176696777344,715.9779663085938,84.43077850341797,152.19972229003906,520.56689453125,188.6580047607422,133.43331909179688,23.997034072875977,609.2147216796875,33.15933609008789,667.5791625976562,362.5441589355469,102.04086303710938,110.8084716796875
2025-10-09,253.1050262451172,48.75082778930664,89.13973236083984,937.4205932617188,145.8911895751953,26.100746154785156,49.8494758605957,240.9034881591797,764.9154663085938,186.86875915527344,301.2522277832031,65.03710174560547,286.44244384765625,731.607177734375,85.50570678710938,152.80599975585938,518.136962890625,192.1097412109375,139.0747528076172,23.58587074279785,608.4774169921875,32.339378356933594,665.6452026367188,360.358642578125,100.92029571533203,109.72974395751953
2025-10-10,244.36732482910156,47.63462829589844,84.96145629882812,924.6152954101562,143.2550811767578,25.63535499572754,49.18850326538086,235.9563751220703,749.6163330078125,186.51670837402344,296.67718505859375,65.69364929199219,289.562255859375,703.4703979492188,84.03012084960938,148.49374389648438,506.790283203125,182.7222442626953,144.23562622070312,23.156015396118164,587.3546142578125,30.963027954101562,647.6542358398438,347.431640625,100.98970031738281,107.61114501953125
2025-10-13,246.74851989746094,47.840240478515625,86.06661987304688,930.1331176757812,146.1798095703125,25.84865951538086,49.908668518066406,243.51669311523438,771.6038818359375,186.69271850585938,303.6580810546875,65.45846557617188,292.5845031738281,713.8433837890625,83.74673461914062,151.69125366210938,509.8550720214844,187.86990356445312,143.0919647216797,23.10929298400879,599.8190307617188,31.499900817871094,657.5919189453125,351.5086975097656,101.26737976074219,109.07861328125
2025-10-14,246.8581085205078,49.04457092285156,85.47526550292969,941.0195922851562,146.61276245117188,25.88744354248047,49.8494758605957,244.8133087158203,755.892822265625,186.6438446044922,297.85052490234375,66.15421295166016,296.9228820800781,706.8117065429688,82.76952362060547,151.89659118652344,509.37896728515625,179.59971618652344,145.63876342773438,22.913057327270508,595.8236694335938,31.79274559020996,656.78857421875,352.7533874511719,106.31487274169922,109.127197265625
2025-10-15,248.42233276367188,51.18886184692383,85.05840301513672,949.4503784179688,146.3433837890625,26.071659088134766,50.273685455322266,250.37884521484375,753.117431640625,186.95680236816406,301.4100036621094,65.73284149169922,297.5956115722656,715.6886596679688,82.19297790527344,159.0445556640625,509.2401123046875,179.4001922607422,145.27359008789062,22.791576385498047,600.0282592773438,31.79274559020996,659.7044677734375,353.94903564453125,108.11968231201172,108.46635437011719
2025-10-16,246.53929138183594,49.38726043701172,84.25377655029297,920.2506713867188,145.95852661132812,26.14922523498535,49.938262939453125,250.80772399902344,743.4672241210938,187.88584899902344,294.3600769042969,66.23259735107422,297.673583984375,710.2228393554688,82.00730895996094,156.47286987304688,507.4349670410156,181.3754425048828,146.7247772216797,22.642059326171875,597.806396484375,32.13439178466797,655.211669921875,349.55841064453125,105.58106231689453,107.52367401123047
2025-10-17,251.36148071289062,50.20973205566406,83.8369140625,930.898681640625,147.27659606933594,26.100746154785156,49.60284423828125,252.6429443359375,736.2884521484375,188.96160888671875,293.3938293457031,67.0655288696289,300.3643798828125,715.0602416992188,82.85747528076172,155.1527862548828,509.38897705078125,182.78207397460938,147.72427368164062,22.90371322631836,601.7320556640625,31.85131072998047,658.9308471679688,349.4897766113281,106.83053588867188,109.07861328125
2025-10-20,261.27484130859375,50.95387268066406,84.39917755126953,930.6798706054688,148.62351989746094,26.430400848388672,50.03691864013672,255.884521484375,748.5963745117188,189.45057678222656,298.1265869140625,67.0655288696289,300.0523986816406,730.2706298828125,84.35260009765625,158.379638671875,512.5726928710938,182.20347595214844,147.65701293945312,23.071914672851562,609.3143310546875,32.63222122192383,665.7840576171875,357.2126770019531,106.15621185302734,109.52565002441406
2025-10-21,261.8028869628906,50.444725036621094,83.76905822753906,932.061767578125,147.9596710205078,26.284963607788086,49.31675338745117,249.81033325195312,744.3400268554688,187.65113830566406,292.93035888671875,69.7896957397461,299.76971435546875,731.367919921875,85.62297821044922,155.70037841796875,513.4356079101562,180.72702026367188,147.21490478515625,23.22142791748047,609.1549682617188,32.72007369995117,665.7740478515625,358.0848693847656,105.33314514160156,109.53536987304688
2025-10-22,257.4988098144531,50.03348922729492,84.73849487304688,939.2001953125,149.67221069335938,26.24618148803711,49.523921966552734,251.03713989257812,730.2373657226562,188.68780517578125,289.99212646484375,69.38792419433594,302.3337097167969,731.5075073242188,85.61320495605469,154.61495971679688,516.2921142578125,179.84912109375,147.0707550048828,23.099946975708008,603.286376953125,34.067142486572266,662.3128051757812,354.2822570800781,106.2454605102539,111.47904205322266
2025-10-23,258.6246032714844,50.679710388183594,87.3268814086914,936.58544921875,150.6246795654297,26.362529754638672,49.8988037109375,252.4235382080078,736.29833984375,188.22813415527344,290.4161376953125,68.53541564941406,299.2724914550781,732.095947265625,85.19300079345703,155.77859497070312,516.3119506835938,181.72462463378906,145.6099395751953,23.053226470947266,608.35791015625,35.15065002441406,666.2402954101562,353.2630310058594,105.9677963256836,112.71327209472656
2025-10-24,261.85272216796875,51.47281265258789,85.33953857421875,926.73291015625,149.66258239746094,26.352834701538086,50.15530014038086,259.24578857421875,768.759765625,186.20375061035156,296.2334899902344,68.31002807617188,298.1221008300781,736.4446411132812,85.49593353271484,160.22772216796875,519.3370361328125,185.81480407714844,145.6483917236328,23.137327194213867,614.8541259765625,34.97494888305664,671.6851806640625,355.2721252441406,105.28355407714844,112.13988494873047
2025-10-27,267.8206787109375,51.91341781616211,85.9793701171875,924.4561767578125,149.3931884765625,26.537052154541016,50.10597610473633,268.5715026855469,774.751953125,186.10595703125,299.89154052734375,68.65299987792969,302.22650146484375,748.872314453125,85.99431610107422,162.33984375,527.1825561523438,191.03231811523438,146.68634033203125,23.14667320251465,625.80419921875,35.29707336425781,679.6094970703125,358.6827697753906,103.5977554321289,112.67440032958984
2025-10-28,268.00994873046875,51.76654815673828,84.13743591308594,918.7991943359375,148.28680419921875,26.68248748779297,50.71762466430664,266.7762451171875,776.8114624023438,182.8102264404297,301.0846252441406,68.75099182128906,298.71673583984375,749.4906616210938,85.04641723632812,161.5478057861328,537.6464233398438,200.5495147705078,144.2740478515625,22.894367218017578,630.6165161132812,35.00423049926758,681.41455078125,360.50567626953125,102.30860137939453,111.79002380371094
2025-10-29,268.7073974609375,51.482601165771484,85.38801574707031,907.1272583007812,149.2200164794922,26.178312301635742,50.06651306152344,273.8577880859375,767.9556274414062,182.48751831054688,301.2325439453125,66.97733306884766,294.768310546875,749.7200927734375,84.606689453125,160.39395141601562,537.1306762695312,206.545166015625,140.46827697753906,22.698129653930664,633.4561767578125,35.95108413696289,681.7418212890625,348.176513671875,101.60453796386719,113.17002868652344
2025-10-30,270.4011535644531,51.9232063293457,85.44618225097656,914.8423461914062,147.69992065429688,26.071659088134766,49.98759078979492,280.7498779296875,774.9186401367188,184.8834991455078,305.10748291015625,67.59468078613281,294.8463439941406,664.7410888671875,84.31351470947266,161.59669494628906,521.469482421875,202.4050750732422,141.8041534423828,22.698129653930664,623.7715454101562,35.453250885009766,674.2439575195312,337.8760681152344,101.37646484375,111.45960998535156
2025-10-31,269.37493896484375,52.334442138671875,86.1441650390625,907.4450073242188,151.74069213867188,25.955312728881836,50.0566520690918,280.4606018066406,774.1439208984375,184.7074737548828,306.7639465332031,67.51628875732422,290.9466247558594,646.6681518554688,84.02035522460938,161.34091186523438,513.5843505859375,202.00604248046875,140.4010009765625,23.034536361694336,626.780517578125,35.199459075927734,676.4556274414062,334.7496643066406,100.33522033691406,111.13890075683594
2025-11-03,268.0597839355469,52.4421501159668,85.863037109375,923.9620361328125,148.20021057128906,26.023181915283203,49.98759078979492,282.9840393066406,770.3681640625,182.15499877929688,305.0187683105469,66.60497283935547,288.9382629394531,636.0557861328125,80.60989379882812,160.99659729003906,512.8107299804688,206.38552856445312,138.0079803466797,23.043880462646484,629.7796020507812,36.13655090332031,677.7251586914062,327.13458251953125,100.74179077148438,110.55579376220703
2025-11-04,269.0461730957031,52.42256546020508,85.22321319580078,936.606201171875,147.57484436035156,25.60626792907715,49.05038833618164,276.820068359375,775.5757446289062,182.7417755126953,304.920166015625,67.28111267089844,291.70703125,625.6926879882812,81.94867706298828,161.3507537841797,510.1328430175781,198.21510314941406,137.33522033691406,22.707473754882812,616.996337890625,35.258026123046875,669.6917114257812,324.23358154296875,101.41612243652344,110.92509460449219
2025-11-05,269.14581298828125,51.355316162109375,85.01962280273438,930.92138671875,146.8725128173828,25.858354568481445,49.58311080932617,283.572509765625,777.7921142578125,181.90072631835938,307.3161315917969,67.13412475585938,298.00506591796875,634.30029296875,82.46659088134766,162.5017852783203,503.02130126953125,194.7434539794922,137.29678344726562,22.99715805053711,621.0116577148438,35.67776107788086,672.012451171875,321.2051696777344,100.62279510498047,110.47804260253906
2025-11-06,268.7771301269531,52.17778396606445,83.04198455810547,919.5216674804688,147.14190673828125,25.65474510192871,49.079978942871094,284.0113525390625,772.388427734375,182.849365234375,309.03179931640625,67.6730728149414,290.9271240234375,617.3344116210938,83.82492065429688,160.7703094482422,493.04339599609375,187.6304931640625,136.06663513183594,23.22142791748047,609.4439086914062,35.4922981262207,664.8021850585938,315.1484375,100.83104705810547,111.27495574951172
2025-11-07,267.4819030761719,52.08966064453125,84.17622375488281,918.6852416992188,149.14306640625,25.63535499572754,49.42526626586914,278.10675048828125,771.17236328125,182.45819091796875,309.8106994628906,69.1331558227539,292.14581298828125,620.0972900390625,84.31351470947266,159.72750854492188,492.76568603515625,187.70030212402344,137.38328552246094,23.230937957763672,607.5209350585938,35.78513717651367,665.4567260742188,317.74560546875,101.73343658447266,113.91834259033203
2025-11-10,268.6985778808594,52.30506896972656,85.53343200683594,911.536865234375,149.74917602539062,25.994094848632812,50.204627990722656,289.3475036621094,781.8228149414062,184.25762939453125,312.4532165527344,69.10374450683594,291.5998229980469,630.1211547851562,84.7728042602539,162.3739013671875,501.8707275390625,198.5742645263672,137.06614685058594,23.192901611328125,620.9617919921875,36.0291748046875,675.8407592773438,315.1679992675781,101.56487274169922,114.89017486572266
2025-11-11,274.5028076171875,52.510684967041016,87.91824340820312,909.8443603515625,150.31680297851562,25.81957244873047,50.35261154174805,290.55438232421875,794.6799926757812,189.55816650390625,311.2009582519531,70.17186737060547,299.135986328125,625.4533081054688,88.8770751953125,163.80038452148438,504.5289001464844,192.69833374023438,139.43032836914062,24.257930755615234,619.307861328125,36.71247100830078,677.3878784179688,320.9210205078125,102.57635498046875,116.40624237060547
2025-11-12,272.7276611328125,52.98066329956055,86.34774780273438,909.9837036132812,147.5074920654297,25.771093368530273,51.053043365478516,285.9662780761719,822.787109375,190.10581970214844,315.92388916015625,70.0738754272461,299.24322509765625,607.43017578125,89.36567687988281,167.1649169921875,506.9688415527344,193.33680725097656,138.76719665527344,24.600261688232422,618.8197021484375,35.20922088623047,677.7647705078125,332.29949951171875,102.57635498046875,114.79299926757812
2025-11-13,272.2090759277344,51.76654815673828,86.68705749511719,921.0150756835938,149.68182373046875,25.150571823120117,49.95799255371094,277.847412109375,789.9627685546875,190.94686889648438,305.1469421386719,69.64271545410156,299.8671875,608.3079223632812,90.81195068359375,162.92481994628906,499.182861328125,186.41339111328125,139.37266540527344,24.524188995361328,606.1858520507812,35.44349670410156,666.5179443359375,325.889892578125,101.68387603759766,115.4441146850586
2025-11-14,271.6705322265625,51.5119743347168,88.57746124267578,918.9242553710938,151.6444854736328,25.160266876220703,50.204627990722656,275.6930236816406,775.6541748046875,191.61187744140625,299.3591003417969,69.73090362548828,299.3309631347656,607.8790283203125,90.80217742919922,161.20318603515625,506.01666259765625,189.71546936035156,140.17034912109375,23.830015182495117,606.64404296875,36.05845642089844,666.408935546875,315.44244384765625,101.62438201904297,116.94403076171875
2025-11-17,266.7339782714844,50.40555953979492,86.8064956665039,908.5799560546875,148.9506378173828,24.859699249267578,49.66203689575195,284.2806701660156,760.6002807617188,195.1814422607422,296.1644592285156,69.26054382324219,297.2543640136719,600.4483032226562,90.74354553222656,156.86468505859375,503.34857177734375,186.15402221679688,142.0732421875,23.849035263061523,601.4630126953125,34.94566345214844,660.2003173828125,314.129150390625,102.09043884277344,115.36568450927734
2025-11-18,266.7139892578125,50.562217712402344,87.74579620361328,891.1469116210938,149.44677734375,24.627004623413086,49.8494758605957,283.5425720214844,761.325927734375,195.59219360351562,295.2179260253906,69.7896957397461,296.9521789550781,596.1395874023438,94.232177734375,157.238525390625,489.76043701171875,180.92652893066406,142.9766387939453,24.200876235961914,594.1397705078125,35.179935455322266,654.6563110351562,307.3275451660156,100.54346466064453,116.68914031982422
2025-11-19,267.83099365234375,50.934288024902344,86.08245849609375,886.6865234375,147.57894897460938,24.530046463012695,49.938262939453125,292.05047607421875,770.8291015625,198.04685974121094,299.02386474609375,69.6819076538086,295.1485595703125,588.7886962890625,92.88362884521484,159.6586456298828,483.14483642578125,186.07420349121094,141.38128662109375,23.658851623535156,597.686767578125,35.00423049926758,657.1853637695312,302.9270935058594,99.76998138427734,115.04218292236328
2025-11-20,265.5272521972656,49.93557357788086,85.58345794677734,889.36474609375,146.22669982910156,24.19070053100586,49.23782730102539,288.69921875,758.776123046875,198.59451293945312,294.2023620605469,69.77989959716797,296.532958984375,587.6217041015625,92.80545806884766,156.12684631347656,475.4139099121094,180.208251953125,140.41061401367188,23.202411651611328,583.5385131835938,34.3502197265625,647.1683349609375,305.3282165527344,106.21570587158203,114.71866607666016
2025-11-21,270.75299072265625,50.483890533447266,85.4856185913086,895.0596313476562,145.90565490722656,24.55913543701172,49.750823974609375,298.8827209472656,759.0997924804688,199.40621948242188,293.84735107421875,71.48495483398438,301.5928039550781,592.70849609375,95.53186798095703,155.60543823242188,469.1436462402344,178.4524688720703,140.63165283203125,23.81100082397461,587.9224853515625,35.32635498046875,653.6149291992188,313.5901184082031,104.4406509399414,114.77749633789062
2025-11-24,275.1710205078125,50.84616470336914,85.67151641845703,882.2261962890625,145.68191528320312,24.665788650512695,50.36247253417969,317.75360107421875,775.4580688476562,201.50885009765625,293.8276672363281,71.1321792602539,297.2543640136719,611.459716796875,98.11170196533203,160.1898956298828,471.0118408203125,182.1136932373047,139.833984375,23.98216438293457,602.9575805664062,34.85781478881836,663.235107421875,312.6884765625,103.19116973876953,113.68932342529297
2025-11-25,276.2181396484375,51.38468551635742,84.75179290771484,890.400146484375,144.49505615234375,24.84031105041504,50.865604400634766,322.60101318359375,786.8441162109375,203.39845275878906,298.75762939453125,71.15178680419922,302.66522216796875,634.5695190429688,103.25181579589844,162.7477264404297,473.9829406738281,177.39498901367188,140.42022705078125,24.457622528076172,606.6740112304688,35.04327392578125,669.4734497070312,319.7743225097656,106.10662078857422,112.2580337524414
2025-11-26,276.79656982421875,51.8840446472168,85.21165466308594,904.2689208984375,145.44842529296875,25.034221649169922,51.54631042480469,319.1201171875,800.2700805664062,204.2743682861328,303.33270263671875,71.4163589477539,304.5663146972656,631.96630859375,102.24527740478516,165.217041015625,482.4393005371094,179.82916259765625,142.2174072265625,24.44811248779297,612.034423828125,34.80900573730469,674.09521484375,323.13592529296875,108.18910217285156,112.5129165649414
2025-11-28,278.0930480957031,52.5302734375,86.77714538574219,909.5755615234375,147.02442932128906,25.063310623168945,51.99024963378906,319.3495178222656,810.1065673828125,203.64450073242188,308.696533203125,71.65154266357422,304.0008850097656,646.2691650390625,102.44072723388672,166.90914916992188,488.9082946777344,176.5769500732422,142.9478302001953,24.476642608642578,616.996337890625,35.375160217285156,677.7747192382812,323.1947326660156,109.58732604980469,113.64029693603516
2025-12-01,282.33148193359375,52.12882614135742,88.31328582763672,907.9526977539062,148.3961181640625,24.94696044921875,51.47725296020508,314.0732421875,795.2193603515625,202.08950805664062,304.5948181152344,71.00025177001953,297.73370361328125,639.2074584960938,99.50910186767578,165.73843383789062,483.6714782714844,179.48997497558594,143.6878204345703,24.029708862304688,614.923828125,35.72657012939453,674.6803588867188,316.7655334472656,110.59880828857422,114.33634185791016
2025-12-02,285.4131164550781,52.079864501953125,87.36420440673828,917.9784545898438,146.1683349609375,25.1408748626709,51.43779373168945,314.9908142089844,803.4489135742188,202.16824340820312,303.5693359375,69.73715209960938,294.9385070800781,645.4213256835938,98.72733306884766,166.348388671875,486.91094970703125,181.02630615234375,142.82289123535156,23.915599822998047,619.7362670898438,35.4922981262207,675.9300537109375,318.0690002441406,111.4714584350586,113.11092376708984
2025-12-03,283.378662109375,52.961090087890625,89.82984924316406,918.2074584960938,147.471923828125,25.334787368774414,51.76335144042969,318.8008728027344,824.500732421875,202.0796661376953,307.75982666015625,69.87529754638672,301.79412841796875,637.9407958984375,99.93907165527344,170.9033203125,474.7182922363281,179.1607666015625,142.2943115234375,24.314985275268555,621.2507934570312,36.94347381591797,678.2706298828125,332.9365539550781,113.45476531982422,115.48333740234375
2025-12-04,279.93804931640625,53.02962875366211,91.11160278320312,891.9234008789062,148.12371826171875,25.489919662475586,52.35526657104492,316.796142578125,825.7426147460938,199.2747802734375,311.67425537109375,69.52005004882812,302.6081848144531,659.81396484375,98.59052276611328,172.05435180664062,477.8086853027344,182.951904296875,141.18907165527344,24.4386043548584,620.6729125976562,37.504268646240234,678.7664794921875,326.8405456542969,113.88116455078125,114.83631134033203
2025-12-05,278.0232238769531,53.0985221862793,91.66930389404297,890.7486572265625,145.92514038085938,25.53839874267578,52.57230758666992,320.4366149902344,842.231201171875,198.73348999023438,310.6291198730469,69.07598876953125,305.2464599609375,671.673095703125,97.44719696044922,173.64808654785156,480.11407470703125,181.98416137695312,140.73587036132812,24.752410888671875,623.20361328125,37.838775634765625,680.0557861328125,324.3119812011719,114.14891815185547,114.24811553955078
2025-12-08,277.1356506347656,53.04930877685547,90.87677001953125,883.6201171875,144.670166015625,25.44144058227539,52.23688507080078,313.1109313964844,854.1862182617188,198.4283905029297,310.79669189453125,69.32269287109375,303.83416748046875,665.0702514648438,96.6751937866211,173.962890625,487.9245300292969,185.11683654785156,141.32786560058594,24.505168914794922,622.0079956054688,37.62233352661133,678.0127563476562,319.2998352050781,112.61184692382812,113.69912719726562
2025-12-09,276.42755126953125,52.69498825073242,91.41490936279297,884.5360107421875,144.45616149902344,25.548093795776367,52.35526657104492,316.4643859863281,863.93359375,196.794677734375,296.30255126953125,69.164794921875,304.8149108886719,655.2557983398438,94.68169403076172,175.93045043945312,488.9181823730469,184.53817749023438,140.36708068847656,24.086763381958008,622.775146484375,37.68136215209961,677.427490234375,319.28009033203125,114.09933471679688,115.92448425292969
2025-12-10,278.0232238769531,53.22646713256836,94.71222686767578,870.5676879882812,147.29681396484375,25.83896255493164,52.996517181396484,319.58831787109375,876.410888671875,203.2705078125,305.76806640625,69.2832260131836,304.5599365234375,648.4435424804688,95.39506530761719,176.79620361328125,475.5430603027344,183.35096740722656,145.27761840820312,24.514678955078125,625.3258666992188,39.285030364990234,681.92041015625,323.9864196777344,112.23503112792969,117.18911743164062
2025-12-11,277.2752380371094,53.69889450073242,94.6241683959961,880.5934448242188,146.6255645751953,25.829265594482422,53.35166931152344,311.8233947753906,897.8865356445312,206.68557739257812,312.9363098144531,68.19773864746094,303.75567626953125,651.016845703125,96.75337982177734,177.36679077148438,480.422119140625,180.50759887695312,144.63711547851562,24.533695220947266,623.3032836914062,39.688411712646484,683.5072021484375,332.2348327636719,114.55548858642578,117.18911743164062
2025-12-12,277.52459716796875,54.26973342895508,93.47940063476562,880.5834350585938,145.9154052734375,25.712921142578125,53.164222717285156,308.68951416015625,875.1494140625,208.23072814941406,314.0603332519531,69.58912658691406,310.63092041015625,642.5587768554688,98.01397705078125,175.5172882080078,475.51324462890625,174.6114044189453,146.19955444335938,24.58124351501465,611.3867797851562,38.81278610229492,676.1580810546875,337.2765808105469,115.96153259277344,116.48326873779297
2025-12-15,273.3658752441406,54.45674133300781,92.3248519897461,856.7785034179688,145.73057556152344,25.615962982177734,53.075439453125,307.62158203125,876.7559204101562,210.7797393798828,315.53936767578125,70.03319549560547,312.60223388671875,646.3570556640625,98.8122787475586,174.90733337402344,471.82666015625,175.87843322753906,146.75271606445312,25.132776260375977,608.3179931640625,38.271671295166016,675.1365356445312,336.5464782714844,116.05097198486328,115.44412231445312
2025-12-16,273.8645324707031,53.9449462890625,88.8122787475586,856.6093139648438,142.76341247558594,25.462125778198242,52.732051849365234,305.97479248046875,866.4664306640625,205.98683166503906,311.1319274902344,69.44110870361328,308.4535827636719,655.9798583984375,96.85101318359375,173.64808654785156,473.38677978515625,177.30511474609375,145.9278106689453,24.276948928833008,609.5235595703125,37.002506256103516,673.2918701171875,329.7386169433594,114.68963623046875,112.42469024658203
2025-12-17,271.1020812988281,53.689048767089844,92.91191101074219,858.8594360351562,145.4581756591797,25.225452423095703,52.56284713745117,296.1439208984375,859.7449340820312,207.00051879882812,310.5699462890625,69.73715209960938,312.56304931640625,648.343505859375,97.74787139892578,171.96580505371094,473.1184387207031,170.5409393310547,145.64639282226562,23.81100082397461,598.2247924804688,37.90764236450195,665.8832397460938,327.2029113769531,114.92813110351562,115.10100555419922
2025-12-18,271.45111083984375,53.40362548828125,90.24079895019531,853.8215942382812,143.67787170410156,25.4522647857666,52.97092819213867,301.8727722167969,863.6575927734375,205.0124969482422,308.6176452636719,69.43123626708984,313.5045471191406,663.2669067382812,99.23606872558594,170.15565490722656,480.92889404296875,173.73345947265625,144.95738220214844,23.81100082397461,606.8931884765625,37.51410675048828,670.9114990234375,323.7594909667969,114.1033706665039,114.24811553955078
2025-12-19,272.9271545410156,54.39768600463867,89.95704650878906,851.8602905273438,143.73623657226562,25.52129364013672,53.428775787353516,306.56365966796875,880.5896606445312,203.1031951904297,312.7686767578125,69.13520050048828,309.767822265625,657.5969848632812,99.63029479980469,174.11045837402344,482.8566589355469,180.56747436523438,143.7831268310547,23.953636169433594,614.8043212890625,37.46491622924805,676.9923095703125,323.0491027832031,113.6363525390625,114.3951644897461
2025-12-22,270.23443603515625,54.9980583190918,91.29749298095703,846.2649536132812,145.73057556152344,25.787551879882812,53.916481018066406,309.1785583496094,886.0300903320312,204.03817749023438,318.56634521484375,69.2832260131836,310.1405334472656,660.3220825195312,103.20787811279297,176.8453826904297,481.8630065917969,183.26116943359375,142.70591735839844,23.972654342651367,617.7513427734375,37.710880279541016,681.2098999023438,320.81927490234375,111.88748168945312,115.82644653320312
2025-12-23,271.62066650390625,55.086639404296875,90.73001861572266,851.0338745117188,146.4212646484375,26.24117660522461,54.284751892089844,313.73968505859375,888.7010498046875,202.52255249023438,321.3666076660156,68.94770812988281,304.86395263671875,663.7559814453125,103.52326202392578,176.589599609375,483.78082275390625,188.76828002929688,139.4354705810547,23.658851623535156,620.6444702148438,37.58297348022461,684.3233032226562,320.46405029296875,110.1982421875,117.07147216796875
2025-12-24,273.06671142578125,55.36221694946289,89.820068359375,868.0289306640625,146.4115447998047,26.23131561279297,54.34446716308594,313.48016357421875,897.64013671875,204.4908905029297,324.5612487792969,69.1845474243164,307.3060607910156,666.3613891601562,104.91289520263672,178.70474243164062,484.94342041015625,188.169677734375,139.4936981201172,23.801490783691406,622.460205078125,37.356693267822266,686.7305297851562,323.20697021484375,110.90374755859375,116.87540435791016
2025-12-26,272.6578369140625,55.283477783203125,89.565673828125,869.5122680664062,145.944580078125,26.310205459594727,54.54353332519531,312.9013366699219,893.9540405273438,204.34324645996094,323.31890869140625,68.94770812988281,304.7070007324219,662.10888671875,105.23812866210938,178.92117309570312,484.6354064941406,190.085205078125,139.5325164794922,23.858545303344727,622.4203491210938,37.17959976196289,686.660888671875,327.40020751953125,111.03292846679688,116.76756286621094
2025-12-29,273.0168762207031,54.47642135620117,90.63217163085938,864.026611328125,146.8882293701172,26.112977981567383,54.07573699951172,312.95123291015625,879.3084716796875,204.2743682861328,319.2171325683594,69.23388671875,302.5983581542969,657.5171508789062,105.0804443359375,177.02247619628906,484.02923583984375,187.7805938720703,139.9789276123047,23.77296257019043,619.4074096679688,37.28782653808594,684.2138671875,324.548828125,111.81793212890625,118.1596450805664
2025-12-30,272.33868408203125,54.407527923583984,92.07046508789062,861.8462524414062,148.17237854003906,26.043947219848633,54.04587173461914,313.24066162109375,871.660400390625,203.6346435546875,318.8917541503906,69.14506530761719,302.10797119140625,664.7642211914062,104.52852630615234,176.17640686035156,484.4068603515625,187.1021728515625,139.9012908935547,23.763450622558594,617.9707641601562,37.92732238769531,683.3783569335938,327.7257995605469,111.21178436279297,118.610595703125
2025-12-31,271.12200927734375,54.1319465637207,91.59103393554688,858.55078125,148.26966857910156,25.826997756958008,53.67760467529297,312.3923034667969,866.318603515625,203.6740264892578,317.70855712890625,68.9871826171875,299.7541198730469,658.9146728515625,103.74008178710938,174.6515350341797,480.5711669921875,186.0646209716797,139.28018188476562,23.67786979675293,612.8628540039062,37.76007080078125,678.3152465820312,325.70318603515625,110.70502471923828,117.97337341308594
2026-01-02,270.27435302734375,55.066959381103516,94.6143798828125,850.7452392578125,151.6648406982422,26.10311508178711,53.93638610839844,314.53814697265625,901.1488037109375,204.06768798828125,320.92291259765625,68.20761108398438,297.4296569824219,649.2518920898438,104.91289520263672,178.95068359375,469.95849609375,188.4091339111328,138.02828979492188,23.944128036499023,611.6756591796875,39.5506706237793,679.55859375,331.9092102050781,112.04647827148438,120.23795318603516
2026-01-05,266.5345458984375,55.99211502075195,97.06046295166016,871.891845703125,159.39889526367188,26.24117660522461,54.33451843261719,315.92547607421875,934.7568359375,201.0758056640625,329.3630676269531,67.04318237304688,294.09503173828125,657.616943359375,105.88860321044922,183.51544189453125,469.86907958984375,187.6808319091797,135.7865447998047,23.93461799621582,616.5341796875,43.092525482177734,684.0845336914062,337.4541931152344,111.99679565429688,122.8946533203125
2026-01-06,261.64776611328125,56.346435546875,95.01554870605469,885.193115234375,152.28744506835938,26.122838973999023,54.39423751831055,313.7297058105469,941.6854248046875,201.5482177734375,331.41326904296875,66.94449615478516,296.9490661621094,659.4437255859375,107.29795837402344,184.70584106445312,475.493408203125,186.80288696289062,134.85491943359375,24.181856155395508,621.951416015625,42.925270080566406,688.1529541015625,344.3114013671875,113.61647033691406,118.66941833496094
2026-01-07,259.6233215332031,54.761844635009766,91.91390991210938,878.7017822265625,150.98385620117188,25.9058895111084,53.75722885131836,321.3548583984375,927.44384765625,204.2054901123047,323.8660888671875,66.64846801757812,298.3124084472656,647.5349731445312,107.03184509277344,181.7938232421875,480.422119140625,188.66851806640625,132.96249389648438,24.039220809936523,622.550048828125,41.68561935424805,685.9347534179688,337.13848876953125,112.0067367553711,116.15975952148438
2026-01-08,258.33685302734375,55.2933235168457,96.5908203125,911.2879028320312,154.92384338378906,26.00450325012207,54.20512390136719,324.80816650390625,921.3431396484375,202.49301147460938,326.63934326171875,68.45431518554688,302.9416198730469,644.9096069335938,109.38733673095703,181.68560791015625,475.09588623046875,184.60801696777344,135.25277709960938,24.048728942871094,619.0083618164062,43.712345123291016,685.8651123046875,342.2197265625,112.3545150756836,120.49284362792969
2026-01-09,258.6659240722656,54.96853256225586,95.40691375732422,920.8159790039062,157.70614624023438,25.896028518676758,54.374332427978516,327.9320983886719,925.4332885742188,201.15455627441406,326.0450744628906,69.57926177978516,301.41162109375,651.8970947265625,108.9339828491211,183.2990264892578,476.2585144042969,184.42843627929688,135.77682495117188,24.229402542114258,625.173828125,44.46990966796875,690.4010009765625,339.3880310058594,113.8052749633789,122.15940856933594
2026-01-12,259.54351806640625,54.318946838378906,93.44026184082031,938.9359741210938,157.92990112304688,26.08339500427246,54.832176208496094,331.2156677246094,935.8507690429688,206.40017700195312,321.38995361328125,69.56939697265625,300.8525695800781,640.826904296875,107.61333465576172,183.5449676513672,474.1717529296875,184.5082550048828,137.1840057373047,24.029708862304688,625.6925659179688,44.420719146728516,691.4852294921875,335.9643859863281,117.2235107421875,121.59081268310547
2026-01-13,260.34136962890625,53.67920684814453,94.37956237792969,937.7909545898438,159.41831970214844,26.043947219848633,54.86203384399414,335.3177185058594,924.6152954101562,210.2679443359375,307.9297790527344,70.29962921142578,303.4908752441406,629.96630859375,106.69676208496094,179.79672241210938,467.70281982421875,185.376220703125,139.2413787841797,23.915599822998047,624.7647705078125,45.15860366821289,690.1026000976562,329.47216796875,119.598388671875,124.05145263671875
2026-01-14,259.25433349609375,51.65171813964844,98.17587280273438,946.8012084960938,162.69680786132812,26.172147750854492,54.921756744384766,335.18798828125,919.21435546875,215.0904083251953,304.9287414550781,70.49698638916016,302.2060546875,614.4240112304688,109.40705871582031,177.84884643554688,456.4840087890625,182.71243286132812,141.6092987060547,24.324495315551758,618.0905151367188,46.21131896972656,686.7106323242188,330.4884338378906,119.28041076660156,127.63946533203125
2026-01-15,257.5090637207031,51.759986877441406,96.7962875366211,952.5458374023438,161.64613342285156,26.280620574951172,54.961570739746094,332.1338806152344,961.7811889648438,216.09425354003906,306.30548095703125,69.5496597290039,302.6866149902344,619.694580078125,109.36763000488281,188.12940979003906,453.7811584472656,186.6133270263672,142.24008178710938,24.619279861450195,620.3153076171875,45.817779541015625,688.5806884765625,334.4350280761719,118.44571685791016,126.59052276611328
2026-01-16,254.83636474609375,52.13398742675781,96.07225036621094,959.375732421875,161.743408203125,26.369373321533203,54.87199020385742,329.35931396484375,948.1211547851562,215.19866943359375,309.48480224609375,69.51018524169922,301.51953125,619.1455688476562,107.25853729248047,186.02410888671875,456.9609680175781,185.79522705078125,141.9974822998047,24.39105987548828,619.7965087890625,45.975196838378906,688.0037231445312,326.6010437011719,118.94255828857422,127.33555603027344
2026-01-20,246.0303192138672,51.27771759033203,93.45983123779297,960.0228881835938,160.8094940185547,26.09325408935547,54.49376678466797,321.3748474121094,929.760009765625,214.75579833984375,299.8477478027344,70.80289459228516,297.0177307128906,603.0443115234375,107.86957550048828,179.14744567871094,451.65460205078125,177.65428161621094,143.2978973388672,24.267440795898438,606.6276245117188,45.6997184753418,673.9981689453125,333.912109375,117.95882415771484,127.89437103271484
2026-01-21,246.97775268554688,51.248191833496094,95.05467987060547,978.5411376953125,162.20065307617188,26.32992935180664,54.76250457763672,327.7424621582031,939.2609252929688,214.55894470214844,299.15447998046875,71.05946350097656,299.8129577636719,611.8685913085938,109.505615234375,180.34767150878906,441.3102111816406,182.8920440673828,142.4050750732422,24.619279861450195,614.8282470703125,47.73628234863281,681.77685546875,343.1076965332031,118.60470581054688,130.982421875
2026-01-22,247.67584228515625,51.6221923828125,94.7905044555664,971.8805541992188,162.13253784179688,26.694799423217773,54.9416618347168,329.89825439453125,940.8773193359375,215.03135681152344,300.729248046875,70.92131042480469,300.14642333984375,646.476806640625,107.60347747802734,180.08203125,448.2959289550781,184.40847778320312,140.1342010498047,24.818973541259766,619.2976684570312,48.52336120605469,685.3379516601562,349.7380065917969,117.08438873291016,131.01182556152344
2026-01-23,247.36668395996094,50.903717041015625,96.22879791259766,978.929443359375,162.19090270996094,27.000503540039062,55.508995056152344,327.2933044433594,905.6232299804688,216.6552276611328,294.8757019042969,71.91797637939453,303.30450439453125,657.5870361328125,106.617919921875,176.0977020263672,463.0125732421875,187.23187255859375,140.30886840820312,24.79963493347168,621.2530517578125,48.356109619140625,685.5865478515625,351.5041198730469,116.98502349853516,132.31565856933594
2026-01-26,254.7166748046875,51.19898223876953,96.3266372680664,973.3739624023438,162.94972229003906,27.237178802490234,55.42936706542969,332.61297607421875,918.416015625,217.98385620117188,298.16400146484375,71.60220336914062,306.9333801269531,671.1627807617188,105.84918212890625,178.93101501464844,467.31524658203125,186.03468322753906,141.56077575683594,25.022008895874023,623.9866333007812,48.89722442626953,689.0680541992188,346.9457702636719,116.89559936523438,132.18821716308594
2026-01-27,257.56890869140625,51.34661102294922,97.71601867675781,966.0164794921875,164.45762634277344,27.848583221435547,55.917076110839844,333.90045166015625,916.306884765625,220.8871612548828,297.44097900390625,72.57913208007812,308.0906982421875,671.7716674804688,106.3616714477539,179.6983642578125,477.55035400390625,188.07989501953125,144.3848114013672,25.621456146240234,629.6432495117188,49.841712951660156,691.8134765625,278.92608642578125,116.20002746582031,134.1390838623047
2026-01-28,255.74388122558594,50.99229431152344,99.20323181152344,956.5581665039062,165.31370544433594,27.77955436706543,56.08627700805664,335.3576354980469,923.2945556640625,224.11524963378906,297.89654541015625,72.09559631347656,306.7862548828125,667.5392456054688,105.35640716552734,179.383544921875,478.59368896484375,191.07289123535156,144.11306762695312,25.002674102783203,631.728271484375,48.080631256103516,691.7438354492188,290.094970703125,115.83236694335938,134.8743438720703
2026-01-29,257.578857421875,52.242252349853516,100.58282470703125,948.7028198242188,166.53948974609375,28.02608871459961,56.265438079833984,337.5932922363281,926.556884765625,223.69203186035156,303.49261474609375,72.4607162475586,309.4441833496094,736.995361328125,106.77560424804688,179.4425811767578,430.76715087890625,192.06057739257812,144.29745483398438,25.234718322753906,627.9472045898438,47.667415618896484,690.3711547851562,288.3880920410156,116.66705322265625,137.7467041015625
2026-01-30,258.775634765625,52.360355377197266,101.98198699951172,937.3972778320312,172.0943603515625,27.365375518798828,54.00605773925781,337.3437805175781,921.914794921875,223.65267944335938,302.9676818847656,73.82250213623047,308.9439697265625,715.2241821289062,108.677734375,180.8274688720703,427.5773620605469,190.68380737304688,149.09152221679688,25.563446044921875,620.405029296875,47.598548889160156,688.3120727539062,283.099609375,118.38610076904297,138.61920166015625
2026-02-02,269.2770690917969,53.17725372314453,99.59461212158203,965.4219360351562,169.30233764648438,27.562604904174805,54.29470443725586,343.0227355957031,932.6773071289062,227.09727478027344,305.1961975097656,74.33563995361328,312.4061279296875,705.152099609375,111.73297882080078,183.1026611328125,420.7010192871094,185.17669677734375,150.61514282226562,25.776151657104492,624.6650390625,47.27387237548828,691.7339477539062,281.77752685546875,123.27497100830078,135.67820739746094
2026-02-03,268.7485046386719,53.59062576293945,102.6473159790039,974.9529418945312,173.20338439941406,27.730247497558594,54.58334732055664,339.0504455566406,925.443115234375,229.4100799560547,311.8420715332031,75.87504577636719,313.3378601074219,690.4683227539062,114.16730499267578,180.93629455566406,408.6176452636719,179.91897583007812,158.03915405273438,24.91565704345703,615.0676879882812,48.95625305175781,685.885009765625,280.3863220214844,126.9018783569336,140.9033966064453
2026-02-04,275.73944091796875,54.50595474243164,105.2695083618164,975.3816528320312,176.3067169189453,27.957059860229492,54.75254821777344,332.3934020996094,900.123779296875,230.7583770751953,314.2389221191406,76.32897186279297,317.4669189453125,667.7987670898438,116.6213607788086,178.13682556152344,411.5788879394531,173.78334045410156,161.27076721191406,25.892173767089844,604.322998046875,50.52056884765625,682.5626831054688,272.2366027832031,127.1900405883789,144.68746948242188
2026-02-05,275.1610107421875,54.07289505004883,102.71580505371094,986.2884521484375,174.36106872558594,27.45412826538086,53.88662338256836,330.6068420410156,877.5640258789062,234.02581787109375,307.1968688964844,77.47366333007812,317.2609558105469,669.0166015625,118.0208511352539,173.94256591796875,391.188232421875,171.47872924804688,162.5808868408203,25.611785888671875,595.6235961914062,48.710289001464844,674.0379638671875,264.9649963378906,126.13674926757812,143.20716857910156
2026-02-06,277.36505126953125,55.63779830932617,105.29886627197266,998.1224365234375,175.94679260253906,27.838722229003906,54.75254821777344,322.233154296875,915.3508911132812,236.19102478027344,319.3199462890625,77.98680114746094,320.8702087402344,660.2822265625,120.16937255859375,178.01812744140625,398.61114501953125,184.97714233398438,165.4534454345703,26.317584991455078,608.2138671875,49.881072998046875,686.96923828125,272.95684814453125,130.34991455078125,146.1187744140625
2026-02-09,274.13079833984375,55.51969528198242,106.3555679321289,994.5633544921875,177.63954162597656,28.43040657043457,56.006656646728516,323.6903381347656,930.0064086914062,234.8623809814453,319.0228271484375,76.94078826904297,319.3401794433594,676.0140991210938,115.951171875,180.38233947753906,410.9925842285156,189.59634399414062,161.55221557617188,26.153221130371094,612.8728637695312,49.723655700683594,690.2816772460938,272.01953125,128.20359802246094,148.23629760742188
2026-02-10,273.19244384765625,54.51579284667969,105.18144989013672,968.283203125,177.30874633789062,28.243038177490234,56.45454788208008,317.9614562988281,935.2988891601562,234.57696533203125,315.2392883300781,75.79609680175781,319.70306396484375,669.5256958007812,115.4583969116211,175.970458984375,410.6646728515625,188.09983825683594,162.03744506835938,26.694656372070312,610.029541015625,49.507205963134766,688.4613037109375,269.5726623535156,125.89826202392578,148.6088104248047
2026-02-11,275.00921630859375,53.00009536743164,108.81143188476562,975.17236328125,180.77206420898438,28.893890380859375,56.31520462036133,310.35626220703125,930.96240234375,237.0472412109375,307.8505859375,77.56246948242188,316.9961242675781,667.4993286132812,117.58719635009766,174.77349853515625,401.82073974609375,189.6063232421875,164.15304565429688,26.81067657470703,611.6657104492188,51.02632141113281,688.3021850585938,275.18670654296875,127.95516204833984,152.500732421875
2026-02-12,261.2637634277344,51.69108963012695,108.43963623046875,995.8294067382812,177.4449462890625,28.696664810180664,55.001380920410156,308.4000549316406,891.5,240.6788330078125,299.74871826171875,77.95719146728516,325.69561767578125,648.6529541015625,117.5182113647461,166.24652099609375,399.30670166015625,186.5035858154297,162.26063537597656,26.559295654296875,599.22509765625,50.1158447265625,677.668701171875,280.57379150390625,132.79434204101562,147.9611358642578
2026-02-13,255.32435607910156,51.720611572265625,109.02668762207031,1015.389892578125,178.74855041503906,28.75583267211914,55.90711975097656,305.1264343261719,892.08154296875,239.5962371826172,299.6595458984375,77.64141845703125,321.2821044921875,638.630859375,119.65689086914062,169.3031768798828,398.7900085449219,182.3832244873047,161.03787231445312,26.665651321411133,600.5020141601562,49.86842727661133,678.1461181640625,289.2760314941406,133.0427703857422,146.50057983398438
2026-02-17,263.4099426269531,51.90761947631836,106.43384552001953,1008.9794311523438,177.36343383789062,28.91361427307129,55.598575592041016,301.43359375,902.82421875,239.47813415527344,304.19580078125,78.50979614257812,321.32135009765625,638.151611328125,119.81456756591797,169.68896484375,394.3581237792969,184.53817749023438,157.13662719726562,26.462614059448242,599.8834838867188,49.324119567871094,679.2402954101562,285.23077392578125,128.03466796875,144.270263671875
2026-02-18,263.8791198730469,52.5178337097168,108.97783660888672,993.057861328125,180.6248321533203,28.90375328063965,56.195762634277344,302.7410888671875,920.259033203125,241.1118621826172,305.8300476074219,78.44071960449219,321.5861511230469,642.0746459960938,119.90327453613281,174.68447875976562,397.0808410644531,187.5411376953125,159.53366088867188,26.462614059448242,604.3629760742188,51.05601119995117,682.662109375,284.3526916503906,125.81877136230469,148.7012939453125
2026-02-19,260.11578369140625,51.9371452331543,110.03291320800781,984.8229370117188,181.51876831054688,28.962923049926758,56.48440933227539,302.26202392578125,903.4254760742188,243.00144958496094,305.1070251464844,77.86837768554688,320.8211364746094,643.6318969726562,120.10037994384766,172.48843383789062,396.8517761230469,187.46133422851562,159.7277374267578,25.969520568847656,602.04833984375,51.006526947021484,680.8616333007812,286.0595703125,124.07984924316406,148.98748779296875
2026-02-20,264.1086730957031,52.22256851196289,108.98770904541016,982.2807006835938,180.6837615966797,29.288349151611328,56.89249038696289,314.36846923828125,908.934814453125,238.65142822265625,307.82086181640625,78.78610229492188,322.9004211425781,654.4924926757812,120.49461364746094,173.5172119140625,395.6267395019531,189.3768768310547,160.06741333007812,25.766483306884766,607.3757934570312,50.32366943359375,685.7855834960938,286.1286315917969,122.21173858642578,145.345947265625
2026-02-23,265.705810546875,50.263973236083984,108.34677124023438,983.0284423828125,181.64649963378906,29.041812896728516,56.6834716796875,310.8852233886719,879.4365844726562,241.94839477539062,294.82623291015625,79.49659729003906,328.1278991699219,636.1152954101562,122.0320816040039,165.0001220703125,382.918212890625,191.1028289794922,163.34756469726562,26.16288948059082,599.9932250976562,50.709632873535156,678.7827758789062,278.5708923339844,125.0138931274414,148.78024291992188
2026-02-24,271.6552429199219,49.61438751220703,109.04686737060547,995.4007568359375,182.0688934326172,29.170011520385742,56.882537841796875,310.2964172363281,889.2529296875,243.6699676513672,294.459716796875,79.65449523925781,326.64691162109375,638.16162109375,122.14049530029297,166.96864318847656,387.4299621582031,192.39979553222656,164.53150939941406,26.240238189697266,606.4380493164062,51.313316345214844,683.7164916992188,270.29290771484375,125.94795227050781,147.29994201660156
2026-02-25,273.74151611328125,50.874183654785156,108.47496032714844,991.7418823242188,180.96865844726562,29.741971969604492,57.32047653198242,312.29248046875,908.0872192382812,242.5717315673828,300.4023742675781,79.40779113769531,326.6076965332031,652.5260620117188,120.69171905517578,171.85533142089844,398.9831237792969,195.10345458984375,164.1724395751953,26.191896438598633,615.227294921875,51.12528610229492,689.4859008789062,280.40606689453125,124.95427703857422,147.10256958007812
2026-02-26,272.4637756347656,51.47455978393555,109.15533447265625,983.7462158203125,180.90972900390625,29.722248077392578,57.87785720825195,306.78326416015625,915.5972900390625,240.88975524902344,303.20538330078125,79.43739318847656,328.0985107421875,655.8401489257812,117.57735443115234,175.57476806640625,400.0986022949219,184.45835876464844,162.62940979003906,26.201562881469727,607.8048095703125,50.9570426940918,685.6561889648438,282.8332214355469,123.63268280029297,146.5894012451172
2026-02-27,263.70941162109375,49.043548583984375,111.87682342529297,1007.7232666015625,183.46383666992188,29.672943115234375,57.70865249633789,311.15472412109375,847.1689453125,245.79718017578125,297.4310607910156,80.48339080810547,334.5029296875,647.02587890625,122.0320816040039,164.71324157714844,391.15484619140625,176.77635192871094,164.72561645507812,26.73332977294922,605.8594360351562,50.808597564697266,682.3637084960938,289.3549499511719,127.14035034179688,150.4973907470703
2026-03-02,264.2484130859375,49.02386474609375,116.59011840820312,999.7276000976562,186.25372314453125,29.515159606933594,57.88780975341797,305.92486572265625,853.7377319335938,245.92579650878906,294.7172546386719,79.16108703613281,328.3829345703125,652.396240234375,119.65689086914062,165.19796752929688,396.9413757324219,182.0540008544922,162.33827209472656,26.356258392333984,606.6575317382812,50.739322662353516,682.751708984375,290.9928283691406,126.29573059082031,152.19480895996094
2026-03-03,263.2801818847656,49.18133544921875,116.8662109375,1004.71240234375,185.4383544921875,28.68680191040039,56.80290985107422,302.9905700683594,854.609619140625,244.13497924804688,297.3914489746094,78.2927017211914,327.6037902832031,653.91357421875,118.09969329833984,164.1593017578125,402.2996826171875,179.62965393066406,160.0382843017578,25.698802947998047,600.162841796875,48.07716751098633,676.7337036132812,285.34918212890625,127.1006088256836,149.83619689941406
2026-03-04,262.0523376464844,49.506126403808594,114.03626251220703,1003.685546875,182.74671936035156,28.943199157714844,57.2010383605957,302.54150390625,859.2364501953125,242.7003631591797,296.52978515625,77.06907653808594,327.1796875,666.541015625,118.54319763183594,165.77171325683594,403.5645751953125,182.61268615722656,159.07754516601562,25.737478256225586,609.3112182617188,47.39430618286133,681.5082397460938,288.0624694824219,127.00123596191406,147.85260009765625
2026-03-05,259.8263244628906,49.02386474609375,115.18993377685547,979.5889282226562,186.54840087890625,28.213455200195312,56.64365768432617,300.29583740234375,827.7401733398438,237.0904541015625,290.74554443359375,76.01319122314453,322.9486999511719,659.393798828125,114.39398956298828,160.7959747314453,409.0224304199219,182.9119873046875,155.95266723632812,25.727807998657227,607.4755859375,46.90938186645508,677.70849609375,284.9150390625,122.52970886230469,148.78024291992188
2026-03-06,257.0013427734375,48.14295196533203,115.43644714355469,995.0717163085938,186.5877227783203,27.937335968017578,56.08627700805664,297.9404296875,813.8298950195312,237.85227966308594,286.7144470214844,76.02306365966797,323.5502624511719,643.7117309570312,114.11803436279297,158.54058837890625,407.30938720703125,177.40487670898438,156.1024627685547,26.153221130371094,598.337158203125,46.414554595947266,668.82568359375,282.6556396484375,123.01661682128906,149.22434997558594
2026-03-09,259.41705322265625,47.410518646240234,115.39701080322266,1002.2498779296875,186.09652709960938,28.459991455078125,56.345062255859375,305.98040771484375,824.3419189453125,240.01905822753906,287.1502685546875,76.77303314208984,326.2525939941406,646.2373046875,115.4189682006836,158.71864318847656,407.757568359375,182.2235870361328,158.15863037109375,25.92117691040039,606.3283081054688,46.70155334472656,674.6845703125,283.550537109375,123.55319213867188,148.46446228027344
2026-03-10,260.3653564453125,48.06377410888672,112.55719757080078,994.333984375,183.0021209716797,28.548744201660156,56.43464279174805,306.65960693359375,826.1054077148438,241.12721252441406,285.97161865234375,76.85197448730469,323.4319152832031,652.9053344726562,115.39926147460938,159.01539611816406,404.122314453125,184.33865356445312,157.42430114746094,26.25957489013672,606.3383178710938,47.612030029296875,673.6002807617188,280.736572265625,124.32826232910156,146.18479919433594
2026-03-11,260.34539794921875,48.0241813659668,115.39701080322266,989.2195434570312,188.40505981445312,28.59804916381836,56.21567153930664,308.31756591796875,816.1482543945312,240.41482543945312,284.7731628417969,76.60527801513672,320.73944091796875,653.6939086914062,114.53196716308594,159.1538848876953,403.245849609375,185.60574340820312,156.80743408203125,26.394933700561523,606.2584228515625,47.67140579223633,672.7548217773438,283.63006591796875,122.70858001708984,149.5894775390625
2026-03-12,255.3043975830078,46.64838790893555,118.58193969726562,1000.2759399414062,193.49363708496094,28.02608871459961,55.588619232177734,303.1739196777344,780.2431640625,239.47488403320312,280.18743896484375,76.58554077148438,319.45733642578125,637.0436401367188,114.2363052368164,152.70423889160156,400.238037109375,182.72235107421875,155.54437255859375,25.969520568847656,595.85302734375,44.098777770996094,662.5390625,275.47662353515625,124.53693389892578,151.5138702392578
2026-03-13,249.6744384765625,46.242576599121094,120.18919372558594,1005.3704223632812,193.34629821777344,27.592187881469727,54.772457122802734,301.9054870605469,774.982177734375,238.9604034423828,280.7321472167969,76.8438720703125,321.9722595214844,612.6171875,113.94062805175781,153.1988525390625,393.9534912109375,179.83892822265625,156.54307556152344,25.698802947998047,592.3213500976562,44.257118225097656,658.7890014648438,280.4880065917969,125.71939086914062,154.06985473632812
2026-03-16,252.36964416503906,46.5791015625,119.62714385986328,998.70068359375,193.3659210205078,28.282485961914062,55.588619232177734,305.1814270019531,787.4261474609375,240.61270141601562,283.4261474609375,77.32079315185547,322.1596374511719,626.8690185546875,114.60584259033203,154.0198974609375,398.33575439453125,182.8021697998047,154.42816162109375,25.727807998657227,598.9656982421875,44.494632720947266,665.493408203125,283.8686828613281,125.19275665283203,155.165283203125
2026-03-17,253.77711486816406,46.796852111816406,121.155517578125,993.1375732421875,194.4759979248047,28.302207946777344,55.63838577270508,310.5347900390625,799.5827026367188,235.5865478515625,284.1492004394531,77.08233642578125,321.814453125,622.0834350585938,115.04270935058594,156.1269073486328,397.79791259765625,181.5150909423828,153.23361206054688,26.539960861206055,601.8887939453125,45.652523040771484,667.2440185546875,285.9368896484375,124.28851318359375,156.7245330810547
2026-03-18,249.49476623535156,46.3514518737793,121.92463684082031,976.9468383789062,195.1046905517578,27.611909866333008,54.553489685058594,307.30877685546875,798.0371704101562,234.7653350830078,284.99102783203125,75.48265838623047,311.3898010253906,615.1099243164062,113.68248748779297,157.21502685546875,390.2087097167969,179.98858642578125,150.3354034423828,26.414268493652344,593.4986572265625,44.85091018676758,657.9335327148438,282.71527099609375,121.20813751220703,155.5205535888672
2026-03-19,248.5165252685547,46.52960968017578,124.26156616210938,971.822509765625,197.88473510742188,27.86830711364746,53.84680938720703,306.7494812011719,802.0200805664062,235.0819549560547,285.2188720703125,75.06536102294922,305.32427978515625,606.1382446289062,113.38462829589844,156.8391571044922,387.4498596191406,178.1527862548828,149.55210876464844,26.501285552978516,591.623046875,47.32503128051758,656.3121948242188,278.8473815917969,120.32376098632812,156.0830841064453
2026-03-20,247.54823303222656,46.67808151245117,125.14900207519531,969.3799438476562,198.16961669921875,26.921611785888672,52.960975646972656,300.6270751953125,806.0128173828125,232.87557983398438,283.82232666015625,74.2704849243164,304.6043395996094,593.1102905273438,113.3647689819336,159.72763061523438,380.3287353515625,172.30613708496094,146.908447265625,26.07587242126465,580.6888427734375,46.14734649658203,646.9034423828125,274.0249328613281,118.50957489013672,157.5732421875
2026-03-23,251.04200744628906,47.034400939941406,125.41523742675781,962.7999267578125,201.5882110595703,27.70066261291504,53.966251373291016,301.6857604980469,823.5888671875,232.925048828125,287.14031982421875,74.62818145751953,304.22955322265625,603.5006713867188,114.85405731201172,162.546875,381.4541931152344,175.23944091796875,147.73092651367188,25.882503509521484,587.3545532226562,48.740230560302734,653.6959228515625,268.00927734375,120.2022933959961,159.0140838623047
2026-03-24,251.1917266845703,47.64806365966797,127.54510498046875,970.8654174804688,203.14031982421875,27.178009033203125,53.826904296875,290.0801696777344,827.9977416992188,232.77664184570312,289.6065368652344,74.19100189208984,303.60821533203125,592.3709716796875,115.53913879394531,164.08013916015625,371.2355651855469,174.80044555664062,147.4469757080078,26.066204071044922,583.3389282226562,49.987186431884766,651.5015869140625,270.73370361328125,121.5265884399414,163.20826721191406
2026-03-25,252.16998291015625,48.2518310546875,127.13095092773438,971.9022216796875,201.52926635742188,27.414682388305664,54.374332427978516,290.5695495605469,834.061279296875,237.3872528076172,292.59771728515625,74.76728057861328,307.4151611328125,594.3391723632812,118.51771545410156,163.86251831054688,369.5424499511719,178.2725067138672,148.56317138671875,26.37559700012207,587.1747436523438,51.3529052734375,655.1322021484375,269.0135192871094,122.5322494506836,161.11610412597656
2026-03-26,252.43951416015625,47.747047424316406,131.3906707763672,976.677734375,204.12266540527344,26.793415069580078,53.45863342285156,280.5719909667969,815.0386352539062,236.70458984375,288.87359619140625,74.21087646484375,304.6832580566406,547.032958984375,118.08085632324219,161.46864318847656,364.492919921875,170.8494873046875,147.6819610595703,26.655982971191406,573.1600952148438,51.768558502197266,643.432373046875,266.5277404785156,121.6560287475586,163.25759887695312
2026-03-27,248.35679626464844,46.49002456665039,131.93301391601562,980.8749389648438,207.42337036132812,26.83285903930664,53.37900924682617,274.0000915527344,795.4711303710938,237.90174865722656,280.13787841796875,75.22432708740234,301.6949157714844,525.233154296875,118.7758560180664,156.6808624267578,355.33001708984375,167.13795471191406,149.8458251953125,26.143552780151367,561.9624633789062,52.94623947143555,632.4606323242188,257.54901123046875,122.36298370361328,168.74459838867188
2026-03-30,246.19065856933594,46.74736404418945,131.03570556640625,993.5563354492188,206.9911346435547,26.763830184936523,53.16999053955078,273.1611633300781,800.1375732421875,239.92013549804688,281.0589904785156,75.78073120117188,304.28875732421875,535.8833618164062,117.25678253173828,156.66107177734375,357.51116943359375,164.79331970214844,153.5469512939453,26.84935188293457,557.6671752929688,50.99663162231445,630.3460693359375,260.3033142089844,122.97036743164062,169.21829223632812
2026-03-31,253.33790588378906,48.2518310546875,130.1581268310547,993.4067993164062,203.24838256835938,27.37523651123047,54.5335807800293,287.2037353515625,838.1728515625,241.84947204589844,291.3497314453125,75.56214904785156,306.5177001953125,571.6002197265625,119.43114471435547,162.794189453125,368.67596435546875,174.0022735595703,152.0488739013672,27.149072647094727,576.54638671875,50.85807800292969,648.6688842773438,269.0533142089844,123.74702453613281,167.4320526123047
2026-04-01,255.1746368408203,48.766517639160156,126.58863830566406,993.5364379882812,193.92587280273438,27.70066261291504,54.921756744384766,297.0215759277344,852.261474609375,241.53285217285156,292.5580749511719,75.59195709228516,303.0658264160156,578.6936645507812,119.97721862792969,164.37692260742188,367.8791809082031,175.3491973876953,151.42222595214844,27.603492736816406,583.6685791015625,49.51215744018555,653.5562744140625,272.424072265625,124.20504760742188,158.66867065429688
2026-04-02,255.464111328125,48.875396728515625,128.6987762451172,1011.880615234375,195.45834350585938,27.710525512695312,55.061100006103516,295.4035339355469,855.0653076171875,240.46429443359375,291.7855224609375,76.22785186767578,302.9178771972656,573.9281005859375,120.00701141357422,164.0207977294922,371.9526672363281,176.98544311523438,153.73297119140625,27.38111686706543,584.3378295898438,48.928260803222656,654.144775390625,275.6854553222656,125.25054931640625,158.57984924316406
2026-04-06,258.39886474609375,49.54844665527344,129.80313110351562,1015.459716796875,195.35028076171875,27.828861236572266,55.23030471801758,299.61834716796875,858.0474853515625,238.41622924804688,294.125,76.72463989257812,305.5018615722656,572.4894409179688,119.98714447021484,164.75282287597656,371.375,177.23487854003906,153.4588165283203,26.90736198425293,587.85400390625,49.26474380493164,657.23681640625,279.76214599609375,126.24626159667969,161.2246551513672
2026-04-07,253.0484161376953,49.76619338989258,129.93133544921875,1010.1359252929688,197.98297119140625,28.144426345825195,55.459228515625,305.08154296875,856.1651000976562,235.8833770751953,296.0662536621094,75.42304992675781,300.6593322753906,574.5175170898438,118.42835235595703,166.61253356933594,370.78741455078125,177.69383239746094,150.01229858398438,26.201562881469727,587.9439086914062,49.82884216308594,657.5260009765625,305.982421875,121.9646987915039,161.757568359375
2026-04-08,258.4388122558594,51.34984588623047,123.47272491455078,1027.14404296875,189.4856414794922,29.110843658447266,56.37492370605469,316.9268798828125,897.3806762695312,238.7427520751953,306.5888366699219,76.79419708251953,302.7896728515625,611.8529052734375,122.3005142211914,174.12063598632812,372.81915283203125,181.66476440429688,151.56910705566406,26.559295654296875,605.4246826171875,51.3430061340332,674.27294921875,304.2423400878906,126.71424865722656,154.16854858398438
2026-04-09,260.0259704589844,52.171363830566406,121.74714660644531,1028.89892578125,187.00030517578125,29.357378005981445,56.17585754394531,318.09539794921875,895.369384765625,238.7526397705078,308.938232421875,77.67848205566406,305.2947082519531,627.8081665039062,121.80408477783203,176.237548828125,371.56427001953125,183.49058532714844,154.20297241210938,26.317584991455078,609.5202026367188,51.996177673339844,678.162841796875,305.16705322265625,128.57623291015625,153.0040283203125
2026-04-10,260.0159912109375,52.00310516357422,120.8399887084961,995.4406127929688,185.2222442626953,29.426406860351562,56.49435806274414,316.8469543457031,899.4117431640625,235.93284606933594,308.4803161621094,76.97303771972656,301.4779052734375,629.2767333984375,120.5530776977539,175.72314453125,369.3731384277344,188.1998291015625,153.7819366455078,26.027530670166016,610.3992309570312,51.38259506225586,677.7140502929688,302.6016845703125,126.2263412475586,150.50726318359375
2026-04-13,258.73828125,52.80482482910156,121.89505767822266,977.8740234375,188.39523315429688,29.73211097717285,56.99201965332031,320.91192626953125,882.5588989257812,235.43814086914062,312.2732238769531,75.91984558105469,300.3240051269531,633.9425048828125,119.29214477539062,179.1853790283203,382.8186340332031,188.87826538085938,152.62655639648438,26.43360710144043,616.7122802734375,51.38259506225586,684.3369750976562,311.22247314453125,124.03578186035156,150.63555908203125
2026-04-14,258.3689270019531,52.80482482910156,117.1324462890625,971.8424682617188,183.71923828125,29.761695861816406,57.429962158203125,332.49755859375,901.2247924804688,237.5554656982422,309.7247009277344,75.4131088256836,299.0517272949219,661.8765258789062,119.10350036621094,181.36163330078125,391.5233459472656,196.0618438720703,152.4698944091797,26.211233139038086,627.909912109375,50.9570426940918,692.675537109375,312.40570068359375,124.51371765136719,147.28021240234375
2026-04-15,265.95538330078125,53.76491165161133,117.26062774658203,981.7622680664062,181.64649963378906,29.840585708618164,57.76837158203125,336.70233154296875,891.178466796875,236.14060974121094,304.5579833984375,74.82688903808594,302.0499572753906,670.9581909179688,117.05821228027344,189.5522918701172,409.5602722167969,198.41647338867188,151.61807250976562,26.2885799407959,636.7003173828125,51.877418518066406,698.1414184570312,312.2664794921875,124.22496032714844,147.05322265625
2026-04-16,262.9307861328125,52.96318817138672,119.8736572265625,984.21484375,184.8292999267578,29.515159606933594,57.718605041503906,335.6036682128906,891.6837768554688,232.05438232421875,308.5599670410156,74.6977310180664,302.7403259277344,676.2432250976562,114.63562774658203,185.29869079589844,418.56378173828125,197.8976593017578,155.0743865966797,26.317584991455078,639.7669067382812,51.194557189941406,699.8569946289062,314.6031494140625,124.28469848632812,149.98422241210938
2026-04-17,269.7486267089844,53.35910415649414,114.42082214355469,996.8563232421875,180.7427215576172,29.791278839111328,58.246124267578125,341.2566833496094,917.39404296875,231.6981964111328,308.8984375,75.25413513183594,307.079833984375,687.9124145507812,118.21985626220703,186.7825164794922,421.0835876464844,201.2200469970703,154.3791961669922,26.646312713623047,648.1376953125,52.114933013916016,708.3152465820312,322.78643798828125,126.95321655273438,144.51698303222656
2026-04-20,272.5635681152344,53.3986930847168,114.8250961303711,994.8125610351562,180.01577758789062,29.633495330810547,58.49495315551758,337.0019836425781,933.0381469726562,228.2451934814453,315.5683898925781,74.99580383300781,302.7206115722656,670.2887573242188,116.26392364501953,188.64222717285156,416.38262939453125,201.59918212890625,153.71340942382812,26.60763931274414,646.0799560546875,51.659698486328125,706.8988037109375,321.6429748535156,127.37140655517578,145.7406768798828
2026-04-21,265.69586181640625,52.933494567871094,118.58193969726562,1002.7583618164062,182.69760131835938,29.071395874023438,57.549400329589844,331.8783264160156,917.9884643554688,223.76318359375,311.5962829589844,74.2208023071289,297.6907043457031,668.220703125,111.75633239746094,187.2672119140625,422.44805908203125,199.42417907714844,151.6865997314453,26.404600143432617,643.6226806640625,52.223793029785156,702.2708129882812,344.0450134277344,129.04420471191406,146.41177368164062
2026-04-22,272.68341064453125,52.57717514038086,120.88928985595703,1000.65478515625,183.03160095214844,29.022090911865234,57.718605041503906,338.8996276855469,926.201904296875,223.70384216308594,311.6161804199219,74.15125274658203,295.9450378417969,674.09521484375,112.08397674560547,188.9884490966797,431.1726989746094,202.03819274902344,150.58016967773438,25.911508560180664,654.390869140625,53.78744125366211,709.3825073242188,351.5123596191406,129.42257690429688,147.5367889404297
2026-04-23,272.9429016113281,51.93381881713867,122.63459014892578,1011.3023681640625,184.2890167236328,28.864307403564453,57.569305419921875,338.47015380859375,922.694580078125,228.2056121826172,310.29217529296875,75.7906723022461,298.3712158203125,658.5396728515625,113.80162811279297,186.6143341064453,414.07196044921875,199.18470764160156,152.4503173828125,25.785818099975586,650.7048950195312,54.17340850830078,706.6295776367188,352.54644775390625,131.4637908935547,148.5532684326172
2026-04-24,270.5771179199219,51.51810836791992,120.06100463867188,1008.0821533203125,181.9412078857422,28.76569366455078,57.66883850097656,343.97332763671875,918.3451538085938,225.0889892578125,306.8974609375,76.138427734375,295.2447814941406,674.4049682617188,111.1010513305664,186.0406036376953,422.90618896484375,207.79502868652344,152.19573974609375,26.10487937927246,663.1512451171875,55.56881332397461,712.10546875,352.9044189453125,129.3628387451172,146.9545440673828
2026-04-27,267.1332702636719,52.09218215942383,119.98212432861328,994.9820556640625,181.51876831054688,28.785417556762695,57.70865249633789,349.9059753417969,929.1444091796875,222.95188903808594,310.232421875,74.95606231689453,286.2205810546875,677.9916381835938,109.44297790527344,188.12782287597656,423.1053771972656,216.1160125732422,150.88372802734375,25.90184211730957,663.5008544921875,54.65833282470703,713.332275390625,352.67572021484375,127.04281616210938,146.24398803710938
2026-04-28,270.2277526855469,52.12187576293945,122.58528900146484,990.9841918945312,185.0355987548828,28.66707992553711,57.19108581542969,349.3466796875,917.9884643554688,225.37591552734375,310.0532531738281,77.8473892211914,288.3706359863281,670.7183837890625,109.24440002441406,188.30589294433594,427.5174865722656,212.68385314941406,153.02798461914062,25.60211753845215,656.8281860351562,55.07398986816406,709.8612060546875,364.6871032714844,127.04281616210938,148.58287048339844
2026-04-29,269.688720703125,52.33962631225586,126.46044921875,995.6400146484375,188.8274688720703,28.223318099975586,56.71332931518555,349.5064392089844,897.2320556640625,224.94058227539062,307.86309814453125,78.36405944824219,286.0923767089844,668.5004272460938,110.15782928466797,185.061279296875,422.7467956542969,208.77279663085938,152.0488739013672,25.38941192626953,660.84375,55.12346649169922,709.7515258789062,368.6345520019531,127.46102142333984,152.63890075683594
2026-04-30,270.86663818359375,52.9136962890625,124.02490997314453,1011.451904296875,189.89822387695312,29.08125877380371,58.325748443603516,384.3232421875,915.2341918945312,227.41409301757812,311.82525634765625,78.25476837158203,289.55413818359375,611.3433837890625,108.40046691894531,189.5465850830078,406.1341552734375,199.11488342285156,155.1820831298828,25.8148250579834,667.0069580078125,56.291255950927734,716.8132934570312,368.37603759765625,131.36419677734375,152.30337524414062
2026-05-01,279.6409912109375,52.69594955444336,121.47105407714844,1010.0940551757812,187.2655487060547,28.864307403564453,58.126686096191406,385.2121887207031,915.1747436523438,224.7822723388672,311.06866455078125,78.07592010498047,282.6996765136719,608.1863403320312,111.35919952392578,189.12889099121094,412.76727294921875,197.99742126464844,154.1246337890625,25.457090377807617,673.4099731445312,56.33083724975586,718.7982177734375,366.6856994628906,131.03562927246094,150.74412536621094
2026-05-04,276.3368225097656,51.65667724609375,123.16705322265625,1011.1823120117188,188.88641357421875,28.479711532592773,57.61907196044922,382.7751770019531,894.923583984375,221.82395935058594,306.270263671875,77.68842315673828,280.194580078125,609.8447875976562,112.30241394042969,186.980712890625,411.9505615234375,198.02734375,151.3634796142578,25.428085327148438,672.141357421875,55.054195404052734,716.1649780273438,368.6445007324219,129.7710723876953,151.67176818847656
2026-05-05,283.67376708984375,52.57717514038086,121.59923553466797,1014.8065185546875,189.24005126953125,28.785417556762695,57.429962158203125,387.9487609863281,910.3992309570312,223.15966796875,308.0124206542969,77.9765625,281.2499084472656,604.3998413085938,112.34212493896484,188.21392822265625,409.7196350097656,196.05186462402344,151.8040771484375,25.5731143951416,680.8617553710938,55.42036056518555,721.9102172851562,361.8035583496094,130.22909545898438,152.84616088867188
2026-05-06,286.99786376953125,53.052268981933594,117.24091339111328,994.1693725585938,181.89207458496094,29.70252799987793,57.93757247924805,397.546875,928.6886596679688,222.23951721191406,313.4877624511719,78.72174835205078,280.194580078125,612.3125,112.74919128417969,192.29148864746094,412.2891845703125,207.3560333251953,152.70489501953125,25.650461196899414,695.0062255859375,54.58905792236328,731.9443359375,365.1942138671875,129.52215576171875,146.73744201660156
2026-05-07,286.927978515625,52.21095657348633,113.27700805664062,1010.4534912109375,179.27902221679688,29.071395874023438,57.549400329589844,397.4969177246094,917.3147583007812,220.15187072753906,304.8964538574219,77.9268798828125,279.8000793457031,616.2388305664062,111.49819946289062,189.12889099121094,419.07171630859375,211.01766967773438,153.02798461914062,25.60211753845215,694.1771240234375,52.451416015625,729.7001342773438,367.6402282714844,129.64163208007812,144.65513610839844
2026-05-08,292.7974853515625,50.78567123413086,112.2811050415039,1007.1886596679688,178.41455078125,29.130565643310547,57.818138122558594,400.3034362792969,927.8267211914062,218.9744873046875,300.74517822265625,77.91693878173828,271.9593811035156,609.0654907226562,110.58476257324219,192.03289794921875,413.44451904296875,214.709228515625,151.39285278320312,25.238479614257812,710.44921875,52.71862030029297,735.724609375,377.8221130371094,130.1184844970703,142.67153930664062
2026-05-11,292.42779541015625,50.0334358215332,114.78440856933594,997.8834228515625,181.4794921875,29.179872512817383,57.86790084838867,388.1585388183594,936.1292724609375,219.08331298828125,298.6545715332031,78.15541076660156,270.8251953125,598.3054809570312,110.4854736328125,190.05380249023438,410.99444580078125,218.93955993652344,146.29161071777344,25.36624526977539,712.5069580078125,54.3614387512207,737.4002685546875,382.25677490234375,127.28527069091797,147.71441650390625
2026-05-12,294.54595947265625,50.261085510253906,117.08903503417969,1020.2578735351562,182.66812133789062,28.91361427307129,57.99729537963867,386.8701171875,937.1597290039062,221.88331604003906,303.5126953125,79.51661682128906,271.0618896484375,602.441650390625,111.56769561767578,190.82952880859375,406.1241760253906,220.27650451660156,148.68067932128906,25.425214767456055,706.463623046875,55.0640869140625,736.2831420898438,394.138916015625,130.0386962890625,148.65196228027344
2026-05-13,298.6124572753906,49.33069610595703,116.62214660644531,1031.4400634765625,182.71725463867188,28.716386795043945,57.46977615356445,402.1211853027344,946.5916748046875,227.97804260253906,298.9034729003906,79.7451400756836,271.9100646972656,616.0590209960938,112.63997650146484,192.76885986328125,403.57452392578125,225.3149871826172,146.15452575683594,25.5136661529541,713.9254760742188,54.80678176879883,740.4025268554688,398.8818054199219,131.156005859375,149.57962036132812
2026-05-14,297.9530334472656,49.3405876159668,118.18174743652344,1039.59716796875,183.345947265625,28.874170303344727,57.897762298583984,400.5731201171875,960.0066528320312,228.35403442382812,298.56500244140625,79.93392181396484,271.1900939941406,617.8573608398438,112.60027313232422,193.46502685546875,407.7774963378906,235.202392578125,145.56704711914062,25.307275772094727,718.9998168945312,55.172950744628906,746.2474975585938,396.82354736328125,132.14364624023438,150.77371215820312
2026-05-15,299.9713134765625,49.261409759521484,121.59896087646484,1047.284912109375,187.72723388671875,28.321929931640625,57.17117691040039,396.2884216308594,939.7059326171875,224.307373046875,296.4743957519531,80.30155181884766,272.5906066894531,613.6612548828125,110.58476257324219,191.45606994628906,420.2170715332031,224.80616760253906,146.0076446533203,24.89449691772461,708.1517944335938,54.80678176879883,737.2706298828125,391.61334228515625,131.1360626220703,156.90402221679688
2026-05-18,297.5833435058594,50.17200469970703,123.71484375,1074.76123046875,192.65863037109375,28.410682678222656,57.290618896484375,396.4482421875,937.6154174804688,226.4939422607422,299.3813171386719,80.67910766601562,278.5870056152344,610.64404296875,111.75633239746094,191.63510131835938,421.83056640625,221.81300354003906,145.94891357421875,24.89449691772461,705.1051025390625,56.5584602355957,736.751953125,388.9087829589844,133.02154541015625,159.45748901367188
2026-05-19,298.7123718261719,50.18190383911133,124.28106689453125,1092.5828857421875,195.54345703125,28.134565353393555,57.220947265625,387.1797180175781,920.158203125,227.56248474121094,294.3738708496094,81.39449310302734,276.93994140625,602.052001953125,113.4243392944336,188.54212951660156,415.7352600097656,220.1068878173828,147.2315673828125,25.21882438659668,700.7599487304688,56.18239212036133,731.8446044921875,387.02947998046875,133.87948608398438,161.50424194335938
2026-05-20,301.98956298828125,50.70648956298828,121.54928588867188,1072.30517578125,189.6746826171875,28.499435424804688,58.00724792480469,388.4281921386719,973.0449829101562,226.88970947265625,300.625732421875,81.02687072753906,276.4172058105469,604.499755859375,112.19319915771484,196.68728637695312,419.36053466796875,222.9603729248047,146.17410278320312,25.346590042114258,712.3671875,56.687110900878906,739.3452758789062,381.12322998046875,130.53749084472656,155.27456665039062
2026-05-21,304.7271728515625,50.96383285522461,119.75128173828125,1048.782470703125,189.35743713378906,28.58818817138672,58.305843353271484,387.1797180175781,979.0390625,229.27415466308594,301.6411437988281,80.64929962158203,280.2734680175781,606.8175659179688,115.05262756347656,199.4122772216797,418.3025207519531,219.0093994140625,145.74330139160156,25.50383949279785,713.7256469726562,56.65742492675781,740.8114624023438,380.3078918457031,121.05020141601562,154.2909393310547
2026-05-22,308.55389404296875,51.270660400390625,119.66187286376953,1026.6077880859375,189.7738037109375,28.381099700927734,58.236167907714844,382.49554443359375,987.5199584960938,231.85650634765625,305.0059814453125,80.95732116699219,278.3897399902344,609.6949462890625,121.5360107421875,199.92942810058594,417.7835388183594,214.83892822265625,147.42738342285156,25.454696655273438,716.7523193359375,56.687110900878906,743.7239990234375,386.2638854980469,119.98275756835938,153.92332458496094
2026-05-26,308.0643005371094,51.66657638549805,115.79764556884766,1001.3379516601562,183.11195373535156,28.548744201660156,58.4252815246582,388.3982238769531,985.3303833007812,229.0503387451172,305.3643493652344,79.94385528564453,275.4211120605469,611.7730102539062,118.86521911621094,200.6554412841797,415.248291015625,214.37001037597656,142.6394500732422,25.40555763244629,729.4783935546875,57.37986755371094,748.6613159179688,374.71978759765625,118.28681945800781,148.84619140625
2026-05-27,310.5821533203125,50.577816009521484,114.3671875,1002.0967407226562,180.82192993164062,28.529020309448242,57.98733901977539,388.3482666015625,987.2623291015625,230.15489196777344,297.93780517578125,81.09642028808594,277.0583190917969,634.6718139648438,119.38150024414062,200.50625610351562,411.8946228027344,212.1151580810547,144.6564483642578,25.759366989135742,728.6492919921875,55.915184020996094,748.5316162109375,381.8292236328125,118.25688934326172,146.948486328125
2026-05-28,312.24072265625,50.251190185546875,114.22811126708984,993.6202392578125,181.4464874267578,28.568464279174805,58.305843353271484,389.64666748046875,999.0524291992188,229.66729736328125,295.3992614746094,79.89418029785156,274.14886474609375,634.7017211914062,119.03400421142578,202.67431640625,426.18768310546875,213.76138305664062,143.23670959472656,25.690570831298828,734.79248046875,54.549468994140625,752.6609497070312,380.35760498046875,118.61603546142578,146.01454162597656
2026-05-29,311.7911071777344,51.07270812988281,113.22480773925781,954.8019409179688,180.8814239501953,28.844585418701172,58.534767150878906,379.8687744140625,1016.0836791992188,224.22413635253906,297.9676818847656,78.50315856933594,275.3619384765625,631.92431640625,117.87236022949219,206.8612823486328,449.3940124511719,210.6584930419922,141.18055725097656,25.729883193969727,737.49951171875,53.98537063598633,754.5361328125,378.15020751953125,115.47355651855469,144.32546997070312
2026-06-01,306.0460510253906,50.98362350463867,114.814208984375,944.608154296875,184.22225952148438,28.726247787475586,58.43523406982422,375.9037170410156,1043.469482421875,222.41307067871094,295.2499084472656,78.13553619384766,272.31439208984375,599.9139404296875,114.34770202636719,209.85479736328125,459.6546936035156,223.8483428955078,138.56626892089844,25.18933868408203,741.9246826171875,54.18330001831055,756.5908203125,377.7027587890625,114.32630157470703,148.41897583007812
2026-06-02,314.92840576171875,51.94371795654297,116.09566497802734,952.7552490234375,185.92738342285156,29.061534881591797,59.181724548339844,361.4017028808594,1059.3914794921875,221.79611206054688,299.6102600097656,77.90701293945312,274.4095153808594,597.0765991210938,114.82427978515625,213.8030548095703,440.48077392578125,222.3118438720703,139.0362548828125,25.110713958740234,745.3408813476562,55.97456741333008,757.6182250976562,375.7738037109375,112.78997802734375,148.59780883789062
2026-06-03,309.9926452636719,51.864532470703125,118.26122283935547,960.30322265625,188.06869506835938,28.736108779907227,58.365562438964844,358.54522705078125,1035.9462890625,222.1444091796875,299.50079345703125,78.25476837158203,271.3612060546875,622.4031372070312,113.88105773925781,208.98956298828125,426.53704833984375,214.26025390625,139.56497192382812,24.904325485229492,743.39306640625,56.55654525756836,752.3018798828125,374.8590087890625,116.61083221435547,151.5487060546875
2026-06-04,310.9618225097656,53.6164436340332,118.44002532958984,970.8064575195312,186.720458984375,28.637496948242188,59.141910552978516,371.7288818359375,1087.284912109375,227.05020141601562,309.4957580566406,76.32720947265625,270.79522705078125,626.9888916015625,119.40135955810547,217.07505798339844,427.2456970214844,218.4156036376953,139.18312072753906,25.248308181762695,739.7969970703125,57.71055603027344,755.1445922851562,394.21844482421875,117.45880126953125,151.0618438720703
2026-06-05,307.0751647949219,53.5567512512207,116.3638687133789,970.3272705078125,185.689453125,27.671077728271484,57.75841522216797,368.07342529296875,1033.6177978515625,231.6276397705078,310.9691162109375,78.97014617919922,277.8649597167969,592.450927734375,119.92757415771484,210.76976013183594,415.8870849609375,204.87075805664062,140.41990661621094,25.5922908782959,704.2860107421875,54.58676528930664,735.65478515625,397.201416015625,118.59607696533203,148.9554901123047
2026-06-08,301.2801818847656,53.357765197753906,118.1022720336914,973.2026977539062,187.60276794433594,27.680940628051758,57.78827667236328,363.0766296386719,1039.906982421875,231.0206298828125,309.7147521972656,79.0297622680664,275.8194885253906,584.8479614257812,118.66664123535156,211.07806396484375,410.9663391113281,208.40679931640625,139.19300842285156,25.17951202392578,715.283935546875,56.258094787597656,737.3204345703125,404.2610778808594,119.54381561279297,150.77371215820312
2026-06-09,290.29962158203125,54.14375305175781,116.01618957519531,967.052490234375,185.1442108154297,27.85844612121582,57.75841522216797,364.0260314941406,1026.980224609375,235.8368682861328,311.2976379394531,80.81820678710938,280.2579650878906,584.0487060546875,118.7460708618164,209.0989532470703,402.6520080566406,207.95730590820312,141.2708282470703,25.258136749267578,707.052978515625,55.56170654296875,735.1560668945312,410.6545715332031,118.59607696533203,147.95199584960938
2026-06-10,291.3287353515625,54.263145446777344,119.12545013427734,981.8090209960938,188.1579132080078,27.78941535949707,57.43991470336914,356.1510925292969,996.409912109375,237.31956481933594,307.75360107421875,83.05377197265625,280.5260314941406,570.4512939453125,118.23970794677734,205.5286102294922,396.61334228515625,200.19598388671875,142.7945556640625,25.15985679626465,692.9285278320312,55.22346115112305,723.56591796875,405.1460266113281,120.30199432373047,149.65098571777344
2026-06-11,295.375244140625,54.87999725341797,114.59566497802734,974.1411743164062,184.2123565673828,28.558603286743164,58.21626663208008,357.5401611328125,1030.592529296875,237.16033935546875,312.0840759277344,82.00057983398438,282.7601623535156,567.9036254882812,119.89778900146484,211.4957733154297,389.6065673828125,204.64100646972656,142.21078491210938,25.720056533813477,716.332763671875,55.710933685302734,735.8642578125,403.2468566894531,120.21221160888672,145.6568603515625
2026-06-12,290.879150390625,55.735633850097656,116.2049331665039,980.7905883789062,185.60023498535156,28.815000534057617,58.48500061035156,359.4489440917969,1057.5704345703125,239.6878662109375,319.28167724609375,82.09000396728516,282.7998962402344,566.4549560546875,118.20000457763672,212.8682098388672,390.00579833984375,204.96066284179688,142.74508666992188,25.759366989135742,720.5481567382812,55.89000701904297,739.843994140625,406.20001220703125,120.75092315673828,146.064208984375
2026-06-15,296.1645812988281,55.58639144897461,111.51620483398438,977.895263671875,178.8392333984375,28.600000381469727,58.93000030517578,369.1127624511719,1070.925048828125,234.50344848632812,317.96759033203125,80.91000366210938,284.10064697265625,593.47998046875,114.9000015258789,216.78663635253906,399.0088806152344,212.21253967285156,144.7041473388672,25.552978515625,743.1832885742188,53.43275451660156,752.890380859375,411.0400085449219,120.53144836425781,140.01339721679688
2026-06-16,298.9821472167969,56.55147171020508,110.602294921875,985.11376953125,178.55174255371094,28.979999542236328,59.11000061035156,373.01025390625,1085.3543701171875,234.02578735351562,329.6549377441406,80.27999877929688,285.8978576660156,600.2100219726562,115.16999816894531,219.62103271484375,393.0899963378906,207.1781768798828,144.5755157470703,25.5922908782959,729.0587768554688,52.796058654785156,748.4019775390625,407.6499938964844,120.7409439086914,140.9473419189453
2026-06-17,295.6949768066406,56.2430419921875,110.47315979003906,964.0572509765625,176.04364013671875,28.649999618530273,58.189998626708984,363.55633544921875,1093.7830810546875,233.0506134033203,331.9645080566406,79.93000030517578,281.81689453125,567.5800170898438,115.44000244140625,223.7284393310547,378.1980285644531,204.42124938964844,140.09339904785156,25.474353790283203,721.7168579101562,50.07020568847656,739.0560302734375,399.5299987792969,117.84786987304688,139.8345489501953
2026-06-18,297.7532043457031,55.91471862792969,107.02615356445312,949.939697265625,172.1278076171875,28.559999465942383,57.869998931884766,367.7935791015625,1091.2156982421875,227.2691192626953,323.761474609375,79.38999938964844,276.6436462402344,577.219970703125,113.87000274658203,221.94822692871094,378.6871032714844,210.4545135498047,140.51885986328125,24.776559829711914,739.8070068359375,47.841766357421875,746.739990234375,400.9599914550781,116.90013885498047,136.92340087890625
2026-06-22,296.75408935546875,57.07877731323242,108.97315979003906,949.8397827148438,173.54544067382812,28.450000762939453,57.88999938964844,349.45538330078125,1100.977783203125,230.15489196777344,329.993408203125,79.52999877929688,268.1937255859375,563.8499755859375,115.4800033569336,225.8467559814453,366.6497802734375,208.41677856445312,139.22271728515625,24.64879608154297,737.9500122070312,47.70248794555664,744.3900146484375,406.67999267578125,116.90013885498047,137.57916259765625
2026-06-23,294.04638671875,57.61603927612305,109.24137878417969,956.1597900390625,174.4574737548828,28.020000457763672,57.66999816894531,345.90765380859375,1089.10595703125,237.9066619873047,332.6414794921875,80.30999755859375,269.7427062988281,562.2000122070312,119.5999984741211,224.79257202148438,373.23736572265625,199.81640625,140.5485382080078,24.294984817504883,713.6500244140625,47.54331588745117,733.5800170898438,409.25,119.1347885131836,138.83103942871094
2026-06-24,292.8274230957031,57.43695068359375,106.21158599853516,959.5643920898438,169.9666748046875,27.90999984741211,57.290000915527344,345.0682067871094,1071.6614990234375,239.81723022460938,331.95458984375,80.5999984741211,271.947021484375,557.6699829101562,120.5999984741211,218.65634155273438,364.7733154296875,198.77757263183594,140.76622009277344,23.626678466796875,710.6199951171875,46.36940383911133,733.239990234375,405.79998779296875,118.71578979492188,136.01925659179688
2026-06-25,274.91290283203125,57.894615173339844,105.70497131347656,940.7442626953125,170.74984741210938,27.93000030517578,57.619998931884766,343.48919677734375,1059.89892578125,243.67820739746094,333.6170654296875,80.41999816894531,262.6729431152344,542.8699951171875,125.44999694824219,219.8298797607422,352.1670227050781,195.52122497558594,138.0452880859375,23.263038635253906,716.3800048828125,47.17522048950195,734.2999877929688,415.5299987792969,115.50347900390625,136.66506958007812
2026-06-26,283.53546142578125,57.5861930847168,105.25794219970703,951.0279541015625,169.58004760742188,27.969999313354492,57.79999923706055,337.17327880859375,1014.6406860351562,253.4102020263672,327.57427978515625,82.62999725341797,267.8561096191406,550.25,128.66000366210938,210.8692169189453,372.2691955566406,192.31480407714844,139.89552307128906,23.872379302978516,706.52001953125,46.75739288330078,728.989990234375,427.8900146484375,115.41370391845703,135.66156005859375
2026-06-29,281.4972229003906,57.5861930847168,103.50960540771484,945.17724609375,167.012451171875,28.110000610351562,57.4900016784668,353.4228210449219,1015.23779296875,257.2413024902344,327.91278076171875,82.6500015258789,265.2943115234375,562.5999755859375,129.3800048828125,210.5609130859375,367.8774719238281,194.7520751953125,137.2141571044922,23.951004028320312,724.0800170898438,46.140594482421875,741.0,419.82000732421875,114.32630157470703,135.18466186523438
2026-06-30,289.11065673828125,56.690757751464844,103.27119445800781,933.9849853515625,164.32589721679688,28.15999984741211,57.63999938964844,357.14044189453125,1006.4408569335938,252.7235870361328,325.86199951171875,81.2699966430664,268.4022216796875,563.2899780273438,128.5,207.8955841064453,372.319091796875,199.86634826660156,133.9688262939453,23.66598892211914,736.4000244140625,46.25002670288086,746.77001953125,415.6300048828125,112.989501953125,135.8404083251953
2026-07-01,294.1263427734375,58.06375503540039,102.53610229492188,923.2021484375,164.25650024414062,27.700000762939453,57.66999816894531,360.97796630859375,1014.6406860351562,252.73353576660156,332.5718078613281,81.29000091552734,267.5284423828125,612.9099731445312,125.37000274658203,210.7001495361328,383.5579528808594,197.35916137695312,139.66795349121094,23.46942710876465,725.1699829101562,44.85725021362305,745.760009765625,426.5400085449219,108.56010437011719,135.4032440185547
2026-07-02,308.3640441894531,58.43187713623047,104.03610229492188,950.1593017578125,167.7361297607422,28.09000015258789,57.77000045776367,359.6788024902344,1016.02392578125,261.74908447265625,332.9700012207031,84.13999938964844,278.6493835449219,582.9000244140625,129.55999755859375,212.75880432128906,389.7562561035156,194.61224365234375,142.6956024169922,23.90186309814453,712.5999755859375,44.89704513549805,744.780029296875,425.3599853515625,111.57289123535156,136.20802307128906
2026-07-06,312.3905944824219,59.59593963623047,102.89371490478516,948.7415771484375,166.64566040039062,28.329999923706055,58.060001373291016,366.2245788574219,1050.1468505859375,258.0572509765625,337.7200012207031,82.95999908447266,277.5273742675781,600.2899780273438,126.77999877929688,220.88409423828125,386.0133056640625,195.33143615722656,141.77542114257812,23.312177658081055,722.8200073242188,45.48400115966797,751.280029296875,417.989990234375,110.38573455810547,135.5622100830078
2026-07-07,310.3923034667969,59.5561408996582,107.72151947021484,945.9959716796875,172.5045166015625,28.1299991607666,58.36000061035156,366.7942199707031,1037.896728515625,265.9284362792969,339.2200012207031,84.05000305175781,280.2182312011719,615.5800170898438,128.86000061035156,220.82440185546875,388.109375,196.7098846435547,143.44757080078125,23.656160354614258,709.4299926757812,46.180381774902344,747.7100219726562,428.19000244140625,111.27361297607422,140.7784423828125
2026-07-08,313.1199645996094,58.004058837890625,109.98641204833984,951.6170043945312,174.44757080078125,28.1200008392334,57.970001220703125,361.6875305175781,1024.621826171875,262.1072998046875,330.6199951171875,83.4000015258789,276.28619384765625,603.1199951171875,125.98999786376953,216.87615966796875,382.6197204589844,203.891845703125,141.00367736816406,23.636505126953125,711.4400024414062,47.18517303466797,745.4000244140625,425.6000061035156,112.82987976074219,140.2220458984375
2026-07-09,315.947509765625,58.94923782348633,107.30429077148438,911.520751953125,172.54417419433594,28.200000762939453,58.380001068115234,358.65948486328125,1050.823486328125,257.8283996582031,335.4700012207031,82.62999725341797,274.5386047363281,631.47998046875,125.06999969482422,220.91392517089844,383.6377868652344,202.5533447265625,136.40283203125,23.833066940307617,723.280029296875,46.99615478515625,751.7100219726562,431.67999267578125,111.94200897216797,136.57565307617188
2026-07-10,315.0483093261719,59.367103576660156,108.31754302978516,914.7955322265625,174.87384033203125,28.450000762939453,58.650001525878906,356.9505615234375,1050.037353515625,255.7188262939453,336.4700012207031,83.48999786376953,272.6619567871094,669.2100219726562,123.54000091552734,221.06309509277344,384.37640380859375,210.72421264648438,135.9279022216797,23.75444221496582,725.510009765625,47.513465881347656,754.9500122070312,424.6199951171875,113.62797546386719,137.9865264892578
2026-07-13,317.03656005859375,59.197967529296875,112.102294921875,924.9594116210938,180.6236572265625,28.350000381469727,58.72999954223633,352.2835693359375,1040.8125,256.5049133300781,334.5299987792969,84.25,270.68597412109375,656.72998046875,124.02999877929688,219.87960815429688,390.2553405761719,203.30250549316406,137.0261688232422,24.059110641479492,711.739990234375,47.115535736083984,749.1699829101562,429.0899963378906,114.50586700439453,143.58029174804688
2026-07-14,314.58868408203125,60.31228256225586,111.12879180908203,920.2868041992188,180.18746948242188,28.709999084472656,59.18000030517578,359.2790832519531,1134.4439697265625,252.60418701171875,342.8900146484375,83.08000183105469,267.0419006347656,661.0399780273438,120.77999877929688,226.423583984375,384.20672607421875,211.5632781982422,134.01829528808594,23.833066940307617,719.6900024414062,47.29460525512695,751.8300170898438,425.19000244140625,113.4284439086914,144.15655517578125
2026-07-15,327.2178039550781,61.27735900878906,110.72150421142578,915.0850830078125,180.02886962890625,28.799999237060547,59.4900016784668,370.6817626953125,1146.455078125,245.8076934814453,346.9100036621094,82.44999694824219,263.080078125,681.3099975585938,123.61000061035156,227.2987823486328,394.8866271972656,212.26248168945312,133.9688262939453,24.393266677856445,717.739990234375,47.30455017089844,754.8099975585938,418.5199890136719,112.26124572753906,143.58029174804688
2026-07-16,332.97283935546875,61.1778678894043,112.09236145019531,944.0690307617188,182.26930236816406,28.6299991607666,59.38999938964844,354.2322998046875,1090.1209716796875,248.7432098388672,343.1499938964844,84.91999816894531,271.5299987792969,664.5399780273438,127.62999725341797,217.17449951171875,400.3463439941406,207.16818237304688,137.9562225341797,24.707763671875,705.9400024414062,46.836978912353516,750.719970703125,423.3800048828125,114.67546081542969,145.0110321044922
2026-07-17,333.452392578125,60.958984375,113.9499740600586,939.37646484375,185.75885009765625,28.75,59.45000076293945,346.5472412109375,1060.0283203125,251.7981414794922,341.1000061035156,81.55999755859375,265.820556640625,646.010009765625,127.5,214.32022094726562,393.08001708984375,202.58331298828125,135.67063903808594,24.61931037902832,695.3300170898438,46.74744415283203,743.2899780273438,426.0899963378906,113.96715545654297,146.41195678710938
2026-07-20,326.3085632324219,60.11329650878906,114.91354370117188,934.3145141601562,188.06869506835938,28.520000457763672,58.619998931884766,351.7638854980469,1049.8880615234375,247.59886169433594,338.8699951171875,82.12000274658203,265.7510986328125,645.8499755859375,124.4000015258789,209.78518676757812,401.53411865234375,203.05279541015625,134.0281982421875,24.32447052001953,696.0599975585938,46.15053939819336,742.0900268554688,421.54998779296875,111.9320297241211,147.40553283691406
2026-07-21,327.45758056640625,60.909236907958984,116.72148895263672,927.7449340820312,189.41693115234375,28.68000030517578,59.04999923706055,346.927001953125,1080.269287109375,249.3800811767578,345.2300109863281,81.97000122070312,262.0473937988281,643.8099975585938,126.26000213623047,215.2152862548828,397.00262451171875,207.0583038330078,133.57305908203125,24.51120376586914,708.969970703125,46.34950637817383,748.280029296875,436.3500061035156,110.12635803222656,150.73397827148438
2026-07-22,325.60919189453125,61.30720520019531,118.00293731689453,925.8380126953125,191.31039428710938,28.860000610351562,59.279998779296875,341.8702392578125,1092.84765625,254.3754425048828,348.2099914550781,82.19999694824219,261.7098083496094,627.1699829101562,127.47000122070312,217.3037872314453,389.6065673828125,211.82298278808594,134.2161865234375,24.393266677856445,705.3499755859375,47.42393112182617,747.4099731445312,431.30999755859375,109.06888580322266,153.4563446044922
2026-07-23,321.3828430175781,60.968929290771484,119.40359497070312,924.5899658203125,192.73794555664062,28.489999771118164,58.81999969482422,317.4859313964844,1069.4820556640625,257.99755859375,349.8999938964844,81.16999816894531,260.9452209472656,606.0999755859375,130.47999572753906,214.00196838378906,380.8630065917969,208.5266571044922,133.52359008789062,24.579999923706055,691.9600219726562,46.97625732421875,738.1799926757812,423.55999755859375,108.14111328125,155.88064575195312
2026-07-24,332.7330322265625,61.735023498535156,119.46320343017578,935.030029296875,193.104736328125,28.719999313354492,59.06999969482422,319.53460693359375,1056.057861328125,262.1072998046875,353.2099914550781,82.25,262.89141845703125,595.1900024414062,131.07000732421875,213.30580139160156,380.9828186035156,206.6088104248047,135.1957244873047,24.540000915527344,684.22998046875,52.1494140625,738.9299926757812,420.739990234375,109.20855712890625,155.93032836914062
2026-07-27,336.61968994140625,61.81461715698242,114.814208984375,951.5800170898438,188.35618591308594,28.8799991607666,59.38999938964844,326.3502197265625,1043.1212158203125,264.6448059082031,356.20001220703125,84.06999969482422,268.75970458984375,593.8699951171875,130.75999450683594,213.38536071777344,388.368896484375,196.2903594970703,138.3124237060547,24.670000076293945,682.1199951171875,51.264007568359375,739.0900268554688,417.6400146484375,111.47312927246094,153.7742919921875
2026-07-28,339.78692626953125,62.302127838134766,113.34400939941406,966.5800170898438,185.95712280273438,29.31999969482422,59.84000015258789,333.4956359863281,1028.3037109375,265.42095947265625,357.30999755859375,88.2699966430664,271.09307861328125,593.4099731445312,131.82000732421875,210.4216766357422,392.61090087890625,196.789794921875,141.3499755859375,25.25,675.489990234375,49.722007751464844,740.8599853515625,428.7900085449219,112.82987976074219,152.055419921875
2026-07-29,337.8985900878906,60.7599983215332,117.27777099609375,974.030029296875,190.20008850097656,29.110000610351562,59.290000915527344,336.49371337890625,975.9700927734375,264.2268371582031,344.7099914550781,89.08000183105469,269.6036682128906,585.6099853515625,130.36000061035156,202.0179443359375,389.8061828613281,189.79762268066406,141.98321533203125,25.149999618530273,661.72998046875,48.707271575927734,729.4600219726562,420.57000732421875,113.94721221923828,155.74154663085938
2026-07-30,333.1426696777344,61.416648864746094,118.24134826660156,954.1699829101562,190.6461944580078,29.81999969482422,59.790000915527344,333.4456787109375,1019.8650512695312,254.56451416015625,350.8500061035156,88.48999786376953,266.5454406738281,539.030029296875,129.7899932861328,208.91000366210938,450.2524108886719,194.82199096679688,138.7180938720703,24.90999984741211,683.5499877929688,48.65753173828125,741.6900024414062,421.4700012207031,110.83465576171875,155.96014404296875
2026-07-31,308.6438293457031,61.63553237915039,119.68174743652344,951.8900146484375,195.12709045410156,29.34000015258789,59.38999938964844,355.9012451171875,1013.4166870117188,255.09190368652344,351.7900085449219,87.58999633789062,268.72991943359375,556.7100219726562,130.1999969482422,210.4199981689453,463.8468017578125,200.52561950683594,138.08485412597656,25.010000228881836,687.989990234375,49.334022521972656,747.030029296875,414.3999938964844,110.93441772460938,154.4399871826172
2026-08-03,303.1585693359375,62.162841796875,118.37049102783203,954.0800170898438,191.5086669921875,29.399999618530273,59.650001525878906,373.27008056640625,1022.054443359375,253.1614227294922,352.6400146484375,86.86000061035156,263.35809326171875,590.239990234375,127.7699966430664,211.22999572753906,486.73370361328125,206.40904235839844,138.1541290283203,25.030000686645508,700.0700073242188,49.05546951293945,757.6699829101562,415.3599853515625,110.44558715820312,154.0624237060547
2026-08-04,309.1134033203125,62.580711364746094,117.1585693359375,947.8499755859375,188.75271606445312,30.1200008392334,60.0,377.40740966796875,1047.8480224609375,253.67886352539062,357.5199890136719,86.55999755859375,266.4461364746094,587.9400024414062,128.0,217.0399932861328,491.884033203125,211.70310974121094,137.62973022460938,25.40999984741211,723.8499755859375,50.547725677490234,771.3300170898438,407.54998779296875,111.28358459472656,152.96951293945312
2026-08-05,310.7320251464844,62.928932189941406,114.27778625488281,941.989990234375,184.7972412109375,30.139999389648438,60.779998779296875,362.1971740722656,1055.2119140625,256.3258056640625,359.239990234375,86.83000183105469,272.0661926269531,588.77001953125,128.3300018310547,218.27000427246094,486.5440673828125,218.9749755859375,137.3131103515625,25.809999465942383,717.2999877929688,49.65237045288086,769.7899780273438,412.75,112.07169342041016,150.6544952392578
2026-08-06,312.14080810546875,62.68020248413086,115.98638916015625,949.1500244140625,187.59283447265625,30.15999984741211,60.70000076293945,357.52020263671875,1027.54736328125,255.7188262939453,356.29998779296875,86.8499984741211,274.31024169921875,589.9000244140625,128.3699951171875,213.75,498.9207458496094,218.7452392578125,136.97669982910156,26.200000762939453,714.6500244140625,51.273956298828125,768.5599975585938,403.9700012207031,111.8023452758789,153.84384155273438
2026-08-07,313.05999755859375,62.849334716796875,116.83075714111328,947.8200073242188,184.94593811035156,30.40999984741211,61.29999923706055,354.0723876953125,1034.543212890625,257.96771240234375,357.5199890136719,87.05000305175781,272.5428161621094,592.0999755859375,128.5800018310547,216.3300018310547,499.0505065917969,223.70968627929688,137.55056762695312,26.760000228881836,723.030029296875,50.269168853759766,773.260009765625,407.0799865722656,111.58287048339844,152.055419921875
2026-08-10,308.260009765625,63.53583526611328,122.21484375,952.75,193.2237091064453,30.049999237060547,61.5,357.29034423828125,1029.468017578125,260.5251159667969,359.7900085449219,86.87000274658203,271.78814697265625,594.9199829101562,130.9199981689453,215.3300018310547,505.109130859375,217.3068389892578,136.27420043945312,27.049999237060547,720.8699951171875,52.92538833618164,773.030029296875,408.739990234375,112.39093780517578,158.76199340820312
2026-08-11,304.9100036621094,63.67512512207031,125.085693359375,944.3200073242188,194.9585723876953,29.950000762939453,61.5099983215332,343.5791320800781,1029.3685302734375,258.52496337890625,362.0400085449219,86.4800033569336,272.2151184082031,599.1199951171875,130.4199981689453,215.07000732421875,502.86334228515625,217.25689697265625,136.947021484375,26.6200008392334,718.4500122070312,53.40291213989258,770.5599975585938,402.19000244140625,112.989501953125,158.7719268798828
2026-08-12,302.25,64.48101043701172,126.45655822753906,949.5800170898438,194.8990936279297,29.889999389648438,61.77000045776367,343.3193359375,1032.1549072265625,259.5797424316406,365.17999267578125,86.70999908447266,273.75421142578125,578.8499755859375,132.9199981689453,217.63999938964844,491.5047302246094,223.8395233154297,137.23394775390625,26.309999465942383,723.7000122070312,52.33843231201172,772.489990234375,405.5899963378906,115.7329330444336,158.7222442626953
2026-08-13,305.260009765625,63.76466369628906,123.6949691772461,961.8499755859375,195.98956298828125,29.739999771118164,62.099998474121094,346.13751220703125,1037.5484619140625,260.79376220703125,363.1099853515625,87.41999816894531,270.3285217285156,594.969970703125,135.5500030517578,218.3800048828125,495.9463806152344,225.04818725585938,139.13365173339844,26.799999237060547,732.0700073242188,51.79127502441406,777.8800048828125,399.05999755859375,115.4436264038086,157.58958435058594
2026-08-14,305.92999267578125,64.16263580322266,125.93999481201172,961.0999755859375,198.26966857910156,29.649999618530273,62.22999954223633,345.67779541015625,1034.3541259765625,259.072265625,362.8399963378906,87.70999908447266,270.9044189453125,589.8499755859375,135.83999633789062,217.36000061035156,494.4691467285156,224.90834045410156,139.30184936523438,26.790000915527344,731.0700073242188,53.49244689941406,776.3400268554688,401.7300109863281,114.99469757080078,159.07000732421875
2026-08-17,305.5899963378906,63.56568145751953,127.55999755859375,953.5,200.94630432128906,29.549999237060547,62.18000030517578,343.7790222167969,1046.186279296875,261.0823669433594,360.9599914550781,86.9800033569336,263.6559753417969,568.969970703125,135.97000122070312,218.2100067138672,479.44744873046875,224.7584991455078,136.77882385253906,26.8700008392334,729.8699951171875,53.58198165893555,772.6699829101562,395.6199951171875,114.05694580078125,161.4600067138672
2026-08-18,310.0299987792969,63.903961181640625,129.72000122070312,961.3499755859375,203.9600067138672,29.610000610351562,61.58000183105469,343.9789123535156,1035.39892578125,269.7794494628906,363.25,88.81999969482422,265.10565185546875,543.6699829101562,135.1699981689453,217.5500030517578,480.72503662109375,219.49440002441406,138.64883422851562,27.25,717.510009765625,52.93533706665039,767.4500122070312,393.92999267578125,114.92486572265625,165.55999755859375
2026-08-19,316.8299865722656,62.849334716796875,130.5800018310547,956.989990234375,205.75999450683594,29.969999313354492,61.83000183105469,344.4985656738281,1016.6707763671875,272.06817626953125,357.260009765625,90.3499984741211,265.5624084472656,546.030029296875,152.1999969482422,214.22999572753906,483.3999938964844,217.31683349609375,141.07293701171875,28.239999771118164,716.0800170898438,53.27357864379883,769.0599975585938,388.6099853515625,114.02702331542969,164.77000427246094
2026-08-20,311.29998779296875,61.545989990234375,134.88999938964844,933.510009765625,205.77000427246094,29.75,61.77000045776367,340.451171875,997.0667724609375,266.0578308105469,351.54998779296875,90.5,267.2305603027344,545.8300170898438,148.99000549316406,207.4499969482422,481.1499938964844,216.60763549804688,140.57823181152344,27.790000915527344,710.9299926757812,53.27357864379883,762.5999755859375,384.8500061035156,103.59199523925781,166.14999389648438
2026-08-21,309.3500061035156,61.37685012817383,134.8699951171875,947.739990234375,205.27000427246094,30.139999389648438,62.36000061035156,344.5985107421875,1034.21484375,268.9137268066406,351.5799865722656,91.0999984741211,269.0377197265625,549.9000244140625,152.5500030517578,214.1999969482422,483.239990234375,214.48001098632812,141.9634246826172,28.06999969482422,713.4400024414062,53.59192657470703,765.719970703125,390.1099853515625,103.69999694824219,165.11000061035156
2026-08-24,310.3399963378906,62.01360321044922,133.35000610351562,971.4000244140625,203.08999633789062,30.059999465942383,62.119998931884766,347.83642578125,1031.2294921875,271.70001220703125,356.3900146484375,91.98999786376953,270.6164855957031,559.02001953125,150.66000366210938,214.0800018310547,487.30999755859375,208.24697875976562,143.14085388183594,27.969999313354492,706.3200073242188,53.72126007080078,763.469970703125,398.760009765625,106.48999786376953,164.0500030517578
2026-08-25,309.8999938964844,62.113094329833984,131.83999633789062,960.010009765625,199.88999938964844,30.43000030517578,62.63999938964844,346.73712158203125,1053.71923828125,273.1400146484375,356.69000244140625,91.63999938964844,266.20782470703125,570.0499877929688,156.4499969482422,216.77000427246094,491.7099914550781,212.81187438964844,140.76622009277344,28.56999969482422,710.719970703125,53.014923095703125,765.9099731445312,396.5899963378906,105.37999725341797,160.63999938964844
2026-08-26,313.45001220703125,61.91410827636719,130.61000061035156,956.1199951171875,200.2100067138672,30.149999618530273,62.22999954223633,341.7803039550781,1035.3890380859375,270.0,356.5,90.08000183105469,265.04608154296875,576.1400146484375,153.10000610351562,214.0800018310547,496.3699951171875,209.4256591796875,140.6870574951172,28.299999237060547,711.3699951171875,53.32332229614258,766.0800170898438,401.010009765625,104.33999633789062,158.19000244140625
2026-08-27,314.5799865722656,60.85948944091797,129.52000427246094,934.6599731445312,199.77000427246094,30.110000610351562,62.2599983215332,340.4311828613281,1035.7969970703125,265.7699890136719,354.2200012207031,89.05999755859375,258.2245788574219,571.0999755859375,149.5399932861328,214.86000061035156,505.05999755859375,227.7251739501953,138.2431640625,28.020000457763672,721.1099853515625,54.726043701171875,771.0999755859375,395.04998779296875,102.62999725341797,156.44000244140625
2026-08-28,319.70001220703125,62.00365447998047,130.35000610351562,945.469970703125,201.86000061035156,30.0,61.72999954223633,346.36737060546875,1028.9505615234375,268.0400085449219,357.6199951171875,89.66000366210938,263.12969970703125,578.02001953125,148.35000610351562,214.77000427246094,513.530029296875,217.3068389892578,139.5789031982422,27.959999084472656,716.4299926757812,57.03407287597656,769.3499755859375,392.95001220703125,103.08999633789062,156.7100067138672
2026-08-31,316.8500061035156,61.625579833984375,132.49000549316406,943.8900146484375,206.13999938964844,30.020000457763672,61.43000030517578,339.13201904296875,1020.9000244140625,265.8500061035156,356.0199890136719,88.66999816894531,261.6800231933594,572.3400268554688,147.75999450683594,213.32000732421875,507.2900085449219,220.53323364257812,138.8566131591797,28.459999084472656,716.760009765625,59.78976821899414,767.0499877929688,389.4100036621094,104.87000274658203,160.9499969482422
2026-09-01,325.1300048828125,61.675331115722656,136.19000244140625,939.9600219726562,211.0500030517578,29.68000030517578,60.599998474121094,334.8047790527344,1002.5599975585938,271.19000244140625,354.95001220703125,88.0,261.1099853515625,578.5399780273438,149.86000061035156,211.0399932861328,501.0199890136719,217.1969757080078,138.3124237060547,28.549999237060547,707.6400146484375,56.85499954223633,761.780029296875,396.29998779296875,105.91999816894531,164.5500030517578
2026-09-02,324.9599914550781,62.282230377197266,137.1999969482422,928.47998046875,211.77999877929688,30.030000686645508,61.27000045776367,336.9034423828125,1004.4199829101562,275.2099914550781,356.2200012207031,88.23999786376953,260.95001220703125,592.8499755859375,151.63999938964844,211.82000732421875,496.82000732421875,224.1591796875,139.0347137451172,29.020000457763672,709.239990234375,58.130001068115234,765.1599731445312,399.6600036621094,106.08999633789062,164.14999389648438
2026-09-03,328.2099914550781,62.71999740600586,135.72000122070312,925.4099731445312,211.32000732421875,30.3700008392334,62.470001220703125,342.260009765625,1037.9300537109375,278.42999267578125,362.05999755859375,88.80999755859375,259.6300048828125,610.6799926757812,152.33999633789062,217.14999389648438,510.1199951171875,228.1946563720703,138.54000854492188,28.809999465942383,717.6699829101562,57.40999984741211,773.1699829101562,400.94000244140625,108.41999816894531,162.2100067138672
2026-09-04,319.9700012207031,62.68000030517578,134.25999450683594,915.739990234375,208.60000610351562,30.229999542236328,62.040000915527344,338.4599914550781,1038.6099853515625,275.2300109863281,358.6400146484375,88.06999969482422,255.69000244140625,616.77001953125,150.3300018310547,217.72000122070312,499.70001220703125,230.10252380371094,137.6300048828125,28.450000762939453,718.9600219726562,57.5099983215332,770.1900024414062,397.1400146484375,107.13999938964844,159.47000122070312
2026-09-08,316.2200012207031,62.38999938964844,135.0399932861328,910.1799926757812,209.8000030517578,30.0,61.4900016784668,338.3599853515625,1036.530029296875,269.1199951171875,353.510009765625,88.36000061035156,255.80999755859375,613.47998046875,148.4600067138672,216.24000549316406,493.95001220703125,225.47769165039062,138.4499969482422,27.790000915527344,718.3599853515625,57.099998474121094,765.9600219726562,400.8399963378906,106.05000305175781,160.66000366210938
2026-09-09,315.3399963378906,62.66999816894531,136.52999877929688,902.5999755859375,213.80999755859375,29.6200008392334,60.9900016784668,330.6499938964844,1028.780029296875,267.0799865722656,354.7099914550781,87.55000305175781,253.47999572753906,653.6900024414062,147.52999877929688,215.35000610351562,491.6499938964844,223.4199981689453,136.69000244140625,27.780000686645508,716.3099975585938,57.04999923706055,762.4000244140625,393.05999755859375,105.83000183105469,164.22999572753906
2026-09-10,326.57000732421875,62.560001373291016,137.0399932861328,902.3800048828125,212.75999450683594,29.079999923706055,60.290000915527344,332.6000061035156,1019.77001953125,266.3500061035156,353.55999755859375,87.83000183105469,253.0500030517578,644.3800048828125,144.7100067138672,212.66000366210938,492.44000244140625,218.36000061035156,136.64999389648438,27.649999618530273,708.6900024414062,56.0099983215332,757.8300170898438,388.2799987792969,105.7300033569336,165.22999572753906
